UDI,Product ID,Type,air_temperature,process_temperature,rotational_speed,torque,tool_wear,Machine failure,TWF,HDF,PWF,OSF,RNF
1,L00001,L,297.0,306.4,1678,27.8,120,0,0,0,0,0,0
2,H00001,H,297.7,307.3,1539,33.8,138,0,0,0,0,0,0
3,M00001,M,300.8,309.8,1655,21.3,242,0,0,0,0,0,0
4,M00002,M,297.7,306.8,1356,39.3,102,0,0,0,0,0,0
5,L00002,L,302.2,312.6,1563,45.9,88,0,0,0,0,0,0
6,L00003,L,299.9,310.0,1412,26.5,237,0,0,0,0,0,0
7,L00004,L,300.2,310.7,1319,40.2,102,0,0,0,0,0,0
8,H00002,H,299.4,309.6,1383,32.0,23,0,0,0,0,0,0
9,M00003,M,301.5,312.2,1440,46.7,21,0,0,0,0,0,0
10,M00004,M,301.6,312.5,1760,16.9,170,1,0,0,1,0,0
11,L00005,L,300.7,309.0,1435,47.1,178,0,0,0,0,0,0
12,H00003,H,301.1,310.2,1310,21.8,239,1,1,0,1,0,0
13,H00004,H,299.6,309.4,1561,37.9,176,0,0,0,0,0,0
14,L00006,L,301.1,311.1,1543,32.9,121,0,0,0,0,0,0
15,L00007,L,299.3,308.6,1449,36.4,237,1,1,0,0,0,0
16,L00008,L,300.0,310.9,1509,24.7,119,0,0,0,0,0,0
17,L00009,L,299.5,311.5,1712,56.6,21,1,0,0,1,0,0
18,M00005,M,299.1,309.3,1658,27.1,78,0,0,0,0,0,0
19,L00010,L,298.6,308.7,1642,27.9,17,0,0,0,0,0,0
20,L00011,L,300.9,311.7,1326,57.9,43,0,0,0,0,0,0
21,M00006,M,302.6,310.7,2054,43.2,108,1,0,0,1,0,0
22,L00012,L,302.3,312.3,1726,27.5,31,0,0,0,0,0,0
23,L00013,L,297.5,308.5,1630,38.7,185,0,0,0,0,0,0
24,L00014,L,302.6,312.0,1329,37.6,55,0,0,0,0,0,0
25,L00015,L,299.4,308.2,1707,23.1,227,0,0,0,0,0,0
26,M00007,M,301.2,311.0,1448,32.4,73,0,0,0,0,0,0
27,L00016,L,298.2,308.1,1503,39.7,8,0,0,0,0,0,0
28,M00008,M,300.3,309.4,1237,52.7,190,0,0,0,0,0,0
29,M00009,M,300.6,312.7,1315,38.1,235,0,0,0,0,0,0
30,L00017,L,297.0,306.5,1616,38.9,88,0,0,0,0,0,0
31,M00010,M,301.2,310.0,1718,31.8,120,0,0,0,0,0,0
32,L00018,L,302.7,312.6,1660,51.0,131,0,0,0,0,0,0
33,L00019,L,299.7,310.6,1654,49.0,37,0,0,0,0,0,0
34,H00005,H,302.7,312.7,1526,47.9,237,0,0,0,0,0,0
35,H00006,H,299.6,310.1,1465,41.1,99,0,0,0,0,0,0
36,H00007,H,301.7,310.8,1589,24.0,249,0,0,0,0,0,0
37,L00020,L,295.6,307.1,1685,50.9,41,0,0,0,0,0,0
38,L00021,L,304.8,315.4,1538,40.6,228,0,0,0,0,0,0
39,M00011,M,303.0,314.0,1754,36.9,230,0,0,0,0,0,0
40,L00022,L,299.4,309.8,1499,44.5,134,0,0,0,0,0,0
41,L00023,L,296.1,306.9,1362,42.2,169,0,0,0,0,0,0
42,L00024,L,300.6,309.7,1536,29.3,117,0,0,0,0,0,0
43,L00025,L,297.1,306.6,1556,36.8,59,0,0,0,0,0,0
44,H00008,H,300.9,312.2,1523,21.0,89,1,0,0,1,0,0
45,L00026,L,300.8,312.4,1767,40.9,147,0,0,0,0,0,0
46,M00012,M,298.1,307.0,1682,53.3,190,1,0,0,1,0,0
47,L00027,L,302.2,312.4,1281,22.0,236,1,0,0,1,0,0
48,M00013,M,301.6,311.2,1812,41.3,123,0,0,0,0,0,0
49,M00014,M,302.0,311.3,1168,46.7,124,0,0,0,0,0,0
50,L00028,L,300.0,310.3,1923,48.2,110,1,0,0,1,0,0
51,H00009,H,297.2,308.3,1486,32.5,20,0,0,0,0,0,0
52,M00015,M,302.0,312.5,1504,29.0,126,0,0,0,0,0,0
53,H00010,H,299.5,309.2,1527,34.1,132,0,0,0,0,0,0
54,H00011,H,297.2,307.7,1606,51.9,120,0,0,0,0,0,0
55,M00016,M,302.7,312.3,1537,22.9,29,0,0,0,0,0,0
56,H00012,H,304.2,314.6,1514,27.8,62,0,0,0,0,0,0
57,L00029,L,299.9,311.3,1772,35.4,239,1,1,0,0,0,0
58,L00030,L,304.3,312.2,1639,30.2,186,0,0,0,0,0,0
59,L00031,L,300.2,311.0,1366,39.6,37,0,0,0,0,0,0
60,L00032,L,299.2,307.7,1670,54.1,163,1,0,0,1,0,0
61,L00033,L,298.7,309.9,1631,28.0,37,0,0,0,0,0,0
62,L00034,L,303.3,312.7,1440,38.5,22,0,0,0,0,0,0
63,H00013,H,298.4,307.2,1679,39.9,150,0,0,0,0,0,0
64,L00035,L,301.5,312.2,1509,36.7,57,0,0,0,0,0,0
65,L00036,L,298.9,309.3,1498,24.2,175,0,0,0,0,0,0
66,M00017,M,299.1,308.1,1493,33.6,242,0,0,0,0,0,0
67,L00037,L,302.1,310.8,1168,33.7,133,0,0,0,0,0,0
68,H00014,H,299.2,309.0,1443,46.3,106,0,0,0,0,0,0
69,L00038,L,299.2,308.0,1665,44.2,173,0,0,0,0,0,0
70,H00015,H,302.3,311.2,1533,24.5,86,0,0,0,0,0,0
71,M00018,M,303.2,313.3,1307,36.1,142,0,0,0,0,0,0
72,L00039,L,301.3,310.3,1710,35.0,0,0,0,0,0,0,0
73,L00040,L,298.7,309.1,1484,59.5,99,1,0,0,1,0,0
74,H00016,H,299.0,310.5,1319,42.9,230,0,0,0,0,0,0
75,M00019,M,300.2,310.1,1932,29.2,91,0,0,0,0,0,0
76,M00020,M,300.6,310.7,1349,32.2,201,0,0,0,0,0,0
77,M00021,M,298.0,310.0,1695,36.2,32,0,0,0,0,0,0
78,L00041,L,301.4,310.2,1400,43.6,109,0,0,0,0,0,0
79,L00042,L,300.2,311.4,1562,44.8,151,0,0,0,0,0,0
80,L00043,L,296.6,307.7,1376,42.0,69,0,0,0,0,0,0
81,H00017,H,298.1,309.0,1316,37.9,141,0,0,0,0,0,0
82,M00022,M,299.0,310.3,1631,38.6,245,0,0,0,0,0,0
83,L00044,L,299.9,310.2,1610,38.7,95,0,0,0,0,0,0
84,L00045,L,303.8,313.2,1742,22.2,82,0,0,0,0,0,0
85,L00046,L,300.5,311.6,1531,39.4,197,0,0,0,0,0,0
86,L00047,L,298.3,309.4,1935,34.2,83,0,0,0,0,0,0
87,M00023,M,300.4,311.5,1586,23.5,216,0,0,0,0,0,0
88,M00024,M,299.3,309.3,1639,64.2,124,1,0,0,1,0,0
89,H00018,H,300.6,309.9,1294,43.1,83,0,0,0,0,0,0
90,L00048,L,301.2,311.4,1428,40.1,165,0,0,0,0,0,0
91,L00049,L,302.4,313.3,1631,36.3,138,0,0,0,0,0,0
92,M00025,M,300.0,311.0,1522,47.3,190,0,0,0,0,0,0
93,M00026,M,303.3,312.9,1571,28.4,159,0,0,0,0,0,0
94,M00027,M,301.8,312.1,1391,36.9,156,0,0,0,0,0,0
95,M00028,M,298.6,307.3,1559,30.5,29,0,0,0,0,0,0
96,L00050,L,304.4,315.4,1559,47.2,156,0,0,0,0,0,0
97,M00029,M,300.7,309.9,1326,31.7,85,0,0,0,0,0,0
98,L00051,L,298.3,309.1,1653,51.0,138,0,0,0,0,0,0
99,L00052,L,303.3,312.2,1233,39.0,176,0,0,0,0,0,0
100,L00053,L,304.2,315.2,1570,47.7,211,0,0,0,0,0,0
101,L00054,L,299.9,310.2,1854,44.0,104,0,0,0,0,0,0
102,M00030,M,299.0,308.2,1659,50.6,77,0,0,0,0,0,0
103,L00055,L,299.7,310.4,1658,30.6,218,0,0,0,0,0,0
104,M00031,M,301.4,310.8,1377,49.1,191,0,0,0,0,0,0
105,H00019,H,302.6,313.3,1854,21.4,121,0,0,0,0,0,0
106,L00056,L,301.1,310.8,1784,40.4,165,0,0,0,0,0,0
107,L00057,L,300.2,308.5,1386,34.5,187,0,0,0,0,0,0
108,M00032,M,303.0,312.0,1453,26.0,195,0,0,0,0,0,0
109,L00058,L,299.4,309.0,1762,31.1,134,0,0,0,0,0,0
110,L00059,L,302.1,313.5,1859,33.6,93,0,0,0,0,0,0
111,L00060,L,299.4,310.3,1311,38.0,73,0,0,0,0,0,0
112,L00061,L,300.9,312.5,1358,34.8,134,0,0,0,0,0,0
113,H00020,H,299.8,311.5,1512,40.8,4,0,0,0,0,0,0
114,H00021,H,299.9,309.4,1168,31.7,195,0,0,0,0,0,0
115,M00033,M,299.2,309.0,1541,35.2,46,0,0,0,0,0,0
116,H00022,H,302.7,312.3,1750,37.1,35,0,0,0,0,0,0
117,H00023,H,298.5,307.8,1280,41.8,142,0,0,0,0,0,0
118,L00062,L,298.5,306.7,1560,48.5,38,0,0,0,0,0,0
119,H00024,H,304.2,314.2,1433,48.5,37,0,0,0,0,0,0
120,M00034,M,302.0,310.7,1831,42.4,35,0,0,0,0,0,0
121,H00025,H,295.2,305.2,1436,44.3,114,0,0,0,0,0,0
122,H00026,H,298.9,311.0,1809,43.1,1,0,0,0,0,0,0
123,L00063,L,296.4,305.9,1431,36.9,14,0,0,0,0,0,0
124,L00064,L,298.1,308.3,1676,49.0,83,0,0,0,0,0,0
125,L00065,L,293.7,304.6,1583,30.9,54,0,0,0,0,0,0
126,L00066,L,299.7,310.0,1513,19.5,225,1,0,0,1,0,0
127,H00027,H,297.7,308.0,1396,29.6,76,0,0,0,0,0,0
128,H00028,H,300.1,309.7,1595,54.0,187,1,0,0,1,0,0
129,L00067,L,296.7,306.5,1459,37.0,24,0,0,0,0,0,0
130,M00035,M,300.2,309.2,1414,42.7,13,0,0,0,0,0,0
131,L00068,L,299.2,310.0,1801,37.3,232,1,1,0,0,0,0
132,L00069,L,303.0,311.3,1636,45.6,239,0,0,0,0,0,0
133,L00070,L,302.8,313.8,1653,40.7,245,1,1,0,0,0,0
134,L00071,L,301.6,310.2,1467,39.3,136,0,0,0,0,0,0
135,H00029,H,299.3,310.3,1504,46.1,176,0,0,0,0,0,0
136,L00072,L,304.0,313.6,1493,35.3,117,0,0,0,0,0,0
137,M00036,M,296.9,305.7,1598,43.7,162,0,0,0,0,0,0
138,M00037,M,297.2,307.8,1652,38.3,213,0,0,0,0,0,0
139,L00073,L,299.8,310.7,1532,38.9,4,0,0,0,0,0,0
140,H00030,H,304.5,314.1,1396,31.8,235,0,0,0,0,0,0
141,H00031,H,299.6,310.3,1674,37.8,100,0,0,0,0,0,0
142,L00074,L,299.6,307.3,1543,34.6,205,0,0,0,0,0,0
143,L00075,L,297.1,305.8,1280,51.3,144,0,0,0,0,0,0
144,L00076,L,301.9,313.2,1168,23.2,68,1,0,0,1,0,0
145,L00077,L,301.9,311.7,1591,48.9,204,0,0,0,0,0,0
146,L00078,L,301.6,309.7,1389,22.6,53,1,0,0,1,0,0
147,M00038,M,298.7,308.0,1615,45.4,174,0,0,0,0,0,0
148,M00039,M,298.6,307.7,1399,31.6,222,0,0,0,0,0,0
149,L00079,L,297.4,307.2,1561,45.7,176,0,0,0,0,0,0
150,L00080,L,300.2,309.8,1470,38.8,73,0,0,0,0,0,0
151,H00032,H,297.8,308.0,1851,25.7,239,0,0,0,0,0,0
152,L00081,L,297.6,307.5,1708,53.6,61,1,0,0,1,0,0
153,L00082,L,299.2,310.6,1779,47.8,150,0,0,0,0,0,0
154,L00083,L,299.0,309.4,1542,45.0,92,0,0,0,0,0,0
155,H00033,H,298.9,309.4,1685,33.6,15,0,0,0,0,0,0
156,L00084,L,300.9,312.1,1554,48.1,208,0,0,0,0,0,0
157,M00040,M,300.2,309.8,1801,27.2,134,0,0,0,0,0,0
158,M00041,M,299.4,308.1,1525,17.7,42,1,0,0,1,0,0
159,L00085,L,300.4,311.6,1287,24.4,205,1,0,0,1,0,0
160,M00042,M,298.0,308.1,1180,30.8,171,0,0,0,0,0,0
161,L00086,L,300.2,310.3,1836,32.5,136,0,0,0,0,0,0
162,M00043,M,300.3,309.7,1623,35.7,70,0,0,0,0,0,0
163,M00044,M,297.0,306.4,1635,36.1,205,0,0,0,0,0,0
164,M00045,M,302.0,312.8,1804,33.5,79,0,0,0,0,0,0
165,L00087,L,298.2,309.2,1242,18.8,187,1,0,0,1,0,0
166,H00034,H,300.2,311.0,1473,41.9,137,0,0,0,0,0,0
167,L00088,L,302.3,313.1,1495,37.4,126,0,0,0,0,0,0
168,L00089,L,301.9,312.5,1670,33.0,123,0,0,0,0,0,0
169,L00090,L,300.1,310.2,1414,54.0,132,0,0,0,0,0,0
170,M00046,M,299.3,309.1,1322,37.6,50,0,0,0,0,0,0
171,M00047,M,301.9,313.1,1321,40.6,6,0,0,0,0,0,0
172,L00091,L,301.3,310.9,1743,48.0,21,0,0,0,0,0,0
173,M00048,M,298.8,309.2,1405,25.1,23,0,0,0,0,0,0
174,L00092,L,298.4,307.6,1439,39.8,125,0,0,0,0,0,0
175,M00049,M,295.9,305.2,1651,47.9,103,0,0,0,0,0,0
176,L00093,L,300.3,310.1,1412,39.1,41,0,0,0,0,0,0
177,M00050,M,299.8,309.0,1232,27.0,149,1,0,0,1,0,0
178,L00094,L,302.3,313.1,1254,35.2,246,1,1,0,0,0,0
179,H00035,H,300.7,309.4,1527,41.9,162,0,0,0,0,0,0
180,L00095,L,302.7,312.8,1627,18.9,237,1,1,0,1,0,0
181,L00096,L,298.6,308.7,1501,26.5,115,0,0,0,0,0,0
182,L00097,L,302.3,310.5,1615,59.7,182,1,0,0,1,0,0
183,H00036,H,298.9,308.5,1249,44.8,245,0,0,0,0,0,0
184,H00037,H,301.6,311.9,1261,54.8,130,0,0,0,0,0,0
185,L00098,L,297.1,307.5,1941,48.7,110,1,0,0,1,0,0
186,M00051,M,300.5,310.3,1758,43.9,105,0,0,0,0,0,0
187,H00038,H,296.0,306.7,1675,36.9,198,0,0,0,0,0,0
188,M00052,M,299.5,309.4,1419,43.8,18,0,0,0,0,0,0
189,M00053,M,300.9,310.9,1495,54.5,169,0,0,0,0,0,0
190,L00099,L,299.0,309.3,1537,48.3,173,0,0,0,0,0,0
191,L00100,L,297.9,308.8,1773,41.7,71,0,0,0,0,0,0
192,H00039,H,301.7,311.0,1610,38.3,124,0,0,0,0,0,0
193,H00040,H,299.8,309.3,1632,45.0,214,0,0,0,0,0,0
194,M00054,M,299.0,308.3,1507,34.7,147,0,0,0,0,0,0
195,L00101,L,300.1,309.8,1679,45.0,32,0,0,0,0,0,0
196,L00102,L,305.3,316.7,1592,33.0,133,0,0,0,0,0,0
197,M00055,M,302.3,312.9,1545,36.5,14,0,0,0,0,0,0
198,H00041,H,302.3,311.2,1404,29.7,68,0,0,0,0,0,0
199,H00042,H,300.9,310.3,1517,35.6,205,0,0,0,0,0,0
200,M00056,M,300.3,310.7,1344,33.2,200,0,0,0,0,0,0
201,M00057,M,295.2,304.3,1530,56.9,89,1,0,0,1,0,0
202,L00103,L,298.6,307.9,1553,31.1,223,0,0,0,0,0,0
203,L00104,L,299.0,310.3,1168,43.8,30,0,0,0,0,0,0
204,H00043,H,296.3,305.7,1496,30.5,5,0,0,0,0,0,0
205,M00058,M,297.7,308.7,1327,40.5,128,0,0,0,0,0,0
206,L00105,L,296.0,307.3,1627,42.9,146,0,0,0,0,0,0
207,L00106,L,299.9,309.2,1652,21.5,14,0,0,0,0,0,0
208,M00059,M,301.6,310.7,1461,26.0,33,0,0,0,0,0,0
209,L00107,L,302.2,311.9,1636,30.5,191,0,0,0,0,0,0
210,L00108,L,300.8,309.7,1643,27.0,82,0,0,0,0,0,0
211,M00060,M,298.1,308.2,1496,40.8,176,0,0,0,0,0,0
212,M00061,M,296.1,305.9,1812,42.4,202,0,0,0,0,0,0
213,M00062,M,296.5,306.9,1408,29.4,81,0,0,0,0,0,0
214,L00109,L,297.5,308.9,1801,41.2,215,1,1,0,0,0,0
215,M00063,M,298.2,309.0,1497,35.8,173,0,0,0,0,0,0
216,L00110,L,299.7,310.2,1387,39.0,50,0,0,0,0,0,0
217,L00111,L,298.0,306.0,1475,33.7,200,0,0,0,0,0,0
218,M00064,M,300.7,311.1,1341,44.9,10,0,0,0,0,0,0
219,M00065,M,299.5,311.2,1678,56.3,234,1,1,0,1,1,0
220,H00044,H,300.0,307.0,1251,47.7,3,1,0,1,0,0,0
221,M00066,M,302.3,313.0,1786,53.9,81,1,0,0,1,0,0
222,M00067,M,297.6,307.4,1370,26.0,235,1,1,0,0,0,0
223,L00112,L,300.8,310.0,1687,33.2,214,0,0,0,0,0,0
224,L00113,L,300.0,310.8,1542,45.7,40,0,0,0,0,0,0
225,L00114,L,299.3,311.0,1586,55.1,228,1,1,0,1,1,0
226,L00115,L,301.8,312.6,1432,46.5,191,0,0,0,0,0,0
227,H00045,H,301.8,311.4,1601,29.7,0,0,0,0,0,0,0
228,L00116,L,298.1,307.2,1562,35.7,216,0,0,0,0,0,0
229,H00046,H,299.6,309.7,1277,43.3,8,0,0,0,0,0,0
230,M00068,M,300.6,311.5,1365,38.4,166,0,0,0,0,0,0
231,M00069,M,299.5,309.1,1441,32.0,64,0,0,0,0,0,0
232,M00070,M,301.2,310.9,1402,37.1,115,0,0,0,0,0,0
233,M00071,M,300.6,313.4,1762,39.9,16,0,0,0,0,0,0
234,L00117,L,303.7,314.8,1539,29.2,66,0,0,0,0,0,0
235,L00118,L,296.9,308.1,1398,49.8,86,0,0,0,0,0,0
236,M00072,M,299.8,308.3,1450,35.6,0,0,0,0,0,0,0
237,L00119,L,298.2,307.5,1447,39.3,151,0,0,0,0,0,0
238,L00120,L,301.2,311.3,1486,50.4,204,0,0,0,0,0,0
239,M00073,M,296.8,305.8,1345,38.8,121,0,0,0,0,0,0
240,L00121,L,300.7,312.3,1392,49.8,147,0,0,0,0,0,0
241,H00047,H,298.7,310.1,1675,29.7,191,0,0,0,0,0,0
242,H00048,H,298.5,308.0,1571,44.3,147,0,0,0,0,0,0
243,H00049,H,297.1,308.9,1510,48.4,123,0,0,0,0,0,0
244,L00122,L,299.1,309.1,1538,31.7,203,0,0,0,0,0,0
245,L00123,L,302.2,314.8,1529,38.2,80,0,0,0,0,0,0
246,H00050,H,299.9,310.0,1500,38.4,84,0,0,0,0,0,0
247,L00124,L,301.3,311.9,1630,42.1,167,0,0,0,0,0,0
248,H00051,H,303.3,314.7,1617,44.7,215,0,0,0,0,0,0
249,H00052,H,300.5,311.8,1256,30.9,157,0,0,0,0,0,0
250,H00053,H,298.9,309.4,1514,39.4,150,0,0,0,0,0,0
251,L00125,L,300.9,310.8,1268,55.9,22,0,0,0,0,0,0
252,L00126,L,298.9,309.4,1651,50.5,119,0,0,0,0,0,0
253,H00054,H,299.0,308.2,1675,47.9,55,0,0,0,0,0,0
254,L00127,L,297.0,307.2,1428,38.1,46,0,0,0,0,0,0
255,L00128,L,301.9,310.8,1517,61.3,144,1,0,0,1,0,0
256,M00074,M,299.2,307.4,1168,50.3,1,1,0,1,0,0,0
257,H00055,H,300.4,310.5,1712,40.4,105,0,0,0,0,0,0
258,M00075,M,297.9,309.2,1665,42.2,215,0,0,0,0,0,0
259,M00076,M,300.9,311.8,1743,35.4,32,0,0,0,0,0,0
260,L00129,L,298.5,308.4,1804,43.9,248,1,1,0,0,0,0
261,M00077,M,299.7,311.4,1318,45.9,248,1,1,0,0,0,0
262,H00056,H,301.8,311.2,1696,47.0,236,0,0,0,0,0,0
263,L00130,L,301.6,309.7,1802,38.2,107,0,0,0,0,0,0
264,M00078,M,300.0,307.8,1270,25.3,14,1,0,1,1,0,0
265,H00057,H,296.5,305.3,1507,42.4,31,0,0,0,0,0,0
266,M00079,M,306.0,316.8,1472,47.1,105,0,0,0,0,0,0
267,M00080,M,303.5,312.9,1691,30.2,161,0,0,0,0,0,0
268,M00081,M,301.4,311.9,1168,39.1,187,0,0,0,0,0,0
269,L00131,L,298.5,310.1,1863,53.4,213,1,0,0,1,1,0
270,L00132,L,299.8,308.7,1517,28.0,30,0,0,0,0,0,0
271,H00058,H,298.9,309.4,1701,37.2,14,0,0,0,0,0,0
272,H00059,H,302.5,313.0,1527,54.9,147,0,0,0,0,0,0
273,H00060,H,300.5,309.6,1626,41.6,105,0,0,0,0,0,0
274,H00061,H,298.4,309.8,1168,34.7,214,0,0,0,0,0,0
275,M00082,M,299.1,308.8,1469,39.9,30,0,0,0,0,0,0
276,M00083,M,302.2,311.8,1689,48.3,1,0,0,0,0,0,0
277,M00084,M,303.2,315.3,1589,38.0,12,0,0,0,0,0,0
278,M00085,M,303.1,313.6,1245,46.0,233,1,1,0,0,0,0
279,M00086,M,301.5,312.4,1548,42.3,95,0,0,0,0,0,0
280,M00087,M,299.5,310.9,1391,43.2,112,0,0,0,0,0,0
281,H00062,H,293.5,302.8,1375,46.6,143,0,0,0,0,0,0
282,L00133,L,300.6,311.8,1265,37.1,14,0,0,0,0,0,0
283,L00134,L,300.0,309.5,1648,30.6,24,0,0,0,0,0,0
284,L00135,L,300.3,309.8,1737,44.7,75,0,0,0,0,0,0
285,M00088,M,300.1,309.8,1917,38.7,27,0,0,0,0,0,0
286,L00136,L,297.3,306.7,1274,35.5,104,0,0,0,0,0,0
287,L00137,L,301.1,311.9,1675,45.3,11,0,0,0,0,0,0
288,M00089,M,301.3,311.6,1687,52.8,120,1,0,0,1,0,0
289,L00138,L,301.4,310.9,1434,38.5,212,0,0,0,0,0,0
290,M00090,M,301.9,312.6,1373,40.1,203,0,0,0,0,0,0
291,L00139,L,301.2,310.9,1343,28.2,242,0,0,0,0,0,0
292,L00140,L,299.2,308.9,1443,37.8,181,0,0,0,0,0,0
293,H00063,H,299.9,309.9,1574,42.2,185,0,0,0,0,0,0
294,L00141,L,300.2,310.7,1781,39.8,112,0,0,0,0,0,0
295,L00142,L,300.2,310.6,1735,36.4,143,0,0,0,0,0,0
296,M00091,M,302.0,311.6,1248,47.3,189,0,0,0,0,0,0
297,M00092,M,301.3,312.1,1396,40.6,73,0,0,0,0,0,0
298,L00143,L,304.2,314.0,1770,65.9,247,1,0,0,1,1,0
299,M00093,M,304.4,313.7,1407,42.1,137,0,0,0,0,0,0
300,L00144,L,300.2,308.7,1527,12.5,243,1,0,0,1,0,0
301,L00145,L,292.3,303.3,1232,28.9,193,0,0,0,0,0,0
302,M00094,M,302.5,312.5,1744,45.3,90,0,0,0,0,0,0
303,M00095,M,298.9,309.1,1195,33.6,51,0,0,0,0,0,0
304,M00096,M,298.4,309.4,1243,34.2,29,0,0,0,0,0,0
305,M00097,M,299.2,308.7,1726,27.6,96,0,0,0,0,0,0
306,H00064,H,299.1,307.7,1881,35.2,15,0,0,0,0,0,0
307,M00098,M,301.2,311.3,1485,41.9,137,0,0,0,0,0,0
308,L00146,L,296.9,307.2,1529,43.9,142,0,0,0,0,0,0
309,M00099,M,297.8,307.5,1700,29.8,25,0,0,0,0,0,0
310,L00147,L,300.7,312.2,1589,48.1,188,0,0,0,0,0,0
311,L00148,L,301.2,308.7,1471,28.1,247,0,0,0,0,0,0
312,L00149,L,301.3,312.4,1451,44.4,14,0,0,0,0,0,0
313,L00150,L,298.4,309.2,1257,43.4,133,0,0,0,0,0,0
314,H00065,H,298.0,308.5,1579,30.7,208,0,0,0,0,0,0
315,H00066,H,299.0,305.7,1521,29.5,108,0,0,0,0,0,0
316,M00100,M,300.5,311.8,1459,43.8,128,0,0,0,0,0,0
317,L00151,L,303.0,312.0,1358,34.4,113,0,0,0,0,0,0
318,L00152,L,295.9,305.4,1376,38.1,86,0,0,0,0,0,0
319,L00153,L,299.6,309.4,1648,46.9,225,0,0,0,0,0,0
320,L00154,L,297.3,307.7,1695,44.8,162,0,0,0,0,0,0
321,M00101,M,296.7,307.3,1479,30.8,123,0,0,0,0,0,0
322,M00102,M,301.9,312.8,1460,39.5,106,0,0,0,0,0,0
323,M00103,M,301.1,311.9,1385,30.7,88,0,0,0,0,0,0
324,L00155,L,300.9,311.2,1705,48.7,128,0,0,0,0,0,0
325,H00067,H,301.8,312.2,1543,55.4,88,0,0,0,0,0,0
326,M00104,M,299.0,307.9,1603,31.5,37,0,0,0,0,0,0
327,M00105,M,299.1,308.3,1602,39.7,207,0,0,0,0,0,0
328,M00106,M,304.4,315.3,1482,49.2,238,0,0,0,0,0,0
329,L00156,L,299.5,310.3,1329,40.2,40,0,0,0,0,0,0
330,L00157,L,301.5,312.2,1359,45.6,139,0,0,0,0,0,0
331,L00158,L,300.0,309.5,1739,40.5,191,0,0,0,0,0,0
332,M00107,M,296.3,307.2,1408,29.4,137,0,0,0,0,0,0
333,L00159,L,295.9,304.7,1464,41.2,154,0,0,0,0,0,0
334,L00160,L,298.8,309.9,1334,51.3,247,1,1,0,0,1,0
335,L00161,L,302.1,311.8,1320,43.1,166,0,0,0,0,0,0
336,L00162,L,301.6,313.3,1400,56.2,233,1,1,0,0,1,0
337,H00068,H,301.8,310.3,1840,22.3,198,0,0,0,0,0,0
338,M00108,M,298.0,309.8,1655,43.8,69,0,0,0,0,0,0
339,L00163,L,303.2,312.8,1443,33.5,44,0,0,0,0,0,0
340,L00164,L,298.1,307.7,1731,31.2,10,0,0,0,0,0,0
341,L00165,L,300.4,310.6,1510,53.3,23,0,0,0,0,0,0
342,L00166,L,300.0,309.3,1780,37.4,56,0,0,0,0,0,0
343,L00167,L,299.7,309.6,1933,36.5,39,0,0,0,0,0,0
344,L00168,L,302.7,312.0,1722,43.4,88,0,0,0,0,0,0
345,L00169,L,298.6,307.9,1554,18.5,36,1,0,0,1,0,0
346,M00109,M,297.3,307.8,1663,53.5,2,1,0,0,1,0,0
347,M00110,M,300.0,309.1,1540,59.0,195,1,0,0,1,0,0
348,L00170,L,299.2,308.4,1209,49.2,67,0,0,0,0,0,0
349,L00171,L,306.8,315.4,1420,44.1,120,0,0,0,0,0,0
350,M00111,M,301.4,310.9,1367,37.8,232,0,0,0,0,0,0
351,M00112,M,299.2,310.5,1416,29.2,128,0,0,0,0,0,0
352,H00069,H,297.9,307.1,1859,51.9,93,1,0,0,1,0,0
353,M00113,M,296.2,305.5,1738,49.2,206,0,0,0,0,0,0
354,L00172,L,297.9,308.1,1616,44.5,44,0,0,0,0,0,0
355,L00173,L,300.2,309.8,1683,43.3,30,0,0,0,0,0,0
356,M00114,M,302.9,315.1,1199,43.0,36,0,0,0,0,0,0
357,L00174,L,302.2,312.0,1668,34.7,113,0,0,0,0,0,0
358,M00115,M,300.5,310.8,1706,65.0,196,1,0,0,1,1,0
359,H00070,H,299.4,310.3,1168,37.1,42,0,0,0,0,0,0
360,M00116,M,300.5,311.4,1674,35.7,84,0,0,0,0,0,0
361,L00175,L,299.0,309.2,1283,51.2,98,0,0,0,0,0,0
362,M00117,M,303.4,313.2,1185,39.7,3,0,0,0,0,0,0
363,L00176,L,299.6,311.6,1775,39.8,198,0,0,0,0,0,0
364,M00118,M,299.8,309.7,1357,54.1,121,0,0,0,0,0,0
365,H00071,H,295.6,305.2,1409,46.8,28,0,0,0,0,0,0
366,L00177,L,299.6,309.0,1715,47.3,99,0,0,0,0,0,0
367,H00072,H,301.7,310.0,1483,25.8,98,0,0,0,0,0,0
368,H00073,H,297.9,308.7,1505,44.0,95,0,0,0,0,0,0
369,L00178,L,298.5,306.2,1501,29.9,105,0,0,0,0,0,0
370,L00179,L,301.6,311.6,1600,35.5,243,0,0,0,0,0,0
371,L00180,L,297.0,306.8,1497,41.8,138,0,0,0,0,0,0
372,L00181,L,302.1,314.3,1558,39.6,241,1,1,0,0,0,0
373,L00182,L,298.9,307.1,1447,46.5,32,0,0,0,0,0,0
374,M00119,M,299.2,308.3,1600,47.7,180,0,0,0,0,0,0
375,L00183,L,297.8,307.7,1594,48.5,232,1,1,0,0,1,0
376,L00184,L,300.8,310.6,1877,26.6,120,0,0,0,0,0,0
377,H00074,H,304.9,314.4,1469,63.6,16,1,0,0,1,0,0
378,L00185,L,301.6,311.5,1505,39.8,139,0,0,0,0,0,0
379,H00075,H,298.3,307.0,1580,52.1,0,0,0,0,0,0,0
380,L00186,L,302.3,312.7,1710,14.9,183,1,0,0,1,0,0
381,L00187,L,299.4,307.1,1342,37.3,22,1,0,1,0,0,0
382,M00120,M,302.7,312.7,1556,25.4,6,0,0,0,0,0,0
383,M00121,M,301.6,311.0,1168,31.4,77,0,0,0,0,0,0
384,H00076,H,294.1,305.1,1489,40.5,168,0,0,0,0,0,0
385,M00122,M,298.0,309.8,1730,36.7,235,1,1,0,0,0,0
386,H00077,H,301.9,311.6,1408,53.1,52,0,0,0,0,0,0
387,L00188,L,300.3,311.7,1569,57.7,231,1,0,0,1,1,0
388,L00189,L,298.0,307.7,1443,30.3,6,0,0,0,0,0,0
389,M00123,M,298.7,307.7,1384,35.1,205,0,0,0,0,0,0
390,H00078,H,296.2,307.9,1711,29.7,97,0,0,0,0,0,0
391,H00079,H,299.8,310.3,1350,51.6,193,0,0,0,0,0,0
392,L00190,L,304.4,314.4,1590,41.6,83,0,0,0,0,0,0
393,L00191,L,301.6,312.3,1593,40.3,208,0,0,0,0,0,0
394,M00124,M,304.4,314.7,1385,43.1,73,0,0,0,0,0,0
395,L00192,L,301.8,311.7,1565,36.9,180,0,0,0,0,0,0
396,H00080,H,302.1,310.8,1370,31.4,4,0,0,0,0,0,0
397,H00081,H,303.9,313.6,1631,40.5,96,0,0,0,0,0,0
398,L00193,L,300.8,311.4,1302,37.3,100,0,0,0,0,0,0
399,M00125,M,299.6,309.5,1477,43.5,163,0,0,0,0,0,0
400,M00126,M,302.1,313.0,1492,23.7,43,0,0,0,0,0,0
401,L00194,L,302.9,313.3,1737,41.9,109,0,0,0,0,0,0
402,H00082,H,299.0,308.1,1563,33.1,121,0,0,0,0,0,0
403,M00127,M,298.6,307.3,1708,41.5,138,0,0,0,0,0,0
404,H00083,H,300.3,310.1,1637,49.1,191,0,0,0,0,0,0
405,L00195,L,301.7,311.2,1636,34.4,148,0,0,0,0,0,0
406,H00084,H,301.6,311.9,1478,52.0,131,0,0,0,0,0,0
407,L00196,L,297.2,306.5,1720,22.6,88,0,0,0,0,0,0
408,L00197,L,303.8,313.2,1474,55.4,232,1,1,0,0,1,0
409,H00085,H,298.7,309.8,1228,52.4,34,0,0,0,0,0,0
410,L00198,L,299.5,309.6,1499,31.1,34,0,0,0,0,0,0
411,L00199,L,298.2,307.5,1619,31.2,34,0,0,0,0,0,0
412,H00086,H,305.4,315.4,1250,25.1,166,1,0,0,1,0,0
413,H00087,H,300.5,311.9,1379,49.2,32,0,0,0,0,0,0
414,M00128,M,298.3,308.6,1317,36.7,76,0,0,0,0,0,0
415,M00129,M,301.7,312.3,1678,36.0,67,0,0,0,0,0,0
416,L00200,L,301.5,310.7,1837,28.8,120,0,0,0,0,0,0
417,L00201,L,299.6,310.6,1500,58.1,171,1,0,0,1,0,0
418,L00202,L,301.7,314.0,1633,30.3,231,0,0,0,0,0,0
419,M00130,M,298.3,307.5,1628,40.2,50,0,0,0,0,0,0
420,M00131,M,299.0,307.8,1816,42.2,247,0,0,0,0,0,0
421,M00132,M,296.0,306.2,1421,36.0,37,0,0,0,0,0,0
422,M00133,M,297.4,308.3,1498,34.0,41,0,0,0,0,0,0
423,L00203,L,303.6,313.5,1477,36.3,172,0,0,0,0,0,0
424,L00204,L,303.3,312.2,1551,45.7,29,0,0,0,0,0,0
425,L00205,L,300.1,310.0,1986,36.5,218,0,0,0,0,0,0
426,M00134,M,303.3,313.9,1543,56.3,162,1,0,0,1,0,0
427,L00206,L,299.7,309.3,1385,32.2,27,0,0,0,0,0,0
428,H00088,H,299.5,310.1,1331,47.5,168,0,0,0,0,0,0
429,L00207,L,300.1,311.3,1762,22.4,105,0,0,0,0,0,0
430,L00208,L,299.8,310.0,1384,32.2,172,0,0,0,0,0,0
431,L00209,L,299.6,309.6,1656,31.8,47,0,0,0,0,0,0
432,M00135,M,302.3,313.1,1416,29.0,54,0,0,0,0,0,0
433,M00136,M,300.3,309.4,1311,42.8,135,0,0,0,0,0,0
434,L00210,L,301.4,310.4,1646,38.9,153,0,0,0,0,0,0
435,L00211,L,302.1,311.8,1425,17.2,106,1,0,0,1,0,0
436,M00137,M,300.8,310.3,1614,60.0,225,1,0,0,1,1,0
437,L00212,L,298.1,307.3,1627,41.8,124,0,0,0,0,0,0
438,H00089,H,297.3,309.1,1635,40.0,114,0,0,0,0,0,0
439,M00138,M,300.3,312.5,1490,53.1,156,0,0,0,0,0,0
440,L00213,L,299.7,309.3,1660,49.9,54,0,0,0,0,0,0
441,L00214,L,300.2,310.3,1372,37.0,193,0,0,0,0,0,0
442,H00090,H,300.0,309.8,1168,20.5,69,1,0,0,1,0,0
443,L00215,L,305.2,316.3,1664,45.6,47,0,0,0,0,0,0
444,L00216,L,297.3,308.6,1567,30.4,207,0,0,0,0,0,0
445,H00091,H,296.0,304.2,1428,52.4,6,0,0,0,0,0,0
446,H00092,H,300.7,311.2,1274,32.2,74,0,0,0,0,0,0
447,H00093,H,299.2,307.9,1173,35.5,122,0,0,0,0,0,0
448,M00139,M,300.6,312.4,1547,26.6,79,0,0,0,0,0,0
449,L00217,L,301.2,311.6,1833,27.4,133,0,0,0,0,0,0
450,L00218,L,302.6,311.8,1513,38.9,164,0,0,0,0,0,0
451,M00140,M,297.0,306.8,1473,38.0,136,0,0,0,0,0,0
452,M00141,M,298.9,308.6,1533,35.2,2,0,0,0,0,0,0
453,L00219,L,300.9,311.4,1928,60.5,180,1,0,0,1,0,0
454,H00094,H,301.5,312.5,1672,46.0,92,0,0,0,0,0,0
455,L00220,L,304.4,313.3,1370,40.1,116,0,0,0,0,0,0
456,L00221,L,301.9,313.7,1543,12.4,135,1,0,0,1,0,0
457,L00222,L,299.9,311.5,1597,48.3,167,0,0,0,0,0,0
458,L00223,L,298.2,307.3,1348,69.9,16,1,0,0,1,0,0
459,L00224,L,298.9,309.0,1673,38.1,125,0,0,0,0,0,0
460,L00225,L,298.8,310.5,1391,31.9,229,0,0,0,0,0,0
461,L00226,L,301.3,312.5,1267,41.6,107,0,0,0,0,0,0
462,M00142,M,300.5,310.2,1551,25.7,197,0,0,0,0,0,0
463,M00143,M,297.4,308.2,1523,44.6,46,0,0,0,0,0,0
464,M00144,M,299.1,312.1,1537,55.0,10,0,0,0,0,0,0
465,H00095,H,301.8,311.9,1401,33.3,137,0,0,0,0,0,0
466,L00227,L,300.7,310.1,1426,33.6,60,0,0,0,0,0,0
467,L00228,L,301.1,311.3,1739,39.2,129,0,0,0,0,0,0
468,H00096,H,300.8,311.0,1616,35.0,244,1,1,0,0,0,0
469,L00229,L,303.3,312.8,1366,24.9,156,0,0,0,0,0,0
470,H00097,H,300.5,310.9,1188,36.1,69,0,0,0,0,0,0
471,L00230,L,299.2,307.9,1374,34.1,50,0,0,0,0,0,0
472,H00098,H,298.2,307.5,1566,53.7,240,0,0,0,0,0,0
473,L00231,L,300.5,311.3,1424,51.6,72,0,0,0,0,0,0
474,H00099,H,295.1,303.3,1410,54.0,127,0,0,0,0,0,0
475,M00145,M,299.6,310.5,1432,48.0,193,0,0,0,0,0,0
476,H00100,H,299.6,307.6,1524,42.1,67,0,0,0,0,0,0
477,L00232,L,297.3,305.6,1678,31.3,56,0,0,0,0,0,0
478,M00146,M,298.1,307.6,1537,53.3,168,0,0,0,0,0,0
479,H00101,H,301.6,311.9,1549,43.5,231,0,0,0,0,0,0
480,M00147,M,300.5,311.8,1497,27.5,93,0,0,0,0,0,0
481,M00148,M,300.2,310.3,1448,30.9,191,0,0,0,0,0,0
482,M00149,M,300.6,310.4,1698,27.4,131,0,0,0,0,0,0
483,L00233,L,300.2,310.8,1670,19.5,128,1,0,0,1,0,0
484,M00150,M,302.5,311.6,1904,43.9,234,0,0,0,0,0,0
485,M00151,M,300.2,310.3,1647,27.6,202,0,0,0,0,0,0
486,H00102,H,297.1,305.9,1448,32.4,6,0,0,0,0,0,0
487,L00234,L,303.3,313.4,1376,40.4,81,0,0,0,0,0,0
488,L00235,L,300.7,310.6,1708,38.1,135,0,0,0,0,0,0
489,H00103,H,298.8,308.0,1392,32.9,93,0,0,0,0,0,0
490,H00104,H,297.5,307.7,1682,55.2,78,1,0,0,1,0,0
491,L00236,L,300.8,311.0,1401,24.7,185,0,0,0,0,0,0
492,M00152,M,299.8,311.0,1600,25.2,9,0,0,0,0,0,0
493,L00237,L,303.1,311.5,1348,44.6,109,1,0,1,0,0,0
494,L00238,L,299.3,309.2,1677,33.7,193,0,0,0,0,0,0
495,L00239,L,298.3,307.5,1317,33.3,105,0,0,0,0,0,0
496,L00240,L,301.8,312.7,1586,29.2,114,0,0,0,0,0,0
497,M00153,M,301.9,312.7,1502,43.4,206,0,0,0,0,0,0
498,L00241,L,300.3,310.8,1556,42.3,149,0,0,0,0,0,0
499,H00105,H,301.4,310.7,1467,41.2,179,0,0,0,0,0,0
500,H00106,H,299.9,310.8,1462,34.2,225,0,0,0,0,0,0
501,M00154,M,300.5,309.0,1565,32.5,176,0,0,0,0,0,0
502,M00155,M,302.3,310.6,1358,38.4,66,1,0,1,0,0,0
503,L00242,L,301.3,310.0,1357,49.7,3,0,0,0,0,0,0
504,H00107,H,299.7,309.7,1473,55.7,88,0,0,0,0,0,0
505,M00156,M,302.7,313.4,1466,51.1,184,0,0,0,0,0,0
506,L00243,L,295.3,302.3,1358,45.1,68,1,0,1,0,0,0
507,H00108,H,304.1,315.4,1703,49.8,203,0,0,0,0,0,0
508,H00109,H,296.6,306.7,1478,28.2,52,0,0,0,0,0,0
509,H00110,H,298.7,307.1,1497,32.9,182,0,0,0,0,0,0
510,M00157,M,299.9,310.0,1300,45.2,151,0,0,0,0,0,0
511,M00158,M,299.7,310.8,1908,38.8,82,0,0,0,0,0,0
512,L00244,L,302.0,312.6,1972,43.4,223,0,0,0,0,0,0
513,H00111,H,297.9,309.0,1398,49.8,126,0,0,0,0,0,0
514,H00112,H,300.5,309.1,1757,48.2,139,0,0,0,0,0,0
515,L00245,L,298.8,308.4,1521,29.1,228,0,0,0,0,0,0
516,L00246,L,300.6,309.7,1825,40.1,182,0,0,0,0,0,0
517,L00247,L,299.9,311.6,1598,30.8,46,0,0,0,0,0,0
518,H00113,H,300.2,310.8,1555,32.2,26,0,0,0,0,0,0
519,H00114,H,298.9,311.7,1168,22.9,145,1,0,0,1,0,0
520,L00248,L,299.0,308.5,1380,41.3,216,0,0,0,0,0,0
521,M00159,M,300.6,309.9,1541,22.2,50,0,0,0,0,0,0
522,L00249,L,301.9,311.8,1573,43.9,86,0,0,0,0,0,0
523,H00115,H,298.8,310.2,1320,53.6,187,0,0,0,0,0,0
524,H00116,H,298.3,307.9,1407,45.3,184,0,0,0,0,0,0
525,H00117,H,301.2,311.3,1637,40.5,120,0,0,0,0,0,0
526,L00250,L,299.9,310.0,1290,55.3,66,0,0,0,0,0,0
527,L00251,L,301.7,311.7,1561,43.3,1,0,0,0,0,0,0
528,L00252,L,298.2,307.5,1759,31.4,138,0,0,0,0,0,0
529,L00253,L,296.4,306.3,1606,41.3,237,0,0,0,0,0,0
530,H00118,H,298.9,308.7,1598,59.6,244,1,1,0,1,1,0
531,H00119,H,298.5,308.5,1176,29.1,100,0,0,0,0,0,0
532,H00120,H,299.8,310.7,1390,26.2,221,0,0,0,0,0,0
533,H00121,H,298.7,310.5,1905,46.1,140,1,0,0,1,0,0
534,M00160,M,301.5,310.7,1430,37.8,167,0,0,0,0,0,0
535,M00161,M,299.4,309.0,1764,34.7,133,0,0,0,0,0,0
536,H00122,H,300.3,309.5,1428,27.4,11,0,0,0,0,0,0
537,H00123,H,300.3,310.5,1488,20.5,230,1,0,0,1,0,0
538,L00254,L,300.4,309.9,1630,25.4,42,0,0,0,0,0,0
539,L00255,L,300.0,310.2,1556,56.1,71,1,0,0,1,0,0
540,L00256,L,301.0,312.1,1606,39.9,72,0,0,0,0,0,0
541,H00124,H,298.4,305.9,1391,20.4,3,1,0,0,1,0,0
542,M00162,M,302.8,313.3,1334,51.8,164,0,0,0,0,0,0
543,L00257,L,299.5,309.0,1379,52.3,163,0,0,0,0,0,0
544,M00163,M,297.4,307.9,1442,52.3,31,0,0,0,0,0,0
545,M00164,M,300.4,309.5,1496,35.8,184,0,0,0,0,0,0
546,L00258,L,298.3,309.5,1723,37.3,139,0,0,0,0,0,0
547,L00259,L,301.3,312.2,1553,41.4,145,0,0,0,0,0,0
548,M00165,M,304.4,315.0,1624,54.0,188,1,0,0,1,0,0
549,M00166,M,298.4,309.2,1563,34.5,30,0,0,0,0,0,0
550,M00167,M,300.7,310.0,1338,32.5,238,1,1,0,0,0,0
551,M00168,M,296.5,305.9,1541,47.0,167,0,0,0,0,0,0
552,H00125,H,300.9,311.7,1561,52.1,106,0,0,0,0,0,0
553,M00169,M,298.2,307.4,1674,39.5,173,0,0,0,0,0,0
554,M00170,M,298.8,310.2,1346,46.7,166,0,0,0,0,0,0
555,H00126,H,297.8,307.5,1172,41.1,62,0,0,0,0,0,0
556,L00260,L,301.5,312.0,1569,37.5,220,0,0,0,0,0,0
557,L00261,L,302.0,314.1,1601,31.7,239,1,1,0,0,0,0
558,L00262,L,300.0,309.3,1505,28.5,54,0,0,0,0,0,0
559,M00171,M,298.3,308.4,1543,33.9,39,0,0,0,0,0,0
560,M00172,M,303.2,314.3,1695,30.2,156,0,0,0,0,0,0
561,M00173,M,298.5,309.5,1455,42.8,218,0,0,0,0,0,0
562,L00263,L,295.7,305.4,1488,52.2,138,0,0,0,0,0,0
563,L00264,L,300.9,310.4,1552,42.0,96,0,0,0,0,0,0
564,L00265,L,297.8,307.6,1319,30.8,240,0,0,0,0,0,0
565,L00266,L,302.0,313.4,1510,48.6,38,0,0,0,0,0,0
566,M00174,M,299.2,308.9,1526,43.0,209,0,0,0,0,0,0
567,L00267,L,301.2,311.3,1831,44.9,171,0,0,0,0,0,0
568,L00268,L,302.8,312.4,1484,34.8,19,0,0,0,0,0,0
569,H00127,H,297.6,308.3,1573,51.3,219,0,0,0,0,0,0
570,L00269,L,298.9,309.1,1702,51.3,213,1,0,0,1,0,0
571,M00175,M,299.8,308.8,1388,38.2,95,0,0,0,0,0,0
572,M00176,M,303.1,312.1,1784,47.2,84,0,0,0,0,0,0
573,L00270,L,298.7,306.7,1853,51.0,100,1,0,0,1,0,0
574,M00177,M,298.8,308.0,1532,35.3,26,0,0,0,0,0,0
575,H00128,H,301.0,311.8,1441,39.2,37,0,0,0,0,0,0
576,H00129,H,298.8,310.1,1829,40.8,217,0,0,0,0,0,0
577,L00271,L,300.3,311.0,1680,29.0,86,0,0,0,0,0,0
578,H00130,H,296.9,307.5,1552,44.4,97,0,0,0,0,0,0
579,L00272,L,304.4,314.3,1793,50.2,75,1,0,0,1,0,0
580,L00273,L,297.3,308.1,1774,38.6,10,0,0,0,0,0,0
581,L00274,L,299.4,309.7,1477,43.4,163,0,0,0,0,0,0
582,H00131,H,299.9,311.7,1582,54.0,159,0,0,0,0,0,0
583,L00275,L,303.8,313.7,1641,35.9,230,0,0,0,0,0,0
584,L00276,L,297.4,308.7,1543,43.6,228,1,1,0,0,0,0
585,M00178,M,304.0,314.9,1289,34.3,106,0,0,0,0,0,0
586,L00277,L,301.5,312.2,1370,34.0,189,0,0,0,0,0,0
587,L00278,L,300.8,308.8,1294,43.4,123,1,0,1,0,0,0
588,L00279,L,298.0,308.9,1626,42.4,15,0,0,0,0,0,0
589,L00280,L,301.1,311.0,1326,45.6,41,0,0,0,0,0,0
590,L00281,L,298.6,308.2,1572,40.8,158,0,0,0,0,0,0
591,L00282,L,302.5,311.0,1865,44.7,232,0,0,0,0,0,0
592,M00179,M,298.1,308.1,1793,56.7,69,1,0,0,1,0,0
593,L00283,L,299.8,309.8,1209,50.6,12,0,0,0,0,0,0
594,L00284,L,298.9,307.6,1309,43.4,35,0,0,0,0,0,0
595,H00132,H,298.0,306.5,1399,45.0,74,0,0,0,0,0,0
596,L00285,L,301.5,312.0,1328,37.0,138,0,0,0,0,0,0
597,M00180,M,301.1,312.0,1241,38.4,123,0,0,0,0,0,0
598,L00286,L,302.4,312.6,1536,44.9,125,0,0,0,0,0,0
599,L00287,L,296.4,307.6,1664,40.9,47,0,0,0,0,0,0
600,L00288,L,302.1,312.0,1708,47.9,249,1,1,0,0,1,0
601,L00289,L,305.0,314.9,1453,52.7,147,0,0,0,0,0,0
602,L00290,L,299.1,308.2,1489,39.0,156,0,0,0,0,0,0
603,L00291,L,303.8,312.2,1601,19.9,18,1,0,0,1,0,0
604,L00292,L,299.5,311.4,1518,60.3,124,1,0,0,1,0,0
605,L00293,L,297.3,308.4,1683,33.5,221,1,1,0,0,0,0
606,L00294,L,299.4,308.0,1615,42.0,133,0,0,0,0,0,0
607,L00295,L,302.1,312.3,1470,47.3,55,0,0,0,0,0,0
608,L00296,L,298.3,308.2,1205,54.1,208,1,0,0,0,1,0
609,M00181,M,298.8,308.5,1806,58.1,126,1,0,0,1,0,0
610,M00182,M,301.2,310.8,1415,36.4,209,1,1,0,0,0,0
611,L00297,L,300.0,310.4,1602,51.9,99,0,0,0,0,0,0
612,M00183,M,301.2,312.0,1194,42.0,118,0,0,0,0,0,0
613,M00184,M,300.5,310.9,1535,67.4,145,1,0,0,1,0,0
614,L00298,L,301.0,310.9,1555,51.0,234,1,0,0,0,1,0
615,H00133,H,299.1,308.9,1564,38.2,203,0,0,0,0,0,0
616,H00134,H,300.5,311.4,2077,32.1,41,0,0,0,0,0,0
617,L00299,L,298.1,308.6,1425,13.7,59,1,0,0,1,0,0
618,L00300,L,302.6,312.7,1684,46.7,55,0,0,0,0,0,0
619,H00135,H,298.7,308.7,1631,50.1,2,0,0,0,0,0,0
620,M00185,M,302.3,312.6,1416,47.5,238,1,1,0,0,0,0
621,L00301,L,299.5,309.0,1682,16.5,209,1,0,0,1,0,0
622,L00302,L,300.4,311.2,1508,27.4,207,0,0,0,0,0,0
623,L00303,L,299.0,307.9,1694,44.8,166,0,0,0,0,0,0
624,L00304,L,298.0,307.6,1889,57.9,42,1,0,0,1,0,0
625,M00186,M,296.5,307.1,1564,39.4,155,0,0,0,0,0,0
626,L00305,L,297.9,306.8,1487,50.9,169,0,0,0,0,0,0
627,L00306,L,299.4,307.8,1726,29.7,136,0,0,0,0,0,0
628,M00187,M,300.4,310.5,1788,42.1,83,0,0,0,0,0,0
629,L00307,L,302.0,310.3,1379,37.3,17,1,0,1,0,0,0
630,L00308,L,299.1,307.8,1456,51.9,88,0,0,0,0,0,0
631,M00188,M,298.2,309.0,1658,34.6,249,1,1,0,0,0,0
632,H00136,H,297.1,306.9,1514,56.8,20,1,0,0,1,0,0
633,M00189,M,301.0,312.3,1367,36.9,236,0,0,0,0,0,0
634,M00190,M,302.8,311.6,1634,29.3,153,0,0,0,0,0,0
635,L00309,L,302.5,312.4,1658,29.6,22,0,0,0,0,0,0
636,L00310,L,301.4,311.8,1478,33.8,137,0,0,0,0,0,0
637,M00191,M,301.3,310.1,1548,43.7,244,1,1,0,0,0,0
638,L00311,L,303.4,314.4,1434,33.9,171,0,0,0,0,0,0
639,L00312,L,300.7,311.2,1341,31.8,12,0,0,0,0,0,0
640,L00313,L,301.3,309.7,1449,48.9,180,0,0,0,0,0,0
641,L00314,L,299.4,309.4,1551,7.9,245,1,0,0,1,0,0
642,L00315,L,297.3,307.7,1273,35.7,36,0,0,0,0,0,0
643,L00316,L,298.6,308.0,1462,26.7,183,0,0,0,0,0,0
644,L00317,L,300.0,308.5,1553,31.3,186,0,0,0,0,0,0
645,L00318,L,300.1,310.4,1751,42.4,139,0,0,0,0,0,0
646,H00137,H,303.9,316.1,1482,37.9,227,0,0,0,0,0,0
647,M00192,M,300.2,309.8,1314,37.0,2,0,0,0,0,0,0
648,M00193,M,302.4,314.0,1500,51.9,141,0,0,0,0,0,0
649,M00194,M,299.1,308.3,1436,39.9,162,0,0,0,0,0,0
650,L00319,L,299.4,309.6,1636,58.1,97,1,0,0,1,0,0
651,L00320,L,297.3,308.1,1477,47.1,231,1,1,0,0,0,0
652,M00195,M,298.5,308.5,1168,30.3,92,0,0,0,0,0,0
653,M00196,M,301.1,310.8,2198,59.3,157,1,0,0,1,0,0
654,M00197,M,300.0,310.7,1563,42.8,70,0,0,0,0,0,0
655,L00321,L,301.9,313.8,1553,58.7,117,1,0,0,1,0,0
656,L00322,L,300.4,310.7,1262,37.3,193,0,0,0,0,0,0
657,L00323,L,299.3,308.8,1275,42.7,145,0,0,0,0,0,0
658,L00324,L,304.3,314.1,1521,44.3,25,0,0,0,0,0,0
659,M00198,M,299.8,312.3,1598,38.3,208,0,0,0,0,0,0
660,M00199,M,302.3,312.4,1663,52.7,173,1,0,0,1,0,0
661,L00325,L,299.2,308.6,1580,59.3,139,1,0,0,1,0,0
662,H00138,H,301.4,310.3,1325,17.1,185,1,0,0,1,0,0
663,M00200,M,301.9,310.1,1168,48.1,241,1,0,1,0,0,0
664,L00326,L,300.4,310.8,1520,31.1,56,0,0,0,0,0,0
665,L00327,L,295.3,306.0,1442,14.1,159,1,0,0,1,0,0
666,L00328,L,300.0,309.6,1311,45.2,112,0,0,0,0,0,0
667,L00329,L,302.5,312.5,1686,45.2,220,0,0,0,0,0,0
668,L00330,L,301.1,309.9,1255,46.8,239,1,0,0,0,1,0
669,L00331,L,300.9,311.0,1648,43.7,63,0,0,0,0,0,0
670,L00332,L,296.6,307.1,1285,48.8,201,0,0,0,0,0,0
671,L00333,L,298.6,308.1,1562,34.0,227,0,0,0,0,0,0
672,H00139,H,300.8,312.5,1705,42.6,65,0,0,0,0,0,0
673,L00334,L,300.8,310.0,1477,47.0,164,0,0,0,0,0,0
674,M00201,M,302.4,312.7,1840,53.5,141,1,0,0,1,0,0
675,L00335,L,299.7,310.5,1881,40.4,137,0,0,0,0,0,0
676,H00140,H,300.8,310.7,1580,37.9,103,0,0,0,0,0,0
677,L00336,L,300.0,309.8,1634,39.4,192,0,0,0,0,0,0
678,L00337,L,298.0,306.6,1727,28.1,63,0,0,0,0,0,0
679,H00141,H,295.5,306.9,1635,47.7,168,0,0,0,0,0,0
680,H00142,H,300.9,310.7,1616,25.4,118,0,0,0,0,0,0
681,H00143,H,300.3,310.8,1444,43.9,20,0,0,0,0,0,0
682,L00338,L,298.8,309.5,1235,40.8,196,0,0,0,0,0,0
683,L00339,L,296.8,306.2,1289,24.5,8,1,0,0,1,0,0
684,M00202,M,301.3,311.1,1964,25.1,136,0,0,0,0,0,0
685,H00144,H,299.5,310.8,1595,31.5,145,0,0,0,0,0,0
686,M00203,M,301.1,310.0,1494,36.6,119,0,0,0,0,0,0
687,M00204,M,303.7,315.8,1764,54.8,68,1,0,0,1,0,0
688,L00340,L,295.7,305.0,1403,38.9,61,0,0,0,0,0,0
689,M00205,M,298.6,307.4,1642,45.5,143,0,0,0,0,0,0
690,L00341,L,299.6,309.7,1551,52.7,225,1,0,0,0,1,0
691,L00342,L,302.9,315.1,1620,50.7,120,0,0,0,0,0,0
692,L00343,L,296.7,304.8,1477,39.9,3,0,0,0,0,0,0
693,M00206,M,303.9,313.8,1365,32.9,148,0,0,0,0,0,0
694,L00344,L,300.3,310.8,1390,45.0,118,0,0,0,0,0,0
695,L00345,L,299.8,309.8,1397,33.1,113,0,0,0,0,0,0
696,M00207,M,299.6,310.0,1537,58.1,100,1,0,0,1,0,0
697,L00346,L,299.1,308.4,1259,48.7,231,1,0,0,0,1,0
698,M00208,M,302.1,311.5,1314,42.1,171,0,0,0,0,0,0
699,L00347,L,297.9,307.8,1562,45.1,205,0,0,0,0,0,0
700,L00348,L,300.7,309.6,1515,41.8,218,0,0,0,0,0,0
701,M00209,M,299.2,309.2,1572,36.3,112,0,0,0,0,0,0
702,L00349,L,298.5,308.1,1529,45.0,75,0,0,0,0,0,0
703,L00350,L,305.2,314.7,1988,37.6,154,0,0,0,0,0,0
704,L00351,L,300.8,311.1,1560,59.4,247,1,0,0,1,1,0
705,L00352,L,301.2,309.4,1470,33.1,161,0,0,0,0,0,0
706,H00145,H,302.3,312.1,1556,45.1,3,0,0,0,0,0,0
707,L00353,L,297.2,309.5,1720,32.2,234,0,0,0,0,0,0
708,H00146,H,303.5,312.4,1529,32.1,235,0,0,0,0,0,0
709,L00354,L,295.0,306.3,1660,22.1,50,0,0,0,0,0,0
710,M00210,M,298.5,308.6,1608,44.1,129,0,0,0,0,0,0
711,M00211,M,299.1,308.5,1486,34.7,233,0,0,0,0,0,0
712,M00212,M,301.2,309.9,1557,50.8,233,0,0,0,0,0,0
713,L00355,L,300.4,310.5,1824,44.1,159,0,0,0,0,0,0
714,L00356,L,299.7,311.2,1581,41.5,129,0,0,0,0,0,0
715,L00357,L,300.0,309.6,1361,25.9,57,0,0,0,0,0,0
716,H00147,H,298.0,307.9,1480,45.8,149,0,0,0,0,0,0
717,H00148,H,297.0,308.0,1168,33.4,18,0,0,0,0,0,0
718,H00149,H,301.5,311.8,1562,25.7,217,0,0,0,0,0,0
719,L00358,L,301.4,309.8,1772,44.3,19,0,0,0,0,0,0
720,M00213,M,303.2,313.3,1297,27.4,99,0,0,0,0,0,0
721,H00150,H,298.4,309.9,1564,19.1,145,1,0,0,1,0,0
722,L00359,L,301.4,311.4,1714,53.0,243,1,0,0,1,1,0
723,L00360,L,299.4,306.7,1733,34.4,177,0,0,0,0,0,0
724,M00214,M,302.4,312.8,1767,22.6,13,0,0,0,0,0,0
725,M00215,M,302.0,311.8,1203,30.4,19,0,0,0,0,0,0
726,H00151,H,300.4,308.6,1628,32.8,44,0,0,0,0,0,0
727,L00361,L,299.3,307.6,1268,51.4,87,1,0,1,0,0,0
728,M00216,M,301.9,312.9,1359,23.4,46,1,0,0,1,0,0
729,L00362,L,301.3,310.6,1684,26.6,238,1,1,0,0,0,0
730,L00363,L,298.6,307.7,1566,49.8,56,0,0,0,0,0,0
731,L00364,L,297.3,307.3,1668,35.5,30,0,0,0,0,0,0
732,H00152,H,299.4,308.8,1371,42.3,179,0,0,0,0,0,0
733,M00217,M,303.0,313.1,1801,35.1,99,0,0,0,0,0,0
734,M00218,M,302.3,312.1,1661,60.2,206,1,0,0,1,1,0
735,L00365,L,297.8,306.6,1697,27.1,45,0,0,0,0,0,0
736,H00153,H,297.7,307.2,1344,42.8,134,0,0,0,0,0,0
737,L00366,L,302.5,312.9,1747,55.0,48,1,0,0,1,0,0
738,H00154,H,297.7,307.7,1481,36.3,150,0,0,0,0,0,0
739,L00367,L,301.0,310.9,1428,32.5,220,1,1,0,0,0,0
740,L00368,L,298.8,310.7,1649,47.7,40,0,0,0,0,0,0
741,L00369,L,303.2,313.9,1642,50.0,131,0,0,0,0,0,0
742,L00370,L,298.5,309.4,1386,32.0,94,0,0,0,0,0,0
743,M00219,M,302.3,312.1,1906,54.6,81,1,0,0,1,0,0
744,M00220,M,300.4,310.6,1862,40.5,108,0,0,0,0,0,0
745,L00371,L,300.5,310.1,1646,45.1,158,0,0,0,0,0,0
746,H00155,H,296.1,306.9,1615,54.9,46,1,0,0,1,0,0
747,L00372,L,295.6,305.5,1597,47.7,99,0,0,0,0,0,0
748,M00221,M,299.6,309.8,1260,40.0,17,0,0,0,0,0,0
749,H00156,H,300.5,310.7,1558,33.3,201,0,0,0,0,0,0
750,M00222,M,297.7,307.7,1555,67.1,6,1,0,0,1,0,0
751,L00373,L,297.8,310.7,1434,32.1,37,0,0,0,0,0,0
752,H00157,H,301.1,310.4,1482,43.2,172,0,0,0,0,0,0
753,M00223,M,301.1,310.4,1168,45.1,27,0,0,0,0,0,0
754,L00374,L,299.7,310.4,1341,45.6,186,0,0,0,0,0,0
755,L00375,L,301.6,311.0,1703,61.3,17,1,0,0,1,0,0
756,M00224,M,297.7,307.4,1847,40.5,222,0,0,0,0,0,0
757,M00225,M,299.3,308.2,1369,39.0,245,1,1,0,0,0,0
758,M00226,M,303.3,313.8,1570,55.5,8,1,0,0,1,0,0
759,H00158,H,300.1,310.6,1734,38.6,106,0,0,0,0,0,0
760,M00227,M,300.3,310.0,1444,48.8,15,0,0,0,0,0,0
761,L00376,L,304.6,315.3,1659,41.9,61,0,0,0,0,0,0
762,L00377,L,297.2,305.3,1531,49.2,127,0,0,0,0,0,0
763,L00378,L,301.6,310.9,1751,47.3,39,0,0,0,0,0,0
764,M00228,M,303.3,313.1,1308,36.0,216,0,0,0,0,0,0
765,L00379,L,299.4,308.2,1340,21.6,100,1,0,0,1,0,0
766,M00229,M,301.7,310.0,1588,23.3,93,0,0,0,0,0,0
767,M00230,M,298.0,307.7,1555,21.6,238,1,1,0,0,0,0
768,H00159,H,298.6,309.3,1527,39.1,57,0,0,0,0,0,0
769,L00380,L,300.8,312.1,1641,16.5,193,1,0,0,1,0,0
770,H00160,H,301.6,311.1,1371,38.4,196,0,0,0,0,0,0
771,L00381,L,302.2,312.9,1292,41.3,105,0,0,0,0,0,0
772,H00161,H,303.1,313.7,1448,48.6,93,0,0,0,0,0,0
773,L00382,L,299.9,311.1,1468,45.0,18,0,0,0,0,0,0
774,L00383,L,302.4,312.0,1487,49.0,205,0,0,0,0,0,0
775,M00231,M,299.3,307.5,1765,44.1,26,0,0,0,0,0,0
776,L00384,L,301.8,311.9,1675,36.8,29,0,0,0,0,0,0
777,L00385,L,300.4,309.4,1633,38.9,44,0,0,0,0,0,0
778,M00232,M,300.9,310.2,1577,31.5,205,0,0,0,0,0,0
779,M00233,M,300.8,310.5,1460,42.3,158,0,0,0,0,0,0
780,M00234,M,296.8,306.5,1385,24.2,35,0,0,0,0,0,0
781,M00235,M,297.8,307.9,1323,50.7,166,0,0,0,0,0,0
782,M00236,M,300.2,310.9,1413,30.4,49,0,0,0,0,0,0
783,L00386,L,296.6,306.2,1530,41.5,93,0,0,0,0,0,0
784,L00387,L,301.7,312.1,1331,43.2,37,0,0,0,0,0,0
785,L00388,L,301.7,311.7,1568,51.6,238,1,1,0,0,1,0
786,H00162,H,300.7,311.6,1503,23.2,138,0,0,0,0,0,0
787,M00237,M,297.8,307.6,1466,36.7,80,0,0,0,0,0,0
788,L00389,L,302.8,312.7,1745,45.5,73,0,0,0,0,0,0
789,L00390,L,304.1,313.7,1168,57.5,15,0,0,0,0,0,0
790,H00163,H,300.3,310.1,1469,39.6,178,0,0,0,0,0,0
791,L00391,L,301.0,310.2,1168,34.1,202,0,0,0,0,0,0
792,M00238,M,300.4,309.5,1580,60.3,166,1,0,0,1,0,0
793,M00239,M,301.1,311.9,1674,48.0,91,0,0,0,0,0,0
794,M00240,M,299.8,308.7,1296,53.7,212,0,0,0,0,0,0
795,L00392,L,299.9,309.6,1319,27.9,219,0,0,0,0,0,0
796,H00164,H,301.8,312.8,1234,45.2,247,0,0,0,0,0,0
797,H00165,H,304.7,314.3,1549,29.2,246,0,0,0,0,0,0
798,M00241,M,297.2,308.0,1476,26.9,150,0,0,0,0,0,0
799,M00242,M,299.8,309.2,1488,45.8,109,0,0,0,0,0,0
800,H00166,H,297.6,306.5,1472,46.5,64,0,0,0,0,0,0
801,M00243,M,303.2,311.6,1363,35.2,48,1,0,1,0,0,0
802,L00393,L,298.8,310.1,1740,54.3,188,1,0,0,1,0,0
803,M00244,M,297.1,306.0,1586,36.3,181,0,0,0,0,0,0
804,M00245,M,301.3,312.0,1325,37.3,140,0,0,0,0,0,0
805,L00394,L,303.5,312.5,1412,39.6,199,0,0,0,0,0,0
806,M00246,M,301.3,312.6,1381,37.6,82,0,0,0,0,0,0
807,H00167,H,300.4,312.6,1789,52.8,151,1,0,0,1,0,0
808,H00168,H,300.8,309.1,1665,29.6,103,0,0,0,0,0,0
809,L00395,L,302.8,311.7,1515,32.5,176,0,0,0,0,0,0
810,L00396,L,298.3,309.1,1843,28.1,122,0,0,0,0,0,0
811,H00169,H,299.8,310.3,1797,58.8,164,1,0,0,1,0,0
812,H00170,H,299.1,309.9,1496,36.8,216,0,0,0,0,0,0
813,L00397,L,297.7,307.1,1464,32.3,106,0,0,0,0,0,0
814,H00171,H,299.3,311.3,1473,37.1,25,0,0,0,0,0,0
815,H00172,H,302.2,312.3,1367,48.5,109,0,0,0,0,0,0
816,M00247,M,301.1,309.9,1848,46.6,169,1,0,0,1,0,0
817,M00248,M,301.3,311.0,1357,34.2,218,0,0,0,0,0,0
818,L00398,L,300.3,309.1,1693,36.0,223,1,1,0,0,0,0
819,L00399,L,301.0,312.6,1661,25.4,235,0,0,0,0,0,0
820,L00400,L,298.4,307.7,1483,41.4,2,0,0,0,0,0,0
821,H00173,H,299.4,309.9,1861,52.8,104,1,0,0,1,0,0
822,L00401,L,300.4,309.9,1258,34.2,188,0,0,0,0,0,0
823,L00402,L,300.6,310.0,1523,46.4,170,0,0,0,0,0,0
824,L00403,L,300.6,308.7,1450,34.2,72,0,0,0,0,0,0
825,M00249,M,299.7,310.3,1709,29.0,64,0,0,0,0,0,0
826,H00174,H,299.2,310.5,1601,46.8,145,0,0,0,0,0,0
827,L00404,L,306.3,315.4,1228,63.5,66,0,0,0,0,0,0
828,L00405,L,301.8,310.3,1759,45.4,141,0,0,0,0,0,0
829,M00250,M,300.8,311.6,1624,35.9,191,0,0,0,0,0,0
830,L00406,L,299.5,307.9,1352,36.5,31,1,0,1,0,0,0
831,L00407,L,299.1,310.3,1475,59.1,195,1,0,0,1,1,0
832,L00408,L,299.7,308.8,1305,43.1,187,0,0,0,0,0,0
833,L00409,L,300.6,309.5,1507,32.3,100,0,0,0,0,0,0
834,L00410,L,296.2,306.4,1564,39.4,148,0,0,0,0,0,0
835,L00411,L,296.9,305.9,1478,42.2,105,0,0,0,0,0,0
836,L00412,L,298.7,308.0,1457,44.7,154,0,0,0,0,0,0
837,H00175,H,300.4,310.8,1249,55.1,132,0,0,0,0,0,0
838,L00413,L,299.5,307.1,1598,52.8,66,0,0,0,0,0,0
839,M00251,M,303.0,314.6,1193,42.0,213,0,0,0,0,0,0
840,M00252,M,297.0,307.0,1543,39.6,211,0,0,0,0,0,0
841,L00414,L,298.5,307.2,1215,44.0,168,0,0,0,0,0,0
842,M00253,M,303.0,312.0,1547,33.9,107,0,0,0,0,0,0
843,L00415,L,300.3,311.3,1536,49.8,1,0,0,0,0,0,0
844,H00176,H,301.8,312.4,1610,38.0,42,0,0,0,0,0,0
845,L00416,L,304.1,315.5,1692,44.9,128,0,0,0,0,0,0
846,L00417,L,298.6,307.9,1725,57.1,150,1,0,0,1,0,0
847,L00418,L,299.8,310.1,1249,45.5,190,0,0,0,0,0,0
848,H00177,H,299.5,309.9,1527,42.3,175,0,0,0,0,0,0
849,M00254,M,296.1,306.8,1897,34.8,24,0,0,0,0,0,0
850,M00255,M,299.4,310.5,1559,39.2,89,0,0,0,0,0,0
851,L00419,L,301.8,311.1,1389,28.6,120,0,0,0,0,0,0
852,M00256,M,301.1,311.0,1523,45.3,66,0,0,0,0,0,0
853,L00420,L,301.2,310.6,1469,18.7,94,1,0,0,1,0,0
854,H00178,H,299.2,309.1,1327,49.7,90,0,0,0,0,0,0
855,L00421,L,298.7,309.4,1693,47.3,204,0,0,0,0,0,0
856,L00422,L,302.5,310.8,1642,41.0,174,0,0,0,0,0,0
857,L00423,L,299.0,310.1,1299,34.7,224,0,0,0,0,0,0
858,L00424,L,300.6,309.5,1521,39.8,88,0,0,0,0,0,0
859,M00257,M,300.3,310.0,1436,22.3,118,1,0,0,1,0,0
860,L00425,L,302.9,314.1,1251,48.2,55,0,0,0,0,0,0
861,M00258,M,301.9,312.2,1284,38.4,58,0,0,0,0,0,0
862,L00426,L,297.4,307.7,1311,55.2,143,0,0,0,0,0,0
863,M00259,M,297.6,306.4,1527,43.9,174,0,0,0,0,0,0
864,L00427,L,301.2,310.2,1456,42.3,229,1,1,0,0,0,0
865,L00428,L,299.9,310.8,1366,44.0,89,0,0,0,0,0,0
866,M00260,M,299.1,308.5,1467,30.2,53,0,0,0,0,0,0
867,L00429,L,302.0,311.5,1671,35.5,46,0,0,0,0,0,0
868,L00430,L,300.4,311.4,1601,41.3,179,0,0,0,0,0,0
869,H00179,H,300.1,309.1,1717,37.0,145,0,0,0,0,0,0
870,H00180,H,301.6,311.9,1497,34.2,208,0,0,0,0,0,0
871,L00431,L,299.2,309.2,1824,37.2,45,0,0,0,0,0,0
872,L00432,L,303.1,313.1,1600,40.4,117,0,0,0,0,0,0
873,M00261,M,298.4,307.9,1450,63.2,216,1,0,0,1,1,0
874,L00433,L,301.3,310.7,1554,36.7,121,0,0,0,0,0,0
875,L00434,L,302.9,311.8,1314,33.2,153,0,0,0,0,0,0
876,L00435,L,297.2,307.7,1483,38.5,17,0,0,0,0,0,0
877,M00262,M,299.3,308.6,1614,55.0,48,1,0,0,1,0,0
878,M00263,M,302.3,313.3,1647,55.7,192,1,0,0,1,0,0
879,L00436,L,302.3,312.1,1464,59.5,109,1,0,0,1,0,0
880,L00437,L,299.7,308.6,2027,40.6,134,0,0,0,0,0,0
881,L00438,L,298.5,308.3,1507,46.4,157,0,0,0,0,0,0
882,M00264,M,301.9,311.5,1237,29.5,96,0,0,0,0,0,0
883,L00439,L,302.4,313.4,1755,36.5,152,0,0,0,0,0,0
884,L00440,L,297.7,307.3,1646,28.8,24,0,0,0,0,0,0
885,M00265,M,297.6,307.3,1579,44.7,154,0,0,0,0,0,0
886,L00441,L,300.5,311.9,1454,40.4,34,0,0,0,0,0,0
887,M00266,M,301.3,311.8,1608,42.3,106,0,0,0,0,0,0
888,L00442,L,299.4,311.1,1827,31.5,81,0,0,0,0,0,0
889,L00443,L,301.4,312.7,1574,48.5,120,0,0,0,0,0,0
890,L00444,L,298.6,307.7,1274,15.9,157,1,0,0,1,0,0
891,M00267,M,295.8,306.8,1168,37.5,13,0,0,0,0,0,0
892,H00181,H,299.2,310.7,1606,38.9,162,0,0,0,0,0,0
893,H00182,H,300.1,311.6,1361,19.8,33,1,0,0,1,0,0
894,L00445,L,299.4,310.4,1520,43.8,211,0,0,0,0,0,0
895,M00268,M,297.7,308.7,1393,38.3,142,0,0,0,0,0,0
896,L00446,L,296.4,306.1,1380,45.6,6,0,0,0,0,0,0
897,L00447,L,299.0,308.2,1401,60.0,140,0,0,0,0,0,0
898,H00183,H,301.8,311.4,1417,43.2,227,1,1,0,0,0,0
899,L00448,L,302.5,310.8,1676,49.7,167,0,0,0,0,0,0
900,L00449,L,302.4,313.7,1640,53.8,187,1,0,0,1,0,0
901,L00450,L,298.4,308.1,1321,44.9,244,0,0,0,0,0,0
902,L00451,L,297.7,309.0,1346,31.3,33,0,0,0,0,0,0
903,L00452,L,301.0,309.8,1605,23.6,12,0,0,0,0,0,0
904,M00269,M,301.3,312.4,1726,43.7,249,0,0,0,0,0,0
905,L00453,L,300.8,310.3,1723,36.0,3,0,0,0,0,0,0
906,H00184,H,296.0,304.7,1358,52.8,140,0,0,0,0,0,0
907,H00185,H,298.3,309.9,1715,35.2,47,0,0,0,0,0,0
908,L00454,L,299.9,311.0,1220,39.9,107,0,0,0,0,0,0
909,L00455,L,301.0,311.2,1501,28.4,140,0,0,0,0,0,0
910,L00456,L,301.5,311.5,1625,36.6,214,1,1,0,0,0,0
911,M00270,M,300.3,310.7,1168,30.6,92,0,0,0,0,0,0
912,L00457,L,300.7,310.9,1912,31.5,32,0,0,0,0,0,0
913,M00271,M,300.2,309.4,1775,39.5,22,0,0,0,0,0,0
914,L00458,L,301.4,311.0,1653,33.9,66,0,0,0,0,0,0
915,M00272,M,300.6,312.6,1365,66.3,159,1,0,0,1,0,0
916,L00459,L,300.1,312.8,1525,48.4,182,0,0,0,0,0,0
917,L00460,L,299.5,311.1,1679,50.8,2,0,0,0,0,0,0
918,H00186,H,300.2,310.7,1337,38.9,139,0,0,0,0,0,0
919,M00273,M,301.0,310.7,1505,41.1,123,0,0,0,0,0,0
920,L00461,L,300.5,309.7,1700,35.7,55,0,0,0,0,0,0
921,H00187,H,300.8,310.1,1270,66.2,195,0,0,0,0,0,0
922,L00462,L,302.7,312.1,1597,38.9,32,0,0,0,0,0,0
923,H00188,H,300.5,312.7,1223,34.0,31,0,0,0,0,0,0
924,M00274,M,298.7,310.5,1369,32.5,144,0,0,0,0,0,0
925,L00463,L,301.8,312.5,1447,43.4,179,0,0,0,0,0,0
926,L00464,L,297.3,306.3,1629,54.2,72,1,0,0,1,0,0
927,L00465,L,297.8,308.7,1412,50.9,4,0,0,0,0,0,0
928,M00275,M,300.7,310.5,1560,32.4,20,0,0,0,0,0,0
929,M00276,M,301.0,308.8,1414,32.2,2,0,0,0,0,0,0
930,L00466,L,297.5,307.8,1443,52.5,116,0,0,0,0,0,0
931,L00467,L,299.2,308.4,1761,61.0,230,1,0,0,1,1,0
932,H00189,H,298.8,308.0,1332,38.5,194,0,0,0,0,0,0
933,H00190,H,299.0,308.7,1673,52.1,36,1,0,0,1,0,0
934,M00277,M,301.9,311.4,1537,25.3,235,0,0,0,0,0,0
935,L00468,L,301.4,311.4,1434,31.6,34,0,0,0,0,0,0
936,L00469,L,300.0,309.9,1320,29.9,32,0,0,0,0,0,0
937,L00470,L,298.9,307.0,1332,44.1,181,1,0,1,0,0,0
938,H00191,H,297.3,308.8,1405,38.2,2,0,0,0,0,0,0
939,L00471,L,302.8,311.8,1511,42.4,175,0,0,0,0,0,0
940,M00278,M,301.2,310.2,1646,52.2,145,0,0,0,0,0,0
941,L00472,L,298.6,308.3,1484,33.5,130,0,0,0,0,0,0
942,M00279,M,301.4,311.3,1496,40.9,92,0,0,0,0,0,0
943,M00280,M,299.9,311.4,1522,26.6,100,0,0,0,0,0,0
944,H00192,H,299.4,309.7,1623,51.6,132,0,0,0,0,0,0
945,L00473,L,300.9,311.5,1653,51.0,8,0,0,0,0,0,0
946,L00474,L,298.5,308.8,1289,43.6,203,0,0,0,0,0,0
947,L00475,L,299.3,309.5,1487,41.2,15,0,0,0,0,0,0
948,H00193,H,300.2,310.5,1757,34.9,90,0,0,0,0,0,0
949,H00194,H,299.0,307.1,1302,26.0,72,1,0,1,0,0,0
950,M00281,M,301.3,311.1,1551,43.1,177,0,0,0,0,0,0
951,M00282,M,303.7,314.9,1507,47.6,245,0,0,0,0,0,0
952,M00283,M,298.5,312.4,1436,60.2,184,1,0,0,1,0,0
953,L00476,L,296.7,305.5,1822,36.1,56,0,0,0,0,0,0
954,H00195,H,296.0,306.4,1544,42.7,106,0,0,0,0,0,0
955,L00477,L,299.7,309.1,1808,51.1,85,1,0,0,1,0,0
956,L00478,L,298.7,310.7,1539,51.4,16,0,0,0,0,0,0
957,M00284,M,300.4,309.0,1620,33.8,64,0,0,0,0,0,0
958,L00479,L,300.3,310.9,1434,37.2,56,0,0,0,0,0,0
959,L00480,L,296.8,305.4,1436,34.7,190,0,0,0,0,0,0
960,M00285,M,296.4,306.1,1611,31.0,194,0,0,0,0,0,0
961,L00481,L,300.6,310.6,1614,54.7,4,1,0,0,1,0,0
962,M00286,M,300.3,311.4,1645,40.6,149,0,0,0,0,0,0
963,L00482,L,299.1,308.0,1605,39.3,128,0,0,0,0,0,0
964,L00483,L,296.7,307.4,1298,42.5,174,0,0,0,0,0,0
965,L00484,L,300.9,310.9,1393,40.5,176,0,0,0,0,0,0
966,L00485,L,302.5,312.8,1690,37.8,131,0,0,0,0,0,0
967,M00287,M,300.6,311.6,1187,32.4,149,0,0,0,0,0,0
968,L00486,L,298.3,307.0,1590,55.7,87,1,0,0,1,0,0
969,M00288,M,300.1,310.9,1517,34.3,182,0,0,0,0,0,0
970,L00487,L,297.3,306.7,1690,30.7,31,0,0,0,0,0,0
971,M00289,M,302.1,313.2,1612,39.2,109,0,0,0,0,0,0
972,H00196,H,300.2,310.5,1419,61.6,65,1,0,0,1,0,0
973,M00290,M,296.5,306.3,1411,31.8,99,0,0,0,0,0,0
974,L00488,L,299.4,308.8,1444,47.1,196,0,0,0,0,0,0
975,L00489,L,300.9,311.7,1641,37.5,247,1,1,0,0,0,0
976,L00490,L,299.3,310.6,1168,42.4,70,0,0,0,0,0,0
977,M00291,M,299.4,308.9,1566,49.2,227,0,0,0,0,0,0
978,L00491,L,297.6,306.5,1379,22.8,231,1,0,0,1,0,0
979,L00492,L,301.1,311.8,1572,31.0,234,1,1,0,0,0,0
980,M00292,M,298.7,307.3,1599,49.1,7,0,0,0,0,0,0
981,L00493,L,295.7,304.4,1240,41.0,35,0,0,0,0,0,0
982,M00293,M,299.3,308.2,1497,42.1,234,0,0,0,0,0,0
983,L00494,L,302.0,311.6,1565,47.1,11,0,0,0,0,0,0
984,L00495,L,299.2,307.9,1553,31.1,155,0,0,0,0,0,0
985,M00294,M,303.5,311.6,1516,50.6,1,0,0,0,0,0,0
986,L00496,L,300.9,309.8,1319,48.2,110,0,0,0,0,0,0
987,M00295,M,300.7,311.3,1346,42.4,77,0,0,0,0,0,0
988,L00497,L,299.7,308.4,1291,44.7,146,0,0,0,0,0,0
989,L00498,L,299.9,309.6,1637,51.6,84,0,0,0,0,0,0
990,H00197,H,299.5,311.4,1517,34.1,221,1,1,0,0,0,0
991,M00296,M,299.4,309.4,1528,46.6,48,0,0,0,0,0,0
992,M00297,M,301.1,311.4,1232,57.4,111,0,0,0,0,0,0
993,L00499,L,298.1,307.2,1531,46.4,36,0,0,0,0,0,0
994,M00298,M,297.8,310.0,1651,37.8,179,0,0,0,0,0,0
995,L00500,L,297.8,307.3,1208,63.2,212,1,0,0,0,1,0
996,L00501,L,304.1,313.9,1442,42.3,219,1,1,0,0,0,0
997,H00198,H,301.1,312.4,1256,54.0,59,0,0,0,0,0,0
998,L00502,L,300.6,310.4,1462,35.8,224,0,0,0,0,0,0
999,H00199,H,297.9,307.9,1376,50.7,41,0,0,0,0,0,0
1000,L00503,L,301.2,310.9,1606,34.5,6,0,0,0,0,0,0
1001,L00504,L,299.8,309.5,1568,43.2,41,0,0,0,0,0,0
1002,M00299,M,300.4,310.8,1769,33.9,184,0,0,0,0,0,0
1003,H00200,H,298.0,308.6,1528,59.0,15,1,0,0,1,0,0
1004,M00300,M,300.3,309.7,1598,37.8,228,0,0,0,0,0,0
1005,H00201,H,299.2,308.4,1438,28.9,114,0,0,0,0,0,0
1006,M00301,M,298.5,307.9,1340,41.0,152,0,0,0,0,0,0
1007,M00302,M,301.5,310.1,1687,45.4,165,0,0,0,0,0,0
1008,H00202,H,296.9,305.3,1760,39.7,43,0,0,0,0,0,0
1009,L00505,L,301.1,311.4,1664,31.9,37,0,0,0,0,0,0
1010,L00506,L,301.4,312.3,1561,50.4,233,1,0,0,0,1,0
1011,L00507,L,298.2,309.1,1363,52.6,233,1,1,0,0,1,0
1012,H00203,H,298.4,306.0,1742,23.5,44,0,0,0,0,0,0
1013,H00204,H,299.6,309.4,1641,31.2,242,0,0,0,0,0,0
1014,L00508,L,300.6,309.5,1900,38.4,157,0,0,0,0,0,0
1015,M00303,M,299.7,309.8,1331,34.7,208,0,0,0,0,0,0
1016,H00205,H,300.9,310.5,1692,45.3,143,0,0,0,0,0,0
1017,L00509,L,303.5,314.1,1636,58.4,131,1,0,0,1,0,0
1018,M00304,M,299.0,309.0,1476,36.2,93,0,0,0,0,0,0
1019,H00206,H,296.6,304.7,1782,55.8,211,1,0,0,1,0,0
1020,L00510,L,301.7,310.7,1610,25.3,34,0,0,0,0,0,0
1021,M00305,M,303.4,313.4,1370,44.6,60,0,0,0,0,0,0
1022,L00511,L,300.8,310.9,1516,34.1,132,0,0,0,0,0,0
1023,H00207,H,297.8,306.4,1368,44.8,108,1,0,1,0,0,0
1024,H00208,H,299.8,308.3,1454,22.4,77,1,0,0,1,0,0
1025,H00209,H,297.8,307.9,1663,27.1,127,0,0,0,0,0,0
1026,L00512,L,301.3,309.9,1715,44.8,168,0,0,0,0,0,0
1027,H00210,H,297.3,305.6,1577,33.7,40,0,0,0,0,0,0
1028,H00211,H,299.4,309.0,1403,36.8,103,0,0,0,0,0,0
1029,L00513,L,298.0,307.5,1606,58.4,27,1,0,0,1,0,0
1030,H00212,H,300.3,309.4,1667,41.4,137,0,0,0,0,0,0
1031,L00514,L,299.3,308.6,1184,49.0,117,0,0,0,0,0,0
1032,M00306,M,300.4,310.4,1558,32.4,124,0,0,0,0,0,0
1033,L00515,L,300.0,309.3,1503,26.6,179,0,0,0,0,0,0
1034,L00516,L,298.0,308.1,1708,39.2,221,0,0,0,0,0,0
1035,L00517,L,301.3,310.9,1607,25.1,113,0,0,0,0,0,0
1036,M00307,M,299.9,310.1,1624,33.0,159,0,0,0,0,0,0
1037,L00518,L,298.0,308.9,1451,42.4,203,0,0,0,0,0,0
1038,M00308,M,304.5,315.3,1538,38.9,44,0,0,0,0,0,0
1039,L00519,L,301.0,312.3,1706,43.3,15,0,0,0,0,0,0
1040,L00520,L,299.7,310.5,1526,46.0,89,0,0,0,0,0,0
1041,M00309,M,302.8,313.0,1569,28.0,191,0,0,0,0,0,0
1042,M00310,M,303.7,313.3,1263,30.6,34,0,0,0,0,0,0
1043,L00521,L,299.7,309.3,1525,18.2,104,1,0,0,1,0,0
1044,M00311,M,300.7,309.8,1177,36.3,207,0,0,0,0,0,0
1045,H00213,H,298.0,308.0,1445,47.4,144,0,0,0,0,0,0
1046,M00312,M,299.7,310.4,1549,54.9,111,0,0,0,0,0,0
1047,L00522,L,299.6,308.9,1675,41.9,214,0,0,0,0,0,0
1048,L00523,L,300.4,310.4,1359,53.7,169,0,0,0,0,0,0
1049,H00214,H,300.7,310.0,1604,43.8,149,0,0,0,0,0,0
1050,L00524,L,301.1,311.3,1800,41.1,177,0,0,0,0,0,0
1051,H00215,H,300.5,310.0,1423,33.9,20,0,0,0,0,0,0
1052,M00313,M,297.6,306.9,1261,16.1,225,1,0,0,1,0,0
1053,H00216,H,298.1,307.4,1589,52.2,45,0,0,0,0,0,0
1054,M00314,M,298.9,309.4,1324,39.5,56,0,0,0,0,0,0
1055,H00217,H,299.4,309.3,1391,53.9,4,0,0,0,0,0,0
1056,L00525,L,302.1,311.7,1703,30.5,229,0,0,0,0,0,0
1057,M00315,M,297.7,308.0,1873,64.3,51,1,0,0,1,0,0
1058,L00526,L,299.3,308.9,1358,37.5,158,0,0,0,0,0,0
1059,L00527,L,301.9,313.0,1406,33.1,160,0,0,0,0,0,0
1060,M00316,M,299.4,308.4,1459,37.9,174,0,0,0,0,0,0
1061,H00218,H,300.9,310.7,1439,41.7,130,0,0,0,0,0,0
1062,H00219,H,299.7,308.3,1884,39.3,52,0,0,0,0,0,0
1063,M00317,M,300.5,310.2,1443,34.8,82,0,0,0,0,0,0
1064,L00528,L,299.5,307.8,1468,22.0,183,1,0,0,1,0,0
1065,L00529,L,301.3,312.0,1827,32.0,17,0,0,0,0,0,0
1066,M00318,M,296.9,307.7,1641,50.7,155,0,0,0,0,0,0
1067,L00530,L,299.3,310.1,1714,31.2,142,0,0,0,0,0,0
1068,L00531,L,300.6,310.6,1375,22.8,49,1,0,0,1,0,0
1069,L00532,L,301.1,310.2,1443,29.4,160,0,0,0,0,0,0
1070,L00533,L,303.0,312.2,1351,39.1,27,0,0,0,0,0,0
1071,L00534,L,299.2,310.7,1681,32.4,45,0,0,0,0,0,0
1072,L00535,L,303.0,314.4,1757,37.2,112,0,0,0,0,0,0
1073,L00536,L,298.7,308.8,1430,32.0,115,0,0,0,0,0,0
1074,L00537,L,302.7,312.2,1472,50.1,71,0,0,0,0,0,0
1075,H00220,H,301.6,313.0,1480,44.9,119,0,0,0,0,0,0
1076,L00538,L,298.2,307.5,1261,62.2,231,1,0,0,0,1,0
1077,L00539,L,300.6,310.8,1417,36.2,112,0,0,0,0,0,0
1078,M00319,M,299.9,311.3,1676,37.2,93,0,0,0,0,0,0
1079,L00540,L,301.3,310.5,1381,51.8,0,0,0,0,0,0,0
1080,H00221,H,299.6,310.4,1554,43.9,198,0,0,0,0,0,0
1081,M00320,M,299.4,309.9,1303,30.6,182,0,0,0,0,0,0
1082,L00541,L,302.7,312.7,1512,45.6,57,0,0,0,0,0,0
1083,L00542,L,299.8,308.8,1437,44.0,205,0,0,0,0,0,0
1084,H00222,H,301.7,311.0,1319,22.1,148,1,0,0,1,0,0
1085,H00223,H,299.5,309.8,1679,33.5,55,0,0,0,0,0,0
1086,L00543,L,303.3,311.9,1689,41.9,69,0,0,0,0,0,0
1087,M00321,M,298.6,308.7,1364,54.5,144,0,0,0,0,0,0
1088,L00544,L,298.8,309.3,1499,47.0,77,0,0,0,0,0,0
1089,H00224,H,303.0,314.0,1545,34.4,134,0,0,0,0,0,0
1090,L00545,L,299.1,307.7,1213,32.9,78,1,0,1,0,0,0
1091,H00225,H,303.2,314.5,1287,48.0,71,0,0,0,0,0,0
1092,M00322,M,301.8,313.5,1768,15.7,187,1,0,0,1,0,0
1093,M00323,M,299.7,310.1,1347,31.9,247,1,1,0,0,0,0
1094,M00324,M,296.4,305.4,1763,54.1,175,1,0,0,1,0,0
1095,L00546,L,300.0,309.7,1297,43.0,9,0,0,0,0,0,0
1096,L00547,L,300.2,310.2,1655,32.4,220,0,0,0,0,0,0
1097,L00548,L,302.3,312.6,1482,28.0,126,0,0,0,0,0,0
1098,L00549,L,303.2,313.2,1507,48.4,40,0,0,0,0,0,0
1099,M00325,M,298.6,308.9,1870,40.8,146,0,0,0,0,0,0
1100,L00550,L,301.6,311.5,1313,37.8,189,0,0,0,0,0,0
1101,L00551,L,301.5,311.8,1644,43.7,193,0,0,0,0,0,0
1102,H00226,H,302.1,311.6,1637,41.6,135,0,0,0,0,0,0
1103,H00227,H,301.0,310.7,2138,40.9,157,1,0,0,1,0,0
1104,H00228,H,296.1,305.5,1345,26.8,106,0,0,0,0,0,0
1105,H00229,H,299.7,311.6,1425,29.7,163,0,0,0,0,0,0
1106,L00552,L,297.7,309.2,1684,47.5,177,0,0,0,0,0,0
1107,L00553,L,299.6,310.2,1502,45.6,81,0,0,0,0,0,0
1108,M00326,M,302.0,313.3,1455,43.8,129,0,0,0,0,0,0
1109,M00327,M,300.6,311.4,1709,34.1,4,0,0,0,0,0,0
1110,L00554,L,302.3,312.5,1490,47.7,173,0,0,0,0,0,0
1111,H00230,H,300.7,309.2,1378,36.3,76,1,0,1,0,0,0
1112,L00555,L,297.4,307.1,1667,53.0,39,1,0,0,1,0,0
1113,L00556,L,295.0,304.7,1605,32.5,184,0,0,0,0,0,0
1114,M00328,M,300.3,309.2,1482,34.7,10,0,0,0,0,0,0
1115,M00329,M,299.6,308.1,1473,38.5,117,0,0,0,0,0,0
1116,M00330,M,298.0,308.5,1374,48.5,199,0,0,0,0,0,0
1117,L00557,L,296.6,306.9,1667,39.6,238,1,1,0,0,0,0
1118,H00231,H,298.5,307.3,1473,40.4,165,0,0,0,0,0,0
1119,L00558,L,299.6,308.9,1400,36.1,16,0,0,0,0,0,0
1120,L00559,L,301.3,312.5,1307,42.7,74,0,0,0,0,0,0
1121,H00232,H,300.4,309.5,1608,39.3,120,0,0,0,0,0,0
1122,H00233,H,303.2,313.4,1446,32.2,25,0,0,0,0,0,0
1123,H00234,H,297.9,307.7,1177,41.3,38,0,0,0,0,0,0
1124,H00235,H,301.8,312.3,1322,41.5,97,0,0,0,0,0,0
1125,M00331,M,300.1,309.2,1496,63.5,194,1,0,0,1,1,0
1126,M00332,M,301.4,311.5,1501,33.9,241,0,0,0,0,0,0
1127,L00560,L,299.1,309.3,1494,31.6,152,0,0,0,0,0,0
1128,L00561,L,302.1,312.3,1469,42.8,87,0,0,0,0,0,0
1129,L00562,L,300.6,310.7,1273,30.1,244,0,0,0,0,0,0
1130,L00563,L,298.6,308.9,1381,29.3,115,0,0,0,0,0,0
1131,M00333,M,300.0,312.2,1749,25.6,214,0,0,0,0,0,0
1132,L00564,L,299.5,312.1,1723,32.3,157,0,0,0,0,0,0
1133,L00565,L,301.0,310.4,1641,32.5,173,0,0,0,0,0,0
1134,L00566,L,297.6,305.3,1625,27.2,40,0,0,0,0,0,0
1135,M00334,M,299.9,310.5,1699,37.5,103,0,0,0,0,0,0
1136,L00567,L,300.8,311.0,1337,16.3,247,1,0,0,1,0,0
1137,H00236,H,300.1,311.2,1543,44.9,218,0,0,0,0,0,0
1138,L00568,L,302.7,313.0,1337,34.4,177,0,0,0,0,0,0
1139,L00569,L,301.5,311.6,1340,35.9,107,0,0,0,0,0,0
1140,M00335,M,300.0,311.1,1603,45.9,171,0,0,0,0,0,0
1141,H00237,H,300.4,311.7,1707,43.7,9,0,0,0,0,0,0
1142,L00570,L,300.6,309.2,1503,33.7,72,0,0,0,0,0,0
1143,M00336,M,300.8,310.0,1833,44.5,129,0,0,0,0,0,0
1144,M00337,M,296.3,306.2,1575,55.5,119,1,0,0,1,0,0
1145,L00571,L,299.4,309.5,1398,29.9,148,0,0,0,0,0,0
1146,H00238,H,297.0,306.8,1343,47.5,202,0,0,0,0,0,0
1147,M00338,M,302.6,313.0,1720,28.9,117,0,0,0,0,0,0
1148,M00339,M,299.9,310.9,1560,51.8,201,0,0,0,0,0,0
1149,H00239,H,299.6,311.3,1659,32.9,24,0,0,0,0,0,0
1150,H00240,H,301.8,312.4,1168,32.5,231,0,0,0,0,0,0
1151,M00340,M,300.8,309.9,1581,51.5,196,0,0,0,0,0,0
1152,H00241,H,297.7,307.6,1446,47.2,21,0,0,0,0,0,0
1153,M00341,M,299.9,309.8,1288,33.2,196,0,0,0,0,0,0
1154,M00342,M,299.3,309.8,1526,41.3,200,0,0,0,0,0,0
1155,M00343,M,296.5,306.9,1733,32.9,10,0,0,0,0,0,0
1156,M00344,M,298.6,310.7,1943,24.1,171,0,0,0,0,0,0
1157,L00572,L,299.6,309.1,1581,41.9,4,0,0,0,0,0,0
1158,H00242,H,299.8,310.2,1411,36.4,5,0,0,0,0,0,0
1159,H00243,H,297.0,309.4,1400,30.5,224,0,0,0,0,0,0
1160,L00573,L,302.3,311.7,1710,53.0,15,1,0,0,1,0,0
1161,H00244,H,299.8,309.9,1359,30.9,247,0,0,0,0,0,0
1162,L00574,L,300.1,309.2,1649,41.4,45,0,0,0,0,0,0
1163,L00575,L,300.8,310.9,1590,50.8,151,0,0,0,0,0,0
1164,M00345,M,298.4,307.6,1570,37.4,13,0,0,0,0,0,0
1165,L00576,L,300.9,311.9,1257,32.7,23,0,0,0,0,0,0
1166,H00245,H,299.3,309.4,1474,43.0,108,0,0,0,0,0,0
1167,H00246,H,298.2,307.3,1276,44.6,75,0,0,0,0,0,0
1168,M00346,M,301.1,311.9,1432,48.8,150,0,0,0,0,0,0
1169,L00577,L,303.0,313.2,1702,58.7,166,1,0,0,1,0,0
1170,L00578,L,301.4,312.4,1758,35.4,5,0,0,0,0,0,0
1171,M00347,M,301.8,310.7,1576,42.0,246,0,0,0,0,0,0
1172,H00247,H,299.0,309.4,1435,27.3,232,0,0,0,0,0,0
1173,M00348,M,296.8,307.6,1822,46.7,20,0,0,0,0,0,0
1174,L00579,L,303.0,312.6,1433,41.8,111,0,0,0,0,0,0
1175,M00349,M,304.1,312.8,1334,38.2,200,0,0,0,0,0,0
1176,M00350,M,303.1,313.1,1662,33.8,45,0,0,0,0,0,0
1177,M00351,M,299.3,310.5,1619,36.5,104,0,0,0,0,0,0
1178,L00580,L,297.7,308.8,1440,42.4,227,0,0,0,0,0,0
1179,M00352,M,297.9,307.5,1555,30.3,168,0,0,0,0,0,0
1180,M00353,M,296.6,305.3,1617,36.9,231,0,0,0,0,0,0
1181,H00248,H,299.8,309.4,1574,40.2,237,1,1,0,0,0,0
1182,L00581,L,303.2,312.7,1620,24.6,186,0,0,0,0,0,0
1183,M00354,M,299.7,310.1,1447,29.5,196,0,0,0,0,0,0
1184,H00249,H,300.6,310.5,1632,33.4,111,0,0,0,0,0,0
1185,L00582,L,302.8,312.0,1541,55.7,169,0,0,0,0,0,0
1186,H00250,H,299.2,310.3,1453,31.7,222,0,0,0,0,0,0
1187,M00355,M,304.1,314.2,1493,39.4,186,0,0,0,0,0,0
1188,L00583,L,304.0,314.4,1520,29.6,162,0,0,0,0,0,0
1189,L00584,L,299.7,308.0,1279,32.2,40,1,0,1,0,0,0
1190,M00356,M,298.8,306.4,1424,25.6,66,0,0,0,0,0,0
1191,L00585,L,301.4,310.0,1549,46.7,82,0,0,0,0,0,0
1192,M00357,M,299.3,308.8,1296,26.7,82,0,0,0,0,0,0
1193,L00586,L,297.7,308.3,1427,49.1,64,0,0,0,0,0,0
1194,M00358,M,302.6,310.3,1964,44.7,85,1,0,0,1,0,0
1195,L00587,L,302.4,314.0,1335,39.2,146,0,0,0,0,0,0
1196,H00251,H,300.3,310.5,1469,49.4,217,1,1,0,0,0,0
1197,H00252,H,297.5,308.9,1388,71.0,78,1,0,0,1,0,0
1198,H00253,H,297.5,306.6,1517,44.8,146,0,0,0,0,0,0
1199,M00359,M,300.2,310.7,1392,28.8,24,0,0,0,0,0,0
1200,L00588,L,299.0,309.1,1494,54.9,166,0,0,0,0,0,0
1201,M00360,M,299.3,310.1,1409,41.9,222,1,1,0,0,0,0
1202,L00589,L,302.0,311.8,1726,61.1,93,1,0,0,1,0,0
1203,L00590,L,301.5,312.0,1552,34.9,119,0,0,0,0,0,0
1204,L00591,L,302.8,313.9,1358,52.8,160,0,0,0,0,0,0
1205,L00592,L,298.0,307.3,1688,40.0,247,0,0,0,0,0,0
1206,M00361,M,299.3,309.5,1366,66.6,207,1,1,0,1,1,0
1207,M00362,M,301.5,309.6,1258,37.2,167,1,0,1,0,0,0
1208,L00593,L,300.9,311.6,1537,70.0,11,1,0,0,1,0,0
1209,L00594,L,303.1,315.1,1879,44.4,91,0,0,0,0,0,0
1210,H00254,H,300.8,309.6,1210,48.5,157,0,0,0,0,0,0
1211,L00595,L,303.7,313.6,1299,57.0,247,1,0,0,0,1,0
1212,L00596,L,301.1,312.0,1672,32.1,69,0,0,0,0,0,0
1213,L00597,L,302.1,312.1,1423,49.7,169,0,0,0,0,0,0
1214,M00363,M,299.4,309.6,1647,37.1,141,0,0,0,0,0,0
1215,M00364,M,300.0,309.6,1388,41.5,4,0,0,0,0,0,0
1216,L00598,L,301.8,311.4,1563,40.8,163,0,0,0,0,0,0
1217,L00599,L,303.2,313.1,1850,45.7,186,0,0,0,0,0,0
1218,M00365,M,301.5,311.5,1324,45.3,184,0,0,0,0,0,0
1219,M00366,M,299.8,308.6,1721,34.2,214,0,0,0,0,0,0
1220,L00600,L,302.8,312.7,1659,41.2,59,0,0,0,0,0,0
1221,H00255,H,295.6,307.2,1271,16.7,223,1,0,0,1,0,0
1222,L00601,L,297.2,306.8,1638,49.9,222,1,0,0,0,1,0
1223,L00602,L,301.4,310.2,1551,56.9,77,1,0,0,1,0,0
1224,H00256,H,300.0,309.8,1554,41.9,223,0,0,0,0,0,0
1225,L00603,L,301.2,310.5,1598,23.9,190,0,0,0,0,0,0
1226,M00367,M,300.1,308.8,1475,47.4,176,0,0,0,0,0,0
1227,L00604,L,301.1,311.2,1550,32.4,218,1,1,0,0,0,0
1228,L00605,L,298.4,307.7,1581,41.8,192,0,0,0,0,0,0
1229,H00257,H,301.1,310.5,1671,46.9,112,0,0,0,0,0,0
1230,L00606,L,302.0,312.2,1264,45.5,51,0,0,0,0,0,0
1231,H00258,H,302.4,310.9,1769,50.8,136,1,0,0,1,0,0
1232,L00607,L,304.0,312.3,1331,41.5,143,1,0,1,0,0,0
1233,L00608,L,300.5,311.2,1674,41.7,34,0,0,0,0,0,0
1234,L00609,L,300.5,308.6,1552,47.4,73,0,0,0,0,0,0
1235,M00368,M,297.0,306.0,1308,39.3,112,0,0,0,0,0,0
1236,L00610,L,298.9,307.1,1632,33.1,15,0,0,0,0,0,0
1237,H00259,H,299.6,309.1,1368,44.5,221,0,0,0,0,0,0
1238,L00611,L,302.1,312.5,1729,28.7,160,0,0,0,0,0,0
1239,H00260,H,298.8,308.9,1410,39.2,50,0,0,0,0,0,0
1240,L00612,L,301.6,314.0,1270,26.2,60,1,0,0,1,0,0
1241,H00261,H,300.0,311.1,1812,34.5,78,0,0,0,0,0,0
1242,M00369,M,299.6,308.7,1570,34.9,58,0,0,0,0,0,0
1243,M00370,M,300.5,309.3,1693,30.2,126,0,0,0,0,0,0
1244,H00262,H,299.2,311.9,1385,51.0,102,0,0,0,0,0,0
1245,M00371,M,299.1,310.2,1199,50.2,199,0,0,0,0,0,0
1246,M00372,M,296.6,307.2,1837,53.1,3,1,0,0,1,0,0
1247,L00613,L,299.5,309.6,1536,38.1,235,0,0,0,0,0,0
1248,L00614,L,299.0,309.3,1625,35.7,129,0,0,0,0,0,0
1249,H00263,H,299.0,307.5,1655,48.0,70,0,0,0,0,0,0
1250,M00373,M,300.8,311.0,1477,41.3,248,1,1,0,0,0,0
1251,M00374,M,301.3,311.4,1578,41.2,185,0,0,0,0,0,0
1252,L00615,L,300.5,309.6,1823,14.6,101,1,0,0,1,0,0
1253,L00616,L,302.0,311.5,1532,47.6,61,0,0,0,0,0,0
1254,L00617,L,301.2,312.7,1706,46.2,97,0,0,0,0,0,0
1255,M00375,M,299.4,309.3,1181,39.9,24,0,0,0,0,0,0
1256,L00618,L,299.1,311.2,1739,48.2,70,0,0,0,0,0,0
1257,L00619,L,300.6,308.9,1265,46.0,24,1,0,1,0,0,0
1258,L00620,L,301.1,310.6,1718,33.0,122,0,0,0,0,0,0
1259,L00621,L,302.8,311.3,1607,37.8,65,0,0,0,0,0,0
1260,M00376,M,302.4,311.2,1520,29.9,25,0,0,0,0,0,0
1261,L00622,L,298.9,308.1,1520,54.6,227,1,0,0,0,1,0
1262,M00377,M,299.8,310.1,1492,49.8,239,1,1,0,0,0,0
1263,L00623,L,301.3,311.6,1391,31.9,101,0,0,0,0,0,0
1264,L00624,L,302.1,311.4,1501,46.2,105,0,0,0,0,0,0
1265,L00625,L,301.9,309.7,1933,42.8,182,0,0,0,0,0,0
1266,L00626,L,299.9,311.4,1771,33.1,237,0,0,0,0,0,0
1267,L00627,L,297.5,307.2,1382,41.2,130,0,0,0,0,0,0
1268,L00628,L,298.0,306.9,1585,48.6,173,0,0,0,0,0,0
1269,M00378,M,300.5,310.8,1555,49.4,156,0,0,0,0,0,0
1270,L00629,L,300.7,310.9,1512,63.3,185,1,0,0,1,1,0
1271,M00379,M,297.8,307.5,1358,40.9,138,0,0,0,0,0,0
1272,H00264,H,300.1,310.2,1617,37.6,234,0,0,0,0,0,0
1273,M00380,M,301.3,310.1,1689,45.6,148,0,0,0,0,0,0
1274,L00630,L,297.7,308.5,1388,38.2,42,0,0,0,0,0,0
1275,L00631,L,302.2,311.2,1888,34.2,3,0,0,0,0,0,0
1276,L00632,L,299.2,308.6,1810,30.7,68,0,0,0,0,0,0
1277,L00633,L,302.5,313.1,1636,5.7,197,1,0,0,1,0,0
1278,H00265,H,298.9,310.1,1317,47.3,21,0,0,0,0,0,0
1279,L00634,L,297.9,309.5,1609,23.6,109,0,0,0,0,0,0
1280,L00635,L,299.1,310.2,1588,31.2,102,0,0,0,0,0,0
1281,M00381,M,299.8,309.5,1629,42.9,5,0,0,0,0,0,0
1282,M00382,M,299.2,307.7,1822,36.8,205,0,0,0,0,0,0
1283,M00383,M,299.6,311.0,1506,61.5,149,1,0,0,1,0,0
1284,L00636,L,300.7,312.1,1904,24.9,15,0,0,0,0,0,0
1285,L00637,L,299.7,309.0,1610,62.4,223,1,1,0,1,1,0
1286,M00384,M,299.9,310.8,1486,53.8,163,0,0,0,0,0,0
1287,L00638,L,296.6,306.3,1967,49.1,177,1,0,0,1,0,0
1288,L00639,L,300.8,312.3,1686,54.4,57,1,0,0,1,0,0
1289,L00640,L,299.8,309.3,1456,44.0,198,0,0,0,0,0,0
1290,L00641,L,303.2,315.2,1553,23.0,86,0,0,0,0,0,0
1291,L00642,L,298.1,308.9,1651,45.1,122,0,0,0,0,0,0
1292,L00643,L,296.4,308.2,1510,25.2,178,0,0,0,0,0,0
1293,M00385,M,301.2,310.7,1561,34.7,77,0,0,0,0,0,0
1294,M00386,M,300.7,311.1,1391,39.2,46,0,0,0,0,0,0
1295,H00266,H,298.0,307.0,1236,30.9,180,0,0,0,0,0,0
1296,L00644,L,296.9,307.7,1557,49.5,133,0,0,0,0,0,0
1297,L00645,L,303.1,314.0,1563,37.9,233,0,0,0,0,0,0
1298,L00646,L,302.8,315.2,1632,44.1,152,0,0,0,0,0,0
1299,M00387,M,295.0,305.5,1434,39.9,130,0,0,0,0,0,0
1300,M00388,M,299.1,309.8,1298,41.3,12,0,0,0,0,0,0
1301,L00647,L,303.3,312.8,1365,31.1,114,0,0,0,0,0,0
1302,H00267,H,299.0,309.5,1726,28.3,52,0,0,0,0,0,0
1303,L00648,L,299.0,308.6,1418,38.5,241,0,0,0,0,0,0
1304,M00389,M,299.4,309.5,1458,30.3,66,0,0,0,0,0,0
1305,M00390,M,297.8,308.0,1482,53.9,30,0,0,0,0,0,0
1306,H00268,H,296.6,306.2,1427,26.2,126,0,0,0,0,0,0
1307,M00391,M,302.1,312.2,1413,63.4,245,1,0,0,1,1,0
1308,H00269,H,296.3,305.9,1382,43.0,66,0,0,0,0,0,0
1309,L00649,L,300.5,310.1,1788,40.7,80,0,0,0,0,0,0
1310,H00270,H,301.8,312.9,1659,34.6,182,0,0,0,0,0,0
1311,L00650,L,297.1,307.3,1761,46.6,230,0,0,0,0,0,0
1312,H00271,H,298.2,308.5,1797,38.0,193,0,0,0,0,0,0
1313,M00392,M,302.4,310.9,1168,43.0,132,1,0,1,0,0,0
1314,H00272,H,301.1,311.5,1599,48.4,136,0,0,0,0,0,0
1315,L00651,L,298.8,309.3,1433,46.7,28,0,0,0,0,0,0
1316,M00393,M,302.4,312.0,1737,52.4,162,1,0,0,1,0,0
1317,M00394,M,302.4,314.5,1405,45.4,103,0,0,0,0,0,0
1318,M00395,M,300.5,308.2,1349,30.5,227,1,0,1,0,0,0
1319,L00652,L,298.2,309.0,1281,19.2,162,1,0,0,1,0,0
1320,L00653,L,299.2,309.9,1483,42.1,49,0,0,0,0,0,0
1321,L00654,L,300.6,311.1,1701,42.3,29,0,0,0,0,0,0
1322,L00655,L,299.6,309.8,1583,59.3,14,1,0,0,1,0,0
1323,H00273,H,301.9,312.5,1322,38.8,28,0,0,0,0,0,0
1324,L00656,L,296.9,307.8,1923,43.7,152,0,0,0,0,0,0
1325,H00274,H,297.0,306.3,1654,47.8,74,0,0,0,0,0,0
1326,L00657,L,300.4,310.7,1677,45.1,228,1,1,0,0,0,0
1327,L00658,L,299.0,308.8,1768,48.4,56,0,0,0,0,0,0
1328,M00396,M,298.7,307.6,1244,31.8,111,0,0,0,0,0,0
1329,M00397,M,296.5,307.2,1374,30.2,247,0,0,0,0,0,0
1330,L00659,L,300.0,309.4,1685,37.2,50,0,0,0,0,0,0
1331,M00398,M,299.9,308.4,1392,18.3,67,1,0,0,1,0,0
1332,M00399,M,301.3,310.8,1488,39.6,123,0,0,0,0,0,0
1333,L00660,L,300.1,309.3,1524,33.4,245,0,0,0,0,0,0
1334,H00275,H,299.7,310.7,1309,43.2,234,1,1,0,0,0,0
1335,H00276,H,302.4,312.6,1473,37.3,57,0,0,0,0,0,0
1336,M00400,M,297.4,308.8,1701,29.8,139,0,0,0,0,0,0
1337,L00661,L,301.1,310.4,1668,53.1,223,1,0,0,1,1,0
1338,M00401,M,296.7,307.6,1737,40.8,68,0,0,0,0,0,0
1339,L00662,L,298.3,311.1,1718,48.6,105,0,0,0,0,0,0
1340,L00663,L,297.6,308.0,1610,41.8,233,0,0,0,0,0,0
1341,L00664,L,301.6,312.5,1596,44.6,242,0,0,0,0,0,0
1342,L00665,L,299.9,310.6,1583,26.4,228,1,1,0,0,0,0
1343,H00277,H,300.0,308.6,1425,52.8,164,0,0,0,0,0,0
1344,M00402,M,297.8,308.4,1353,48.8,152,0,0,0,0,0,0
1345,M00403,M,299.4,309.7,1414,39.8,67,0,0,0,0,0,0
1346,L00666,L,298.5,308.2,1479,42.9,151,0,0,0,0,0,0
1347,L00667,L,300.8,309.9,1420,50.0,35,0,0,0,0,0,0
1348,L00668,L,298.0,308.7,1612,36.3,249,0,0,0,0,0,0
1349,H00278,H,302.7,311.7,1574,24.2,129,0,0,0,0,0,0
1350,L00669,L,296.6,308.7,1593,36.5,34,0,0,0,0,0,0
1351,H00279,H,298.4,308.5,1600,41.5,124,0,0,0,0,0,0
1352,M00404,M,303.4,312.2,1752,39.7,99,0,0,0,0,0,0
1353,L00670,L,299.1,308.6,1536,53.2,7,0,0,0,0,0,0
1354,M00405,M,297.4,307.1,1718,30.4,200,0,0,0,0,0,0
1355,L00671,L,300.4,312.8,1630,31.7,27,0,0,0,0,0,0
1356,H00280,H,299.0,308.1,1740,29.4,187,0,0,0,0,0,0
1357,H00281,H,298.3,308.2,1827,44.3,181,0,0,0,0,0,0
1358,L00672,L,297.8,307.3,1641,24.7,125,0,0,0,0,0,0
1359,L00673,L,305.5,316.0,1556,47.4,103,0,0,0,0,0,0
1360,M00406,M,299.5,309.0,1555,30.7,43,0,0,0,0,0,0
1361,H00282,H,296.1,305.0,1453,32.3,9,0,0,0,0,0,0
1362,L00674,L,303.0,312.8,1447,57.7,4,0,0,0,0,0,0
1363,M00407,M,301.2,310.9,1699,52.3,100,1,0,0,1,0,0
1364,M00408,M,298.5,307.9,1365,41.2,119,0,0,0,0,0,0
1365,M00409,M,298.1,307.6,1827,26.9,174,0,0,0,0,0,0
1366,L00675,L,301.3,312.5,1510,60.1,158,1,0,0,1,0,0
1367,M00410,M,299.5,309.2,2050,38.0,243,0,0,0,0,0,0
1368,H00283,H,296.1,305.0,1413,42.5,28,0,0,0,0,0,0
1369,L00676,L,303.6,313.1,1582,49.1,130,0,0,0,0,0,0
1370,L00677,L,299.1,309.2,1475,20.4,153,1,0,0,1,0,0
1371,H00284,H,303.0,311.7,1396,33.6,94,0,0,0,0,0,0
1372,L00678,L,302.6,314.2,1728,39.3,1,0,0,0,0,0,0
1373,H00285,H,298.0,308.9,1340,41.3,78,0,0,0,0,0,0
1374,L00679,L,302.1,313.5,1416,27.0,204,0,0,0,0,0,0
1375,L00680,L,298.7,309.1,1642,43.3,91,0,0,0,0,0,0
1376,H00286,H,296.3,304.2,1671,40.3,55,0,0,0,0,0,0
1377,L00681,L,299.2,310.7,1288,56.7,235,1,0,0,0,1,0
1378,M00411,M,300.8,309.9,1642,50.0,141,0,0,0,0,0,0
1379,L00682,L,299.1,308.3,1561,37.3,75,0,0,0,0,0,0
1380,M00412,M,299.4,309.6,1373,38.0,14,0,0,0,0,0,0
1381,L00683,L,302.3,313.7,1396,50.1,84,0,0,0,0,0,0
1382,L00684,L,300.2,311.3,1174,42.8,123,0,0,0,0,0,0
1383,H00287,H,298.3,309.2,1845,26.3,117,0,0,0,0,0,0
1384,L00685,L,301.4,311.1,1719,60.9,220,1,1,0,1,1,0
1385,M00413,M,300.4,310.1,1307,30.1,248,0,0,0,0,0,0
1386,L00686,L,295.0,305.3,1681,64.8,44,1,0,0,1,0,0
1387,M00414,M,300.9,310.8,1435,44.3,226,0,0,0,0,0,0
1388,L00687,L,300.8,311.7,1701,33.6,46,0,0,0,0,0,0
1389,H00288,H,300.0,310.8,1449,16.3,19,1,0,0,1,0,0
1390,L00688,L,301.8,312.4,1472,47.8,123,0,0,0,0,0,0
1391,L00689,L,298.7,306.2,1486,24.5,145,0,0,0,0,0,0
1392,L00690,L,300.7,310.8,1420,43.6,229,0,0,0,0,0,0
1393,L00691,L,296.9,306.8,1788,59.3,78,1,0,0,1,0,0
1394,M00415,M,300.8,311.0,1698,28.6,60,0,0,0,0,0,0
1395,L00692,L,303.9,313.1,1557,47.4,120,0,0,0,0,0,0
1396,H00289,H,298.0,306.7,1721,31.9,203,0,0,0,0,0,0
1397,L00693,L,298.5,309.0,1246,51.3,225,1,0,0,0,1,0
1398,L00694,L,298.6,308.2,1318,40.7,4,0,0,0,0,0,0
1399,M00416,M,300.3,310.9,1622,39.8,57,0,0,0,0,0,0
1400,M00417,M,297.9,307.2,1669,52.1,80,1,0,0,1,0,0
1401,L00695,L,300.8,312.2,1588,46.3,76,0,0,0,0,0,0
1402,L00696,L,301.7,312.7,1200,32.0,59,0,0,0,0,0,0
1403,L00697,L,301.1,311.4,1347,57.9,140,0,0,0,0,0,0
1404,M00418,M,296.5,306.3,1612,24.6,99,0,0,0,0,0,0
1405,M00419,M,302.0,312.9,1972,42.8,207,0,0,0,0,0,0
1406,L00698,L,301.9,312.3,1756,31.8,39,0,0,0,0,0,0
1407,H00290,H,301.7,311.9,1820,25.1,194,0,0,0,0,0,0
1408,H00291,H,300.7,311.7,1598,28.7,179,0,0,0,0,0,0
1409,M00420,M,300.4,311.8,1597,39.5,1,0,0,0,0,0,0
1410,H00292,H,302.1,310.8,1353,43.5,216,0,0,0,0,0,0
1411,L00699,L,303.8,312.7,1708,50.6,180,1,0,0,1,0,0
1412,L00700,L,298.1,307.3,1524,54.8,194,0,0,0,0,0,0
1413,L00701,L,302.2,310.7,1661,42.8,138,0,0,0,0,0,0
1414,L00702,L,299.8,309.7,1543,35.6,10,0,0,0,0,0,0
1415,M00421,M,299.7,310.3,1587,50.4,9,0,0,0,0,0,0
1416,H00293,H,296.9,306.9,1522,33.9,27,0,0,0,0,0,0
1417,L00703,L,299.4,308.9,1578,24.0,118,0,0,0,0,0,0
1418,L00704,L,298.0,309.1,1717,49.4,138,0,0,0,0,0,0
1419,L00705,L,299.1,309.2,1311,53.2,240,1,0,0,0,1,0
1420,H00294,H,297.8,308.1,1270,31.8,248,1,1,0,0,0,0
1421,L00706,L,299.1,310.3,1614,59.6,6,1,0,0,1,0,0
1422,M00422,M,299.2,309.1,1795,45.8,156,0,0,0,0,0,0
1423,L00707,L,300.2,312.3,1841,44.3,192,0,0,0,0,0,0
1424,L00708,L,296.8,306.4,1318,34.8,179,0,0,0,0,0,0
1425,H00295,H,297.1,309.1,1465,50.2,142,0,0,0,0,0,0
1426,H00296,H,300.7,309.7,1273,24.8,6,1,0,0,1,0,0
1427,L00709,L,298.4,308.9,1439,36.6,195,0,0,0,0,0,0
1428,H00297,H,302.1,311.5,1738,32.7,54,0,0,0,0,0,0
1429,M00423,M,300.5,311.6,1535,26.9,130,0,0,0,0,0,0
1430,H00298,H,301.2,310.7,1471,48.6,19,0,0,0,0,0,0
1431,L00710,L,302.8,313.1,1635,43.4,123,0,0,0,0,0,0
1432,M00424,M,299.4,308.7,1395,48.0,2,0,0,0,0,0,0
1433,L00711,L,298.9,309.8,1823,37.2,156,0,0,0,0,0,0
1434,M00425,M,301.7,311.0,1539,49.9,19,0,0,0,0,0,0
1435,L00712,L,301.0,312.7,1466,40.8,9,0,0,0,0,0,0
1436,L00713,L,299.6,308.6,1643,35.3,188,0,0,0,0,0,0
1437,L00714,L,302.8,311.5,1706,33.6,226,0,0,0,0,0,0
1438,M00426,M,299.6,310.6,1823,20.2,89,0,0,0,0,0,0
1439,L00715,L,300.1,309.5,1500,51.6,93,0,0,0,0,0,0
1440,M00427,M,300.0,310.0,1732,50.5,217,1,0,0,1,0,0
1441,H00299,H,298.1,307.8,1556,69.3,164,1,0,0,1,0,0
1442,L00716,L,300.2,308.9,1428,36.7,83,0,0,0,0,0,0
1443,M00428,M,302.8,312.7,1398,33.3,50,0,0,0,0,0,0
1444,L00717,L,300.9,312.2,1341,23.0,116,1,0,0,1,0,0
1445,H00300,H,300.1,311.1,1405,49.6,169,0,0,0,0,0,0
1446,L00718,L,299.7,309.9,1737,47.3,200,0,0,0,0,0,0
1447,M00429,M,300.7,311.8,1664,55.5,202,1,0,0,1,0,0
1448,H00301,H,301.5,310.4,1315,30.8,96,0,0,0,0,0,0
1449,H00302,H,301.2,310.9,1225,47.2,29,0,0,0,0,0,0
1450,M00430,M,299.3,309.7,1338,34.8,221,0,0,0,0,0,0
1451,L00719,L,300.6,310.5,1398,53.4,243,1,0,0,0,1,0
1452,M00431,M,301.0,310.8,1483,45.4,44,0,0,0,0,0,0
1453,H00303,H,298.0,306.8,1747,24.4,214,0,0,0,0,0,0
1454,M00432,M,300.3,308.2,1439,38.7,99,0,0,0,0,0,0
1455,L00720,L,295.7,306.5,1838,20.5,151,0,0,0,0,0,0
1456,H00304,H,301.0,311.2,1237,28.4,158,0,0,0,0,0,0
1457,M00433,M,301.3,312.2,1475,29.0,22,0,0,0,0,0,0
1458,M00434,M,301.5,311.1,1678,33.6,52,0,0,0,0,0,0
1459,L00721,L,299.2,308.5,1689,37.4,41,0,0,0,0,0,0
1460,M00435,M,300.6,310.6,1477,41.6,163,0,0,0,0,0,0
1461,L00722,L,302.8,313.7,1717,41.1,103,0,0,0,0,0,0
1462,M00436,M,302.8,312.6,1683,39.8,112,0,0,0,0,0,0
1463,L00723,L,299.9,310.7,1415,43.3,161,0,0,0,0,0,0
1464,M00437,M,300.3,309.3,1594,27.5,84,0,0,0,0,0,0
1465,H00305,H,302.2,312.0,1663,40.7,153,0,0,0,0,0,0
1466,L00724,L,297.0,306.9,1428,54.3,70,0,0,0,0,0,0
1467,H00306,H,299.4,310.6,1841,38.3,152,0,0,0,0,0,0
1468,L00725,L,302.7,312.9,1388,44.9,2,0,0,0,0,0,0
1469,H00307,H,302.0,313.7,1563,44.0,116,0,0,0,0,0,0
1470,M00438,M,300.7,309.4,1314,48.6,42,0,0,0,0,0,0
1471,M00439,M,297.0,307.1,1556,42.9,209,0,0,0,0,0,0
1472,M00440,M,299.9,310.1,1346,48.5,133,0,0,0,0,0,0
1473,H00308,H,298.8,309.4,1485,45.1,53,0,0,0,0,0,0
1474,L00726,L,300.7,309.9,1253,46.6,51,0,0,0,0,0,0
1475,L00727,L,298.4,310.1,1681,44.4,237,0,0,0,0,0,0
1476,M00441,M,297.9,307.9,1601,29.9,12,0,0,0,0,0,0
1477,H00309,H,295.9,304.8,1732,28.3,193,0,0,0,0,0,0
1478,M00442,M,302.4,312.4,1475,36.5,111,0,0,0,0,0,0
1479,M00443,M,299.2,308.9,1740,55.5,55,1,0,0,1,0,0
1480,L00728,L,300.3,313.1,1545,38.3,103,0,0,0,0,0,0
1481,H00310,H,300.0,311.0,1558,43.1,174,0,0,0,0,0,0
1482,L00729,L,297.9,307.9,1916,20.3,204,0,0,0,0,0,0
1483,M00444,M,297.5,307.4,1451,41.9,192,0,0,0,0,0,0
1484,L00730,L,298.0,309.0,1757,40.9,65,0,0,0,0,0,0
1485,L00731,L,298.6,309.6,1623,13.3,67,1,0,0,1,0,0
1486,L00732,L,300.7,307.8,1435,42.9,12,0,0,0,0,0,0
1487,L00733,L,298.4,309.0,1302,23.5,29,1,0,0,1,0,0
1488,M00445,M,303.5,313.5,1353,32.7,235,1,1,0,0,0,0
1489,L00734,L,302.1,310.8,1740,49.9,75,1,0,0,1,0,0
1490,L00735,L,301.6,312.5,1848,41.6,160,0,0,0,0,0,0
1491,L00736,L,299.8,312.0,1554,35.5,165,0,0,0,0,0,0
1492,L00737,L,303.0,313.6,1563,34.7,42,0,0,0,0,0,0
1493,L00738,L,299.6,310.7,1676,35.8,111,0,0,0,0,0,0
1494,L00739,L,299.9,311.7,1551,41.6,97,0,0,0,0,0,0
1495,M00446,M,300.3,309.5,1734,28.0,2,0,0,0,0,0,0
1496,M00447,M,301.4,309.5,1590,51.2,42,0,0,0,0,0,0
1497,M00448,M,301.3,312.0,1562,28.5,72,0,0,0,0,0,0
1498,L00740,L,299.0,308.8,1412,22.7,198,1,0,0,1,0,0
1499,L00741,L,298.9,307.5,1368,49.9,131,0,0,0,0,0,0
1500,H00311,H,301.3,311.2,1168,35.6,91,0,0,0,0,0,0
1501,M00449,M,301.4,312.1,1758,40.7,233,0,0,0,0,0,0
1502,L00742,L,299.2,309.1,1511,46.5,31,0,0,0,0,0,0
1503,L00743,L,296.8,306.0,1466,32.8,0,0,0,0,0,0,0
1504,L00744,L,299.6,309.4,1188,41.4,140,0,0,0,0,0,0
1505,L00745,L,301.2,311.2,1423,46.5,35,0,0,0,0,0,0
1506,L00746,L,303.6,311.7,1399,56.4,25,0,0,0,0,0,0
1507,M00450,M,297.6,307.5,1395,34.9,204,1,1,0,0,0,0
1508,M00451,M,299.1,307.8,1597,35.4,149,0,0,0,0,0,0
1509,M00452,M,299.2,309.9,1559,45.6,87,0,0,0,0,0,0
1510,M00453,M,302.7,311.1,1294,42.1,138,1,0,1,0,0,0
1511,H00312,H,299.9,310.9,1305,38.6,24,0,0,0,0,0,0
1512,M00454,M,298.2,307.8,1305,55.9,78,0,0,0,0,0,0
1513,H00313,H,301.1,310.6,1862,23.2,172,0,0,0,0,0,0
1514,L00747,L,299.2,309.5,1805,25.8,163,0,0,0,0,0,0
1515,L00748,L,297.6,306.7,1385,23.3,101,1,0,0,1,0,0
1516,L00749,L,298.2,308.5,1184,52.0,33,0,0,0,0,0,0
1517,M00455,M,303.5,312.8,1560,45.1,161,0,0,0,0,0,0
1518,H00314,H,300.8,310.2,1546,26.3,31,0,0,0,0,0,0
1519,L00750,L,300.2,310.6,1594,38.8,101,0,0,0,0,0,0
1520,H00315,H,299.5,308.4,1670,39.7,152,0,0,0,0,0,0
1521,L00751,L,300.6,309.3,1618,17.9,194,1,0,0,1,0,0
1522,H00316,H,300.6,310.8,1338,41.9,243,0,0,0,0,0,0
1523,L00752,L,300.6,310.6,1590,28.2,186,0,0,0,0,0,0
1524,L00753,L,300.2,310.4,1690,47.1,120,0,0,0,0,0,0
1525,L00754,L,301.7,312.0,1408,28.5,56,0,0,0,0,0,0
1526,L00755,L,300.0,310.1,1591,42.2,106,0,0,0,0,0,0
1527,L00756,L,298.0,308.6,1439,52.9,238,1,0,0,0,1,0
1528,L00757,L,298.8,308.9,1895,49.7,156,1,0,0,1,0,0
1529,H00317,H,296.0,304.0,1300,45.1,20,1,0,1,0,0,0
1530,M00456,M,304.1,312.4,1744,39.2,72,0,0,0,0,0,0
1531,L00758,L,301.7,313.6,1238,25.0,84,1,0,0,1,0,0
1532,M00457,M,298.3,308.3,1858,35.6,20,0,0,0,0,0,0
1533,M00458,M,299.4,310.4,1333,37.7,198,0,0,0,0,0,0
1534,L00759,L,298.7,308.4,1571,37.0,174,0,0,0,0,0,0
1535,L00760,L,303.1,313.0,1246,24.7,159,1,0,0,1,0,0
1536,L00761,L,297.2,306.7,1296,44.3,149,0,0,0,0,0,0
1537,L00762,L,300.2,312.7,1698,28.2,41,0,0,0,0,0,0
1538,M00459,M,299.8,310.1,1722,55.5,10,1,0,0,1,0,0
1539,L00763,L,301.7,311.2,1580,41.5,246,0,0,0,0,0,0
1540,M00460,M,299.8,308.1,1670,49.8,57,0,0,0,0,0,0
1541,M00461,M,296.5,308.5,1725,49.6,97,0,0,0,0,0,0
1542,L00764,L,299.5,309.3,1415,60.8,205,1,0,0,1,1,0
1543,M00462,M,298.1,308.8,1287,41.8,239,1,1,0,0,0,0
1544,L00765,L,300.2,311.1,1535,36.1,40,0,0,0,0,0,0
1545,H00318,H,302.9,312.4,1434,36.3,85,0,0,0,0,0,0
1546,L00766,L,296.5,307.2,1607,55.0,152,1,0,0,1,0,0
1547,H00319,H,298.4,307.8,1636,26.8,143,0,0,0,0,0,0
1548,M00463,M,298.9,307.9,1415,31.2,224,1,1,0,0,0,0
1549,L00767,L,299.2,310.4,1664,42.4,193,0,0,0,0,0,0
1550,M00464,M,301.5,311.3,1655,38.5,102,0,0,0,0,0,0
1551,H00320,H,299.7,310.2,1667,49.7,107,0,0,0,0,0,0
1552,M00465,M,300.8,311.2,1465,26.6,241,0,0,0,0,0,0
1553,H00321,H,298.7,309.3,1677,39.3,69,0,0,0,0,0,0
1554,H00322,H,300.5,308.9,1631,38.1,161,0,0,0,0,0,0
1555,L00768,L,301.6,311.0,1652,29.3,45,0,0,0,0,0,0
1556,L00769,L,298.5,308.2,1838,48.8,47,1,0,0,1,0,0
1557,M00466,M,301.6,310.8,1596,39.1,233,1,1,0,0,0,0
1558,L00770,L,300.1,310.5,1429,38.7,36,0,0,0,0,0,0
1559,H00323,H,302.1,313.3,1339,31.8,21,0,0,0,0,0,0
1560,H00324,H,299.6,310.9,1739,36.3,79,0,0,0,0,0,0
1561,L00771,L,300.8,310.5,1601,29.8,134,0,0,0,0,0,0
1562,L00772,L,299.9,310.2,1836,48.6,174,1,0,0,1,0,0
1563,M00467,M,299.8,310.2,1174,50.3,76,0,0,0,0,0,0
1564,L00773,L,300.5,311.1,1701,56.8,112,1,0,0,1,0,0
1565,H00325,H,301.1,310.2,1491,44.3,241,0,0,0,0,0,0
1566,L00774,L,297.5,309.3,1474,36.6,241,0,0,0,0,0,0
1567,M00468,M,302.9,313.8,1401,35.3,16,0,0,0,0,0,0
1568,L00775,L,296.3,307.3,1699,44.9,2,0,0,0,0,0,0
1569,M00469,M,298.6,309.8,1647,42.0,139,0,0,0,0,0,0
1570,L00776,L,299.8,310.3,1333,38.3,197,0,0,0,0,0,0
1571,M00470,M,300.8,309.8,1567,37.4,75,0,0,0,0,0,0
1572,L00777,L,303.2,313.1,1664,51.7,202,1,0,0,1,0,0
1573,M00471,M,296.3,304.6,1569,35.7,232,1,1,0,0,0,0
1574,H00326,H,299.0,309.4,1736,53.5,18,1,0,0,1,0,0
1575,L00778,L,295.7,305.5,1486,41.8,158,0,0,0,0,0,0
1576,L00779,L,300.1,310.1,1168,36.3,114,0,0,0,0,0,0
1577,L00780,L,300.5,311.7,1571,32.1,1,0,0,0,0,0,0
1578,M00472,M,303.2,312.7,1570,38.5,236,0,0,0,0,0,0
1579,M00473,M,300.2,309.9,1593,45.0,95,0,0,0,0,0,0
1580,M00474,M,302.1,312.1,1736,36.2,127,0,0,0,0,0,0
1581,L00781,L,301.2,309.4,1188,48.5,17,1,0,1,0,0,0
1582,L00782,L,299.1,308.8,1495,35.7,54,0,0,0,0,0,0
1583,M00475,M,297.2,304.7,1372,38.8,3,1,0,1,0,0,0
1584,L00783,L,300.6,310.0,1321,27.1,149,0,0,0,0,0,0
1585,H00327,H,297.0,307.9,1525,45.6,119,0,0,0,0,0,0
1586,L00784,L,302.6,313.0,1663,37.3,77,0,0,0,0,0,0
1587,M00476,M,299.7,309.1,1591,55.8,77,1,0,0,1,0,0
1588,L00785,L,302.4,312.4,1414,47.0,228,0,0,0,0,0,0
1589,L00786,L,299.0,307.9,1511,40.8,92,0,0,0,0,0,0
1590,M00477,M,300.5,310.5,1704,52.3,242,1,0,0,1,1,0
1591,M00478,M,300.4,313.3,1660,44.1,33,0,0,0,0,0,0
1592,H00328,H,299.9,311.7,1439,50.1,175,0,0,0,0,0,0
1593,L00787,L,299.1,309.2,1427,31.4,126,0,0,0,0,0,0
1594,L00788,L,300.8,311.0,1230,44.6,197,0,0,0,0,0,0
1595,M00479,M,298.1,307.1,1461,45.0,106,0,0,0,0,0,0
1596,M00480,M,297.6,306.8,1227,24.6,203,1,0,0,1,0,0
1597,L00789,L,302.5,312.9,1908,55.1,151,1,0,0,1,0,0
1598,L00790,L,301.5,311.0,1384,28.4,44,0,0,0,0,0,0
1599,L00791,L,300.1,311.0,1736,27.0,122,0,0,0,0,0,0
1600,H00329,H,303.3,314.9,1863,11.5,92,1,0,0,1,0,0
1601,L00792,L,299.5,309.8,1576,44.7,137,0,0,0,0,0,0
1602,L00793,L,302.6,312.7,1520,23.6,173,0,0,0,0,0,0
1603,L00794,L,300.4,308.7,1301,34.8,163,1,0,1,0,0,0
1604,L00795,L,298.0,308.7,1447,48.4,97,0,0,0,0,0,0
1605,L00796,L,303.7,312.6,1825,41.9,50,0,0,0,0,0,0
1606,M00481,M,302.0,311.6,1600,33.8,159,0,0,0,0,0,0
1607,L00797,L,299.8,310.8,1543,24.1,159,0,0,0,0,0,0
1608,H00330,H,301.5,312.5,1772,38.9,242,0,0,0,0,0,0
1609,L00798,L,299.2,308.7,1662,48.6,142,0,0,0,0,0,0
1610,M00482,M,301.7,311.3,1511,47.0,136,0,0,0,0,0,0
1611,H00331,H,295.2,304.5,1576,57.9,57,1,0,0,1,0,0
1612,M00483,M,298.0,306.8,1400,33.5,163,0,0,0,0,0,0
1613,M00484,M,302.0,311.4,1437,26.8,149,0,0,0,0,0,0
1614,L00799,L,299.5,307.9,1501,43.1,12,0,0,0,0,0,0
1615,L00800,L,300.4,311.1,1637,42.1,168,0,0,0,0,0,0
1616,M00485,M,297.3,307.7,1314,40.0,107,0,0,0,0,0,0
1617,H00332,H,303.7,314.3,1551,32.5,205,0,0,0,0,0,0
1618,M00486,M,302.4,311.4,1468,13.5,153,1,0,0,1,0,0
1619,M00487,M,299.6,308.4,1376,29.9,119,0,0,0,0,0,0
1620,M00488,M,299.2,309.3,1469,45.6,127,0,0,0,0,0,0
1621,L00801,L,302.1,312.2,1168,42.8,188,0,0,0,0,0,0
1622,L00802,L,304.0,313.9,1402,49.7,43,0,0,0,0,0,0
1623,M00489,M,301.9,311.6,1341,43.5,216,0,0,0,0,0,0
1624,H00333,H,304.3,316.0,1487,47.4,85,0,0,0,0,0,0
1625,L00803,L,298.2,308.6,1168,47.6,29,0,0,0,0,0,0
1626,M00490,M,298.4,310.4,1572,40.2,76,0,0,0,0,0,0
1627,L00804,L,297.6,308.9,1700,40.3,241,0,0,0,0,0,0
1628,M00491,M,300.9,312.6,1517,10.9,223,1,0,0,1,0,0
1629,L00805,L,300.4,309.3,1627,33.4,164,0,0,0,0,0,0
1630,L00806,L,299.7,310.3,1446,33.9,57,0,0,0,0,0,0
1631,M00492,M,301.6,311.2,1259,38.9,82,0,0,0,0,0,0
1632,L00807,L,302.5,310.8,1538,30.7,162,0,0,0,0,0,0
1633,M00493,M,296.9,308.4,1659,49.4,121,0,0,0,0,0,0
1634,M00494,M,298.8,308.5,1300,31.2,176,0,0,0,0,0,0
1635,H00334,H,301.6,310.5,1454,51.0,186,0,0,0,0,0,0
1636,L00808,L,299.1,308.7,1493,30.4,243,0,0,0,0,0,0
1637,L00809,L,298.4,307.6,2048,34.0,220,0,0,0,0,0,0
1638,L00810,L,302.0,311.3,1577,33.2,134,0,0,0,0,0,0
1639,H00335,H,297.4,307.2,1196,35.0,34,0,0,0,0,0,0
1640,H00336,H,299.4,311.1,1168,51.8,166,0,0,0,0,0,0
1641,M00495,M,300.7,310.0,1668,36.7,5,0,0,0,0,0,0
1642,H00337,H,298.9,310.6,1982,37.0,77,0,0,0,0,0,0
1643,M00496,M,301.6,312.4,1487,32.6,219,0,0,0,0,0,0
1644,M00497,M,298.9,309.3,1476,37.4,64,0,0,0,0,0,0
1645,L00811,L,302.8,313.5,1615,42.2,109,0,0,0,0,0,0
1646,M00498,M,299.7,309.7,1395,37.8,84,0,0,0,0,0,0
1647,L00812,L,301.3,312.6,1168,38.5,154,0,0,0,0,0,0
1648,H00338,H,301.5,312.1,1723,50.2,213,1,0,0,1,0,0
1649,M00499,M,298.7,307.0,1428,42.7,138,0,0,0,0,0,0
1650,M00500,M,295.9,306.2,1725,28.5,8,0,0,0,0,0,0
1651,L00813,L,300.7,311.5,1401,39.1,137,0,0,0,0,0,0
1652,L00814,L,300.1,309.8,1559,34.6,181,0,0,0,0,0,0
1653,L00815,L,301.1,311.2,1691,45.2,42,0,0,0,0,0,0
1654,L00816,L,299.5,308.9,1729,41.0,119,0,0,0,0,0,0
1655,L00817,L,299.1,307.7,1579,51.3,49,0,0,0,0,0,0
1656,H00339,H,304.0,312.4,1570,32.6,112,0,0,0,0,0,0
1657,M00501,M,297.1,305.6,1648,38.1,173,0,0,0,0,0,0
1658,L00818,L,301.5,312.2,1621,29.4,62,0,0,0,0,0,0
1659,L00819,L,298.9,306.4,1306,39.6,176,1,0,1,0,0,0
1660,L00820,L,299.3,308.6,1310,24.6,230,1,1,0,1,0,0
1661,M00502,M,299.4,308.6,1168,43.2,222,0,0,0,0,0,0
1662,M00503,M,298.4,308.1,1675,39.4,223,0,0,0,0,0,0
1663,H00340,H,301.1,309.2,1467,41.6,158,0,0,0,0,0,0
1664,L00821,L,302.8,313.2,1684,47.9,190,0,0,0,0,0,0
1665,H00341,H,300.9,309.6,1610,42.2,135,0,0,0,0,0,0
1666,H00342,H,300.2,311.3,1358,27.2,167,1,0,0,0,0,1
1667,L00822,L,298.0,307.4,1516,34.4,187,0,0,0,0,0,0
1668,H00343,H,301.0,310.9,1456,39.2,178,0,0,0,0,0,0
1669,L00823,L,304.3,314.3,1428,36.7,132,0,0,0,0,0,0
1670,H00344,H,299.2,309.4,1701,37.9,158,0,0,0,0,0,0
1671,L00824,L,299.2,309.2,1987,56.2,134,1,0,0,1,0,0
1672,H00345,H,298.9,308.5,1737,41.0,172,0,0,0,0,0,0
1673,H00346,H,299.0,309.3,1533,43.8,46,0,0,0,0,0,0
1674,H00347,H,294.5,305.0,1763,19.9,141,0,0,0,0,0,0
1675,M00504,M,300.8,310.0,1844,47.5,24,1,0,0,1,0,0
1676,L00825,L,298.3,308.7,1288,68.5,84,1,0,0,1,0,0
1677,L00826,L,296.8,308.0,1757,53.5,174,1,0,0,1,0,0
1678,L00827,L,301.5,312.2,1675,35.6,92,0,0,0,0,0,0
1679,L00828,L,297.8,308.7,1750,62.8,173,1,0,0,1,0,0
1680,M00505,M,299.3,309.5,1683,40.3,172,0,0,0,0,0,0
1681,L00829,L,302.9,312.0,1497,43.1,158,0,0,0,0,0,0
1682,H00348,H,297.2,306.4,1901,37.3,51,0,0,0,0,0,0
1683,M00506,M,296.9,307.2,1598,37.1,126,0,0,0,0,0,0
1684,H00349,H,300.5,311.4,1460,17.5,3,1,0,0,1,0,0
1685,L00830,L,302.3,315.1,1628,47.9,117,0,0,0,0,0,0
1686,H00350,H,296.9,307.9,1712,37.0,232,0,0,0,0,0,0
1687,H00351,H,300.8,309.6,1554,38.1,45,0,0,0,0,0,0
1688,L00831,L,301.2,310.4,1608,42.7,156,0,0,0,0,0,0
1689,M00507,M,295.9,308.2,1553,35.9,176,0,0,0,0,0,0
1690,M00508,M,301.6,311.4,1419,42.6,192,0,0,0,0,0,0
1691,L00832,L,301.8,311.8,1390,52.0,95,0,0,0,0,0,0
1692,M00509,M,299.4,308.4,1286,44.0,0,0,0,0,0,0,0
1693,L00833,L,302.5,314.1,1809,38.5,67,0,0,0,0,0,0
1694,L00834,L,302.3,312.8,1498,38.8,211,0,0,0,0,0,0
1695,L00835,L,300.2,309.4,1168,42.0,186,0,0,0,0,0,0
1696,L00836,L,299.1,308.1,1608,31.7,231,0,0,0,0,0,0
1697,L00837,L,298.1,308.4,1605,42.1,164,0,0,0,0,0,0
1698,L00838,L,299.9,309.9,1203,46.8,77,0,0,0,0,0,0
1699,H00352,H,301.1,311.9,1389,40.9,121,0,0,0,0,0,0
1700,M00510,M,299.4,309.9,1381,35.8,179,0,0,0,0,0,0
1701,H00353,H,295.6,305.3,1405,37.1,247,1,1,0,0,0,0
1702,L00839,L,302.5,312.0,1755,46.5,118,0,0,0,0,0,0
1703,L00840,L,300.4,310.2,1511,29.0,77,0,0,0,0,0,0
1704,M00511,M,299.2,308.6,1461,31.8,245,0,0,0,0,0,0
1705,L00841,L,301.7,311.6,1738,23.9,129,0,0,0,0,0,0
1706,L00842,L,303.0,313.0,1626,40.3,20,0,0,0,0,0,0
1707,M00512,M,294.4,303.5,1226,48.6,28,0,0,0,0,0,0
1708,L00843,L,300.9,311.5,1427,53.3,75,0,0,0,0,0,0
1709,M00513,M,297.1,306.7,1595,55.5,81,1,0,0,1,0,0
1710,M00514,M,301.0,310.2,1370,33.1,165,0,0,0,0,0,0
1711,L00844,L,300.3,309.9,1901,42.5,232,0,0,0,0,0,0
1712,L00845,L,301.3,311.5,1558,36.0,159,0,0,0,0,0,0
1713,M00515,M,299.0,309.1,1403,56.5,168,0,0,0,0,0,0
1714,L00846,L,296.3,306.7,1336,53.0,21,0,0,0,0,0,0
1715,L00847,L,299.1,310.0,1704,41.7,227,0,0,0,0,0,0
1716,H00354,H,300.8,312.1,1422,33.8,169,0,0,0,0,0,0
1717,L00848,L,302.0,312.3,1606,5.5,139,1,0,0,1,0,0
1718,M00516,M,297.7,306.6,1331,25.7,56,0,0,0,0,0,0
1719,H00355,H,302.1,311.8,1550,21.5,212,1,0,0,1,0,0
1720,L00849,L,298.7,307.7,1424,25.5,7,0,0,0,0,0,0
1721,L00850,L,300.7,312.4,1481,58.8,155,1,0,0,1,0,0
1722,L00851,L,299.0,311.0,1395,27.0,56,0,0,0,0,0,0
1723,L00852,L,300.4,311.1,1721,29.4,180,0,0,0,0,0,0
1724,L00853,L,301.8,312.7,1450,30.8,213,0,0,0,0,0,0
1725,M00517,M,297.5,307.8,1512,66.0,243,1,1,0,1,1,0
1726,L00854,L,298.6,309.0,1520,39.4,207,0,0,0,0,0,0
1727,M00518,M,300.4,308.8,1826,49.9,203,1,0,0,1,0,0
1728,H00356,H,304.8,314.7,1697,41.8,240,0,0,0,0,0,0
1729,H00357,H,298.3,307.4,1679,20.2,16,0,0,0,0,0,0
1730,M00519,M,304.1,314.4,1255,55.3,20,0,0,0,0,0,0
1731,L00855,L,304.0,313.9,1420,44.0,50,0,0,0,0,0,0
1732,M00520,M,299.8,311.7,1750,38.8,134,0,0,0,0,0,0
1733,M00521,M,299.4,310.3,1328,57.6,188,0,0,0,0,0,0
1734,L00856,L,298.6,308.9,1553,36.5,211,1,1,0,0,0,0
1735,L00857,L,299.9,309.6,1347,38.6,227,1,1,0,0,0,0
1736,H00358,H,297.2,308.9,1365,36.5,243,1,1,0,0,0,0
1737,L00858,L,299.8,309.8,1838,50.8,53,1,0,0,1,0,0
1738,L00859,L,303.0,313.3,1666,48.1,168,0,0,0,0,0,0
1739,L00860,L,298.8,308.8,1713,42.8,59,0,0,0,0,0,0
1740,L00861,L,299.5,309.1,1678,29.5,43,0,0,0,0,0,0
1741,H00359,H,296.6,306.6,1513,36.3,76,0,0,0,0,0,0
1742,M00522,M,300.7,308.7,1414,29.5,232,0,0,0,0,0,0
1743,M00523,M,300.5,309.0,1466,51.6,28,0,0,0,0,0,0
1744,L00862,L,300.1,310.4,1503,24.3,170,0,0,0,0,0,0
1745,L00863,L,299.6,311.2,1855,55.9,164,1,0,0,1,0,0
1746,L00864,L,299.4,309.7,1298,52.9,60,0,0,0,0,0,0
1747,L00865,L,301.0,310.3,1438,30.8,186,0,0,0,0,0,0
1748,L00866,L,299.9,308.5,1374,35.8,60,0,0,0,0,0,0
1749,M00524,M,300.6,311.4,1727,32.9,71,0,0,0,0,0,0
1750,L00867,L,300.4,309.8,1869,44.3,19,0,0,0,0,0,0
1751,M00525,M,302.2,312.8,1593,54.1,171,1,0,0,1,0,0
1752,L00868,L,301.4,311.8,1607,51.9,55,0,0,0,0,0,0
1753,L00869,L,300.4,310.9,1554,35.7,175,0,0,0,0,0,0
1754,L00870,L,303.0,313.0,1616,52.5,73,0,0,0,0,0,0
1755,H00360,H,300.8,311.2,1676,51.7,142,1,0,0,1,0,0
1756,H00361,H,302.6,312.5,1614,38.1,248,1,1,0,0,0,0
1757,H00362,H,301.2,310.6,1627,39.9,203,0,0,0,0,0,0
1758,L00871,L,296.3,305.3,1676,55.4,183,1,0,0,1,0,0
1759,L00872,L,302.6,310.2,1219,50.6,183,1,0,1,0,0,0
1760,M00526,M,300.3,310.1,1538,52.2,45,0,0,0,0,0,0
1761,L00873,L,299.9,311.4,1592,65.9,184,1,0,0,1,1,0
1762,H00363,H,300.6,311.3,1612,45.5,44,0,0,0,0,0,0
1763,L00874,L,299.3,309.5,1507,43.3,207,0,0,0,0,0,0
1764,L00875,L,300.5,309.8,1566,53.6,41,0,0,0,0,0,0
1765,L00876,L,298.8,309.8,1409,59.9,189,1,0,0,0,1,0
1766,L00877,L,302.5,312.4,1220,33.9,7,0,0,0,0,0,0
1767,M00527,M,299.8,311.4,1713,38.0,83,0,0,0,0,0,0
1768,L00878,L,299.2,308.2,1334,29.8,13,0,0,0,0,0,0
1769,L00879,L,298.2,307.5,1509,43.4,228,0,0,0,0,0,0
1770,L00880,L,300.5,309.7,1403,48.9,25,0,0,0,0,0,0
1771,L00881,L,300.4,308.9,1822,30.5,101,0,0,0,0,0,0
1772,M00528,M,300.8,309.9,1523,51.3,244,1,1,0,0,1,0
1773,H00364,H,297.9,308.0,1482,35.5,40,0,0,0,0,0,0
1774,H00365,H,296.8,306.1,1671,34.7,236,0,0,0,0,0,0
1775,M00529,M,301.3,307.4,1924,51.3,28,1,0,0,1,0,0
1776,L00882,L,303.0,314.1,1610,33.7,190,0,0,0,0,0,0
1777,M00530,M,297.9,306.2,1470,26.0,12,0,0,0,0,0,0
1778,L00883,L,303.2,313.8,1662,47.4,97,0,0,0,0,0,0
1779,L00884,L,300.6,310.6,1256,38.7,213,0,0,0,0,0,0
1780,H00366,H,300.0,312.1,1546,52.0,236,0,0,0,0,0,0
1781,L00885,L,299.2,310.2,1894,48.3,217,1,0,0,1,0,0
1782,H00367,H,297.2,306.7,1566,22.5,225,0,0,0,0,0,0
1783,L00886,L,302.0,311.3,1557,53.2,186,0,0,0,0,0,0
1784,M00531,M,298.4,309.9,1541,59.0,46,1,0,0,1,0,0
1785,M00532,M,298.4,306.9,1467,50.3,215,0,0,0,0,0,0
1786,H00368,H,302.0,312.2,1594,50.7,247,0,0,0,0,0,0
1787,M00533,M,296.2,306.1,1676,37.5,20,0,0,0,0,0,0
1788,M00534,M,297.0,306.7,1478,35.2,94,0,0,0,0,0,0
1789,L00887,L,300.0,310.4,1168,42.1,11,0,0,0,0,0,0
1790,M00535,M,300.6,310.8,1621,49.2,105,0,0,0,0,0,0
1791,L00888,L,301.0,311.5,1919,48.9,23,1,0,0,1,0,0
1792,M00536,M,299.4,309.5,1470,35.6,20,0,0,0,0,0,0
1793,M00537,M,305.1,315.5,1274,34.6,3,0,0,0,0,0,0
1794,M00538,M,299.5,309.6,1659,25.1,24,0,0,0,0,0,0
1795,L00889,L,299.5,308.8,1850,46.5,7,1,0,0,1,0,0
1796,L00890,L,298.4,308.4,1632,36.1,163,0,0,0,0,0,0
1797,M00539,M,300.2,309.5,1846,37.0,33,0,0,0,0,0,0
1798,L00891,L,301.2,310.4,1680,57.3,113,1,0,0,1,0,0
1799,L00892,L,302.4,312.1,1664,46.0,49,0,0,0,0,0,0
1800,L00893,L,297.0,306.9,1445,43.2,237,0,0,0,0,0,0
1801,H00369,H,299.5,309.5,1589,48.3,90,0,0,0,0,0,0
1802,M00540,M,300.9,311.8,1532,54.2,27,0,0,0,0,0,0
1803,L00894,L,301.2,310.7,1526,23.8,61,0,0,0,0,0,0
1804,L00895,L,300.0,310.2,1492,34.3,92,0,0,0,0,0,0
1805,L00896,L,301.1,311.2,1578,37.7,126,0,0,0,0,0,0
1806,M00541,M,298.4,307.8,1305,30.2,220,0,0,0,0,0,0
1807,M00542,M,303.1,313.2,1683,37.3,201,0,0,0,0,0,0
1808,L00897,L,302.0,313.0,1380,24.5,43,0,0,0,0,0,0
1809,L00898,L,297.3,307.5,1493,49.2,159,0,0,0,0,0,0
1810,L00899,L,297.8,308.0,1597,34.8,7,0,0,0,0,0,0
1811,M00543,M,297.9,307.2,1372,42.0,181,0,0,0,0,0,0
1812,M00544,M,301.4,313.4,1186,40.5,144,0,0,0,0,0,0
1813,L00900,L,297.4,306.8,1469,45.6,139,0,0,0,0,0,0
1814,L00901,L,299.3,307.6,1281,15.4,124,1,0,1,1,0,0
1815,L00902,L,300.9,311.8,1665,44.5,89,0,0,0,0,0,0
1816,H00370,H,299.9,309.8,1331,37.2,243,0,0,0,0,0,0
1817,L00903,L,300.5,310.2,1803,44.1,194,0,0,0,0,0,0
1818,M00545,M,297.9,307.4,1536,28.2,105,0,0,0,0,0,0
1819,M00546,M,301.2,313.1,1548,44.1,202,0,0,0,0,0,0
1820,L00904,L,298.8,309.2,1183,53.0,205,0,0,0,0,0,0
1821,L00905,L,299.4,309.9,1563,41.9,70,0,0,0,0,0,0
1822,L00906,L,300.5,310.7,1523,32.8,153,0,0,0,0,0,0
1823,M00547,M,300.2,310.5,1305,33.3,100,0,0,0,0,0,0
1824,M00548,M,300.0,311.4,1553,45.8,160,0,0,0,0,0,0
1825,M00549,M,298.5,308.2,1466,45.7,171,0,0,0,0,0,0
1826,M00550,M,299.4,307.9,1499,43.6,239,1,1,0,0,0,0
1827,L00907,L,300.0,310.9,1542,39.6,31,0,0,0,0,0,0
1828,H00371,H,297.2,307.7,1453,42.0,165,0,0,0,0,0,0
1829,M00551,M,299.1,309.2,1582,39.4,211,0,0,0,0,0,0
1830,L00908,L,300.8,311.3,1522,36.2,9,0,0,0,0,0,0
1831,H00372,H,297.4,307.0,1622,47.6,78,0,0,0,0,0,0
1832,M00552,M,302.3,312.3,1443,43.1,206,0,0,0,0,0,0
1833,M00553,M,302.5,312.4,1347,52.9,197,0,0,0,0,0,0
1834,M00554,M,297.5,306.9,1411,51.2,246,1,1,0,0,1,0
1835,H00373,H,302.7,313.9,1796,42.8,216,0,0,0,0,0,0
1836,M00555,M,299.7,308.3,1709,46.0,128,0,0,0,0,0,0
1837,L00909,L,300.8,313.2,1755,30.4,197,0,0,0,0,0,0
1838,L00910,L,299.0,309.9,1767,39.2,76,0,0,0,0,0,0
1839,H00374,H,301.8,310.0,1454,43.4,74,0,0,0,0,0,0
1840,L00911,L,300.8,310.6,1590,24.2,215,0,0,0,0,0,0
1841,L00912,L,298.4,308.2,1551,44.3,211,0,0,0,0,0,0
1842,L00913,L,297.7,308.1,1656,30.4,89,0,0,0,0,0,0
1843,L00914,L,297.1,306.1,1486,31.5,24,0,0,0,0,0,0
1844,M00556,M,300.4,310.4,1554,34.7,51,0,0,0,0,0,0
1845,H00375,H,301.1,311.0,1550,39.7,51,0,0,0,0,0,0
1846,L00915,L,301.3,310.6,1633,26.7,11,0,0,0,0,0,0
1847,L00916,L,299.8,308.9,1655,48.6,45,0,0,0,0,0,0
1848,L00917,L,297.7,308.6,1554,41.8,136,0,0,0,0,0,0
1849,H00376,H,298.6,306.9,1560,59.2,44,1,0,0,1,0,0
1850,M00557,M,302.3,312.8,1578,43.0,35,0,0,0,0,0,0
1851,L00918,L,299.0,309.8,1832,45.7,136,0,0,0,0,0,0
1852,H00377,H,300.3,310.1,1228,31.5,96,0,0,0,0,0,0
1853,H00378,H,297.8,307.9,1364,28.2,167,0,0,0,0,0,0
1854,H00379,H,300.7,311.9,1658,46.2,161,0,0,0,0,0,0
1855,H00380,H,299.1,308.4,1586,29.1,87,0,0,0,0,0,0
1856,L00919,L,302.1,311.5,1585,46.4,52,0,0,0,0,0,0
1857,M00558,M,301.5,311.0,1657,57.1,108,1,0,0,1,0,0
1858,L00920,L,299.0,310.2,1576,49.5,44,0,0,0,0,0,0
1859,H00381,H,299.7,311.0,1437,45.7,125,0,0,0,0,0,0
1860,M00559,M,298.9,307.5,1650,42.7,96,0,0,0,0,0,0
1861,M00560,M,297.2,308.2,1541,36.2,160,0,0,0,0,0,0
1862,M00561,M,298.3,309.1,1457,38.9,28,0,0,0,0,0,0
1863,L00921,L,300.4,312.0,1661,34.3,165,0,0,0,0,0,0
1864,M00562,M,300.7,311.1,1654,26.8,47,0,0,0,0,0,0
1865,H00382,H,300.3,310.3,1576,40.4,240,0,0,0,0,0,0
1866,H00383,H,299.4,310.5,1845,51.1,204,1,0,0,1,0,0
1867,L00922,L,301.9,312.6,1775,27.1,81,0,0,0,0,0,0
1868,L00923,L,300.1,312.3,1717,54.0,58,1,0,0,1,0,0
1869,L00924,L,301.4,312.4,1997,52.2,61,1,0,0,1,0,0
1870,M00563,M,296.5,306.7,1511,44.0,34,0,0,0,0,0,0
1871,H00384,H,292.2,301.0,1454,44.1,174,0,0,0,0,0,0
1872,L00925,L,300.6,310.0,1692,38.1,58,0,0,0,0,0,0
1873,M00564,M,297.2,305.8,1492,40.4,186,0,0,0,0,0,0
1874,H00385,H,299.6,309.4,1540,35.4,129,0,0,0,0,0,0
1875,M00565,M,299.4,310.3,1361,40.3,88,0,0,0,0,0,0
1876,M00566,M,303.2,313.2,1646,41.4,249,0,0,0,0,0,0
1877,M00567,M,300.8,311.8,1274,58.8,187,0,0,0,0,0,0
1878,M00568,M,300.3,310.6,1520,45.7,133,0,0,0,0,0,0
1879,L00926,L,301.7,311.3,1535,37.9,24,0,0,0,0,0,0
1880,M00569,M,300.7,310.8,1459,39.0,52,0,0,0,0,0,0
1881,M00570,M,299.1,309.6,1223,32.9,211,0,0,0,0,0,0
1882,H00386,H,302.1,312.2,1222,34.5,123,0,0,0,0,0,0
1883,M00571,M,297.8,308.0,1404,49.1,77,0,0,0,0,0,0
1884,M00572,M,300.6,309.8,1634,35.1,113,0,0,0,0,0,0
1885,L00927,L,296.9,306.5,1589,33.8,131,0,0,0,0,0,0
1886,L00928,L,300.4,312.7,1535,34.1,199,0,0,0,0,0,0
1887,L00929,L,300.4,311.6,1379,32.7,225,1,1,0,0,0,0
1888,L00930,L,303.4,311.9,1599,51.3,91,0,0,0,0,0,0
1889,M00573,M,296.9,304.5,1215,41.4,55,1,0,1,0,0,0
1890,H00387,H,298.8,308.9,1168,37.2,1,0,0,0,0,0,0
1891,L00931,L,301.6,312.5,1494,40.3,144,0,0,0,0,0,0
1892,L00932,L,300.7,310.2,1440,42.2,195,0,0,0,0,0,0
1893,H00388,H,300.4,311.4,1719,32.5,246,1,1,0,0,0,0
1894,L00933,L,298.1,308.2,1566,26.1,47,0,0,0,0,0,0
1895,M00574,M,298.8,308.6,1833,53.4,225,1,0,0,1,1,0
1896,M00575,M,302.5,313.3,1439,49.9,154,0,0,0,0,0,0
1897,M00576,M,299.9,309.4,1625,43.8,210,0,0,0,0,0,0
1898,L00934,L,300.8,310.5,1492,49.2,91,0,0,0,0,0,0
1899,L00935,L,299.8,310.5,1785,59.1,101,1,0,0,1,0,0
1900,M00577,M,297.6,307.6,1501,34.6,33,0,0,0,0,0,0
1901,M00578,M,301.9,313.8,1690,28.8,95,0,0,0,0,0,0
1902,L00936,L,301.0,311.7,1345,46.6,168,0,0,0,0,0,0
1903,M00579,M,304.6,315.2,1463,25.3,94,0,0,0,0,0,0
1904,L00937,L,298.0,308.0,1522,40.4,5,0,0,0,0,0,0
1905,M00580,M,301.6,312.5,1764,37.0,5,0,0,0,0,0,0
1906,L00938,L,297.4,307.1,1168,46.7,27,0,0,0,0,0,0
1907,H00389,H,300.3,310.6,1478,35.2,135,0,0,0,0,0,0
1908,L00939,L,302.0,311.1,1472,52.0,128,0,0,0,0,0,0
1909,L00940,L,295.9,306.9,1168,32.5,79,0,0,0,0,0,0
1910,L00941,L,299.6,309.9,1454,47.1,233,0,0,0,0,0,0
1911,L00942,L,298.9,310.9,1262,33.3,210,0,0,0,0,0,0
1912,H00390,H,298.6,311.0,1168,45.5,17,0,0,0,0,0,0
1913,H00391,H,300.8,311.6,1491,29.9,221,0,0,0,0,0,0
1914,L00943,L,302.2,312.3,1484,39.8,79,0,0,0,0,0,0
1915,L00944,L,299.7,308.8,1494,53.2,224,1,0,0,0,1,0
1916,M00581,M,300.4,311.3,1583,41.2,122,0,0,0,0,0,0
1917,H00392,H,300.2,310.4,1380,51.8,91,0,0,0,0,0,0
1918,M00582,M,300.0,310.5,1858,39.7,174,0,0,0,0,0,0
1919,L00945,L,297.8,309.5,1532,34.9,207,0,0,0,0,0,0
1920,L00946,L,302.2,311.4,1768,41.7,10,0,0,0,0,0,0
1921,M00583,M,300.6,309.7,1237,46.2,5,0,0,0,0,0,0
1922,L00947,L,300.8,310.6,1388,20.9,141,1,0,0,1,0,0
1923,M00584,M,298.4,309.2,1660,45.2,111,0,0,0,0,0,0
1924,L00948,L,299.1,309.7,1497,30.6,227,0,0,0,0,0,0
1925,M00585,M,299.6,308.7,1345,28.1,21,0,0,0,0,0,0
1926,L00949,L,296.9,307.7,1208,45.4,231,0,0,0,0,0,0
1927,M00586,M,296.6,305.4,1669,53.4,214,1,0,0,1,0,0
1928,L00950,L,298.8,308.0,1654,42.2,158,0,0,0,0,0,0
1929,M00587,M,301.0,310.9,1581,26.4,27,0,0,0,0,0,0
1930,L00951,L,298.7,308.1,1449,33.3,146,0,0,0,0,0,0
1931,M00588,M,298.0,308.9,1338,35.8,114,0,0,0,0,0,0
1932,M00589,M,298.4,308.7,1528,42.0,213,0,0,0,0,0,0
1933,M00590,M,299.1,310.9,1302,39.3,128,0,0,0,0,0,0
1934,M00591,M,299.3,309.1,1403,45.0,194,0,0,0,0,0,0
1935,M00592,M,304.3,314.2,1763,50.0,199,1,0,0,1,0,0
1936,H00393,H,302.1,313.3,1206,43.4,140,0,0,0,0,0,0
1937,L00952,L,302.0,311.9,1659,49.0,178,0,0,0,0,0,0
1938,H00394,H,302.3,313.8,1805,37.3,0,0,0,0,0,0,0
1939,L00953,L,298.0,308.5,1684,73.0,28,1,0,0,1,0,0
1940,L00954,L,297.6,305.2,1609,45.5,140,0,0,0,0,0,0
1941,L00955,L,297.8,309.0,1455,46.8,41,0,0,0,0,0,0
1942,L00956,L,302.7,313.6,1422,57.6,28,0,0,0,0,0,0
1943,M00593,M,298.9,309.9,1168,40.9,93,0,0,0,0,0,0
1944,M00594,M,297.5,305.6,1544,33.5,143,0,0,0,0,0,0
1945,M00595,M,299.1,308.4,1465,53.1,59,0,0,0,0,0,0
1946,M00596,M,299.5,308.9,1413,53.7,104,0,0,0,0,0,0
1947,L00957,L,300.5,309.7,1534,41.5,161,0,0,0,0,0,0
1948,L00958,L,300.5,312.2,1549,57.6,246,1,1,0,1,1,0
1949,L00959,L,298.3,308.3,1424,39.2,39,0,0,0,0,0,0
1950,L00960,L,301.4,311.4,1826,49.3,194,1,0,0,1,0,0
1951,L00961,L,298.7,309.3,1668,55.2,92,1,0,0,1,0,0
1952,L00962,L,299.7,310.3,1698,41.0,221,0,0,0,0,0,0
1953,M00597,M,301.4,308.1,1519,44.6,182,0,0,0,0,0,0
1954,M00598,M,298.7,308.1,1629,50.3,185,0,0,0,0,0,0
1955,H00395,H,298.9,307.5,1377,36.3,51,0,0,0,0,0,0
1956,H00396,H,301.2,311.6,1657,31.9,63,0,0,0,0,0,0
1957,M00599,M,298.3,308.0,1501,53.3,225,1,1,0,0,0,0
1958,L00963,L,299.2,309.2,1355,43.1,3,0,0,0,0,0,0
1959,M00600,M,301.1,309.0,1533,34.9,175,0,0,0,0,0,0
1960,M00601,M,304.1,313.8,1485,40.9,199,0,0,0,0,0,0
1961,L00964,L,301.2,312.3,1953,45.1,110,1,0,0,1,0,0
1962,L00965,L,300.9,312.3,1615,24.3,239,0,0,0,0,0,0
1963,H00397,H,301.1,311.8,1820,47.2,17,0,0,0,0,0,0
1964,L00966,L,297.9,306.6,1740,44.1,85,0,0,0,0,0,0
1965,M00602,M,300.2,311.5,1544,56.6,9,1,0,0,1,0,0
1966,M00603,M,299.9,310.6,1458,37.8,114,0,0,0,0,0,0
1967,L00967,L,300.6,310.5,1226,53.8,13,0,0,0,0,0,0
1968,L00968,L,300.2,308.2,1382,39.6,178,0,0,0,0,0,0
1969,L00969,L,300.8,311.8,1656,41.4,117,0,0,0,0,0,0
1970,L00970,L,299.4,308.8,1483,42.8,109,0,0,0,0,0,0
1971,L00971,L,300.1,310.4,1605,60.9,94,1,0,0,1,0,0
1972,H00398,H,297.5,307.6,1174,27.6,98,1,0,0,1,0,0
1973,L00972,L,299.4,310.9,1619,45.0,45,0,0,0,0,0,0
1974,M00604,M,302.8,312.7,1734,40.4,193,0,0,0,0,0,0
1975,L00973,L,300.6,310.6,1220,39.7,60,0,0,0,0,0,0
1976,H00399,H,300.0,311.6,1604,45.8,129,0,0,0,0,0,0
1977,L00974,L,303.8,313.1,1778,51.1,162,1,0,0,1,0,0
1978,L00975,L,297.3,308.1,1838,45.3,33,0,0,0,0,0,0
1979,H00400,H,297.8,307.6,1447,52.4,92,0,0,0,0,0,0
1980,H00401,H,303.4,312.4,1677,37.5,69,0,0,0,0,0,0
1981,L00976,L,300.1,310.1,1793,39.5,195,0,0,0,0,0,0
1982,H00402,H,299.5,310.2,1609,30.0,64,0,0,0,0,0,0
1983,L00977,L,297.6,309.0,1768,59.8,162,1,0,0,1,0,0
1984,L00978,L,300.9,312.4,1531,38.1,175,0,0,0,0,0,0
1985,L00979,L,301.1,310.8,1608,37.0,46,0,0,0,0,0,0
1986,L00980,L,297.8,306.8,1426,46.1,217,0,0,0,0,0,0
1987,M00605,M,299.7,309.4,1508,51.1,220,0,0,0,0,0,0
1988,L00981,L,299.3,308.1,1615,33.1,10,0,0,0,0,0,0
1989,L00982,L,300.5,310.3,1413,51.9,189,0,0,0,0,0,0
1990,M00606,M,297.8,307.5,1497,37.0,114,0,0,0,0,0,0
1991,M00607,M,302.5,313.2,1674,54.3,131,1,0,0,1,0,0
1992,L00983,L,301.8,309.6,1905,34.6,85,0,0,0,0,0,0
1993,M00608,M,299.3,308.6,1171,47.4,32,0,0,0,0,0,0
1994,L00984,L,299.6,308.9,1891,40.4,161,0,0,0,0,0,0
1995,M00609,M,299.7,310.9,1491,28.7,94,0,0,0,0,0,0
1996,M00610,M,298.4,307.3,1710,25.8,73,0,0,0,0,0,0
1997,H00403,H,299.1,309.3,1745,32.6,162,0,0,0,0,0,0
1998,L00985,L,299.5,309.4,1818,49.9,180,1,0,0,1,0,0
1999,L00986,L,303.2,314.2,1407,20.6,27,1,0,0,1,0,0
2000,L00987,L,301.9,312.5,1497,43.3,22,0,0,0,0,0,0
2001,L00988,L,301.9,312.0,1528,42.5,48,0,0,0,0,0,0
2002,L00989,L,300.7,310.1,1474,23.2,75,0,0,0,0,0,0
2003,H00404,H,297.8,305.9,1774,32.0,220,0,0,0,0,0,0
2004,L00990,L,299.9,310.1,1524,32.0,1,0,0,0,0,0,0
2005,L00991,L,301.9,312.4,1248,40.5,76,0,0,0,0,0,0
2006,M00611,M,297.5,305.9,1424,54.7,99,0,0,0,0,0,0
2007,L00992,L,301.3,310.1,1255,50.7,110,0,0,0,0,0,0
2008,M00612,M,304.6,314.9,1497,36.4,153,0,0,0,0,0,0
2009,L00993,L,302.1,312.4,1658,31.7,144,0,0,0,0,0,0
2010,L00994,L,302.8,311.8,1420,24.4,42,0,0,0,0,0,0
2011,L00995,L,300.4,309.8,1465,36.2,96,0,0,0,0,0,0
2012,L00996,L,301.9,310.1,1488,31.0,58,0,0,0,0,0,0
2013,H00405,H,298.6,310.0,1563,39.6,120,0,0,0,0,0,0
2014,L00997,L,301.6,310.3,1630,40.0,213,0,0,0,0,0,0
2015,M00613,M,301.3,311.8,1682,35.2,65,0,0,0,0,0,0
2016,L00998,L,300.6,310.6,1941,35.5,73,0,0,0,0,0,0
2017,L00999,L,302.6,313.9,1560,33.1,38,0,0,0,0,0,0
2018,H00406,H,298.9,308.1,1669,34.9,25,0,0,0,0,0,0
2019,L01000,L,299.6,309.7,1253,54.4,221,1,0,0,0,1,0
2020,M00614,M,300.2,308.5,1470,45.2,149,0,0,0,0,0,0
2021,H00407,H,297.9,306.0,1489,45.3,202,0,0,0,0,0,0
2022,M00615,M,300.5,311.1,1355,50.1,21,0,0,0,0,0,0
2023,H00408,H,296.6,304.8,1442,49.2,87,0,0,0,0,0,0
2024,L01001,L,302.1,311.9,1518,54.2,185,0,0,0,0,0,0
2025,L01002,L,300.1,311.1,1447,45.9,28,0,0,0,0,0,0
2026,L01003,L,299.0,309.7,2003,42.1,114,0,0,0,0,0,0
2027,M00616,M,298.3,307.6,1629,34.1,9,0,0,0,0,0,0
2028,H00409,H,299.5,307.9,1896,31.8,225,1,1,0,0,0,0
2029,L01004,L,301.4,311.9,1805,48.8,109,1,0,0,1,0,0
2030,M00617,M,301.1,312.4,1423,38.9,152,0,0,0,0,0,0
2031,L01005,L,298.6,307.9,1544,26.4,148,0,0,0,0,0,0
2032,M00618,M,298.3,307.5,1460,19.1,188,1,0,0,1,0,0
2033,L01006,L,301.3,310.8,1509,61.5,117,1,0,0,1,0,0
2034,H00410,H,298.6,309.2,1363,30.1,122,0,0,0,0,0,0
2035,M00619,M,300.1,311.3,1458,33.1,166,0,0,0,0,0,0
2036,L01007,L,300.2,309.0,1602,52.3,204,0,0,0,0,0,0
2037,L01008,L,300.6,309.1,1597,27.9,65,0,0,0,0,0,0
2038,L01009,L,301.7,314.0,1583,45.3,133,0,0,0,0,0,0
2039,L01010,L,297.5,307.3,1527,58.2,0,1,0,0,1,0,0
2040,L01011,L,296.2,306.5,1692,61.1,248,1,0,0,1,1,0
2041,H00411,H,298.9,308.2,1491,35.5,27,0,0,0,0,0,0
2042,M00620,M,303.6,314.1,1787,39.9,213,0,0,0,0,0,0
2043,M00621,M,304.0,315.0,1207,36.0,138,0,0,0,0,0,0
2044,L01012,L,303.7,314.0,1655,39.8,166,0,0,0,0,0,0
2045,H00412,H,299.6,311.3,1625,53.0,123,1,0,0,1,0,0
2046,M00622,M,296.4,306.1,1417,26.0,196,0,0,0,0,0,0
2047,L01013,L,295.3,305.0,1474,46.5,145,0,0,0,0,0,0
2048,M00623,M,298.8,309.0,1621,38.0,19,0,0,0,0,0,0
2049,M00624,M,299.6,310.1,1701,53.7,75,1,0,0,1,0,0
2050,L01014,L,302.6,312.8,1224,53.2,212,1,0,0,0,1,0
2051,L01015,L,301.7,310.4,1650,35.9,90,0,0,0,0,0,0
2052,L01016,L,300.5,310.8,1456,38.9,57,0,0,0,0,0,0
2053,L01017,L,298.2,307.8,1739,48.9,177,0,0,0,0,0,0
2054,H00413,H,298.1,307.5,1208,49.8,168,0,0,0,0,0,0
2055,H00414,H,300.5,310.5,1975,15.3,97,1,0,0,1,0,0
2056,M00625,M,301.4,310.4,1379,48.9,145,0,0,0,0,0,0
2057,L01018,L,300.8,309.7,1793,56.5,161,1,0,0,1,0,0
2058,L01019,L,297.9,305.3,1525,42.6,65,0,0,0,0,0,0
2059,M00626,M,301.3,313.0,1391,49.5,244,1,0,0,0,1,0
2060,M00627,M,300.9,311.5,1585,52.8,205,0,0,0,0,0,0
2061,L01020,L,297.9,307.8,1722,42.2,102,0,0,0,0,0,0
2062,M00628,M,298.4,307.7,1260,48.1,64,0,0,0,0,0,0
2063,H00415,H,301.4,308.5,1663,40.1,125,0,0,0,0,0,0
2064,L01021,L,299.5,308.8,1535,39.5,219,0,0,0,0,0,0
2065,L01022,L,303.2,313.9,1641,33.4,104,0,0,0,0,0,0
2066,M00629,M,301.0,311.9,1539,41.7,26,0,0,0,0,0,0
2067,L01023,L,299.0,309.6,1435,58.9,29,0,0,0,0,0,0
2068,L01024,L,300.0,310.2,1338,31.0,85,0,0,0,0,0,0
2069,L01025,L,300.1,311.4,1658,46.2,75,0,0,0,0,0,0
2070,L01026,L,298.5,308.2,1657,43.2,128,0,0,0,0,0,0
2071,M00630,M,298.2,309.3,1656,54.7,224,1,0,0,1,1,0
2072,M00631,M,301.4,311.0,1614,56.6,40,1,0,0,1,0,0
2073,L01027,L,301.7,310.8,1707,30.8,239,1,1,0,0,0,0
2074,H00416,H,301.2,310.2,1789,34.3,248,0,0,0,0,0,0
2075,H00417,H,303.0,311.9,1202,34.8,112,0,0,0,0,0,0
2076,H00418,H,298.9,309.6,1168,35.2,189,0,0,0,0,0,0
2077,L01028,L,303.3,312.6,1845,36.0,0,0,0,0,0,0,0
2078,L01029,L,298.2,307.2,1297,43.5,132,0,0,0,0,0,0
2079,H00419,H,298.0,308.7,1343,31.5,175,0,0,0,0,0,0
2080,M00632,M,296.5,306.8,1486,32.9,132,0,0,0,0,0,0
2081,L01030,L,299.1,310.1,1241,32.1,70,0,0,0,0,0,0
2082,L01031,L,299.0,309.5,1469,44.9,83,0,0,0,0,0,0
2083,L01032,L,301.1,310.3,1368,39.4,25,0,0,0,0,0,0
2084,H00420,H,300.5,310.6,1496,37.6,48,0,0,0,0,0,0
2085,M00633,M,297.6,307.7,1588,31.6,69,0,0,0,0,0,0
2086,L01033,L,299.2,308.3,1476,24.0,89,0,0,0,0,0,0
2087,L01034,L,299.3,308.2,1467,56.3,60,0,0,0,0,0,0
2088,M00634,M,296.4,305.7,1584,37.1,2,0,0,0,0,0,0
2089,H00421,H,298.0,310.0,1724,67.1,166,1,0,0,1,0,0
2090,L01035,L,298.5,308.1,1824,47.7,77,1,0,0,1,0,0
2091,M00635,M,302.9,314.1,1498,58.3,176,1,0,0,1,0,0
2092,H00422,H,300.4,309.9,1864,49.9,13,1,0,0,1,0,0
2093,L01036,L,301.3,312.2,1694,41.6,19,0,0,0,0,0,0
2094,M00636,M,297.0,307.9,1317,34.0,185,0,0,0,0,0,0
2095,L01037,L,302.4,313.4,1312,30.2,171,0,0,0,0,0,0
2096,M00637,M,302.6,313.0,1434,51.2,136,0,0,0,0,0,0
2097,M00638,M,296.0,307.4,1796,42.7,190,0,0,0,0,0,0
2098,M00639,M,298.6,309.0,1448,46.2,249,0,0,0,0,0,0
2099,M00640,M,301.0,312.7,1199,48.1,189,0,0,0,0,0,0
2100,L01038,L,301.3,309.7,1497,43.6,5,0,0,0,0,0,0
2101,H00423,H,298.6,308.9,1183,35.3,193,0,0,0,0,0,0
2102,M00641,M,299.4,309.7,1349,50.1,101,0,0,0,0,0,0
2103,L01039,L,298.8,307.9,1432,38.0,104,0,0,0,0,0,0
2104,M00642,M,300.2,310.8,1564,40.9,42,0,0,0,0,0,0
2105,M00643,M,302.4,310.9,1721,47.2,63,0,0,0,0,0,0
2106,L01040,L,298.5,307.8,1662,39.4,96,0,0,0,0,0,0
2107,H00424,H,302.0,310.0,1326,21.8,43,1,0,1,1,0,0
2108,H00425,H,298.4,310.0,1471,50.4,4,0,0,0,0,0,0
2109,L01041,L,298.3,308.1,1551,52.5,140,0,0,0,0,0,0
2110,H00426,H,301.6,313.8,1491,21.7,119,1,0,0,1,0,0
2111,L01042,L,301.8,312.6,1489,29.6,142,0,0,0,0,0,0
2112,L01043,L,301.7,312.1,1229,60.2,236,1,0,0,0,1,0
2113,L01044,L,297.4,306.8,1331,42.3,118,0,0,0,0,0,0
2114,H00427,H,299.1,308.1,1465,40.0,249,1,1,0,0,0,0
2115,M00644,M,301.6,312.1,1168,35.7,161,0,0,0,0,0,0
2116,L01045,L,300.1,310.0,1652,29.7,183,0,0,0,0,0,0
2117,L01046,L,297.9,306.6,1292,38.1,200,0,0,0,0,0,0
2118,M00645,M,300.9,309.4,1660,49.7,89,0,0,0,0,0,0
2119,L01047,L,298.6,307.6,1645,39.8,29,0,0,0,0,0,0
2120,H00428,H,303.6,315.4,1440,46.1,55,0,0,0,0,0,0
2121,H00429,H,303.1,315.3,1717,57.7,123,1,0,0,1,0,0
2122,M00646,M,301.2,311.4,1671,34.2,213,0,0,0,0,0,0
2123,H00430,H,302.7,312.8,1482,43.0,152,0,0,0,0,0,0
2124,L01048,L,300.1,309.8,1462,50.0,231,1,1,0,0,1,0
2125,H00431,H,301.5,310.6,1734,30.7,67,0,0,0,0,0,0
2126,M00647,M,303.0,314.4,1579,41.8,124,0,0,0,0,0,0
2127,M00648,M,300.5,312.4,1725,58.7,46,1,0,0,1,0,0
2128,L01049,L,299.5,308.6,1168,36.6,27,0,0,0,0,0,0
2129,H00432,H,296.6,306.5,1555,50.7,245,0,0,0,0,0,0
2130,L01050,L,299.8,309.4,1255,38.6,36,0,0,0,0,0,0
2131,L01051,L,301.6,311.2,1533,58.0,73,1,0,0,1,0,0
2132,L01052,L,301.9,313.1,1665,23.5,72,0,0,0,0,0,0
2133,M00649,M,301.0,309.7,1849,40.6,126,0,0,0,0,0,0
2134,M00650,M,298.9,309.4,1370,25.2,35,0,0,0,0,0,0
2135,M00651,M,296.0,306.7,1443,33.0,128,0,0,0,0,0,0
2136,H00433,H,299.0,308.9,1520,32.9,221,0,0,0,0,0,0
2137,L01053,L,299.4,310.3,1363,37.3,74,0,0,0,0,0,0
2138,M00652,M,299.4,309.5,1713,28.1,152,0,0,0,0,0,0
2139,L01054,L,301.2,312.4,1525,39.3,74,0,0,0,0,0,0
2140,H00434,H,304.0,312.5,1559,44.6,40,0,0,0,0,0,0
2141,H00435,H,300.2,309.9,1649,24.7,182,0,0,0,0,0,0
2142,M00653,M,299.6,309.5,1525,33.7,68,0,0,0,0,0,0
2143,M00654,M,299.5,306.8,1391,65.4,218,1,0,0,1,1,0
2144,L01055,L,300.2,309.1,1526,43.3,214,0,0,0,0,0,0
2145,L01056,L,298.3,307.5,1384,21.8,56,1,0,0,1,0,0
2146,H00436,H,300.2,311.1,1557,26.0,210,0,0,0,0,0,0
2147,L01057,L,300.9,310.2,1716,42.3,244,0,0,0,0,0,0
2148,L01058,L,300.4,309.6,1327,41.0,2,0,0,0,0,0,0
2149,L01059,L,300.9,311.7,1263,34.1,135,0,0,0,0,0,0
2150,H00437,H,300.9,309.3,1546,61.9,47,1,0,0,1,0,0
2151,L01060,L,296.5,304.4,1400,66.2,58,1,0,0,1,0,0
2152,L01061,L,301.3,310.9,1543,37.4,112,0,0,0,0,0,0
2153,M00655,M,298.7,307.3,1595,48.7,35,0,0,0,0,0,0
2154,H00438,H,297.8,306.4,1168,49.2,182,1,0,1,0,0,0
2155,L01062,L,297.8,308.4,1661,50.6,78,0,0,0,0,0,0
2156,L01063,L,300.9,311.8,1328,33.6,76,0,0,0,0,0,0
2157,L01064,L,299.6,310.4,1533,59.4,221,1,0,0,1,1,0
2158,L01065,L,296.6,307.7,1419,39.3,168,0,0,0,0,0,0
2159,L01066,L,301.0,312.2,1439,44.2,73,0,0,0,0,0,0
2160,M00656,M,297.1,305.0,1841,40.0,58,0,0,0,0,0,0
2161,M00657,M,300.3,310.8,1595,38.6,161,0,0,0,0,0,0
2162,M00658,M,300.5,310.0,1699,42.8,29,0,0,0,0,0,0
2163,L01067,L,301.8,311.1,1565,28.1,88,0,0,0,0,0,0
2164,H00439,H,303.6,314.2,1648,20.3,61,0,0,0,0,0,0
2165,L01068,L,297.3,305.6,1612,37.9,69,0,0,0,0,0,0
2166,H00440,H,299.9,308.1,1583,31.2,54,0,0,0,0,0,0
2167,M00659,M,299.4,310.0,1736,45.5,243,1,1,0,0,0,0
2168,L01069,L,300.9,311.4,1566,44.3,100,0,0,0,0,0,0
2169,M00660,M,300.4,310.5,1947,40.1,208,0,0,0,0,0,0
2170,L01070,L,299.3,308.4,1709,54.8,99,1,0,0,1,0,0
2171,M00661,M,299.1,309.8,1334,39.9,231,1,1,0,0,0,0
2172,L01071,L,297.8,308.5,1506,25.4,95,0,0,0,0,0,0
2173,L01072,L,302.0,312.1,1609,37.8,21,0,0,0,0,0,0
2174,H00441,H,300.9,309.7,1545,51.7,118,0,0,0,0,0,0
2175,L01073,L,301.8,311.4,1660,21.2,96,0,0,0,0,0,0
2176,H00442,H,299.4,310.2,1680,39.1,246,1,1,0,0,0,0
2177,L01074,L,298.7,310.0,1294,45.8,21,0,0,0,0,0,0
2178,M00662,M,297.8,307.5,1767,66.5,99,1,0,0,1,0,0
2179,M00663,M,300.7,310.5,1449,52.1,81,0,0,0,0,0,0
2180,M00664,M,297.9,307.7,1431,41.3,219,0,0,0,0,0,0
2181,L01075,L,303.7,314.0,1430,45.2,140,0,0,0,0,0,0
2182,L01076,L,297.4,306.8,1682,21.0,209,0,0,0,0,0,0
2183,L01077,L,300.5,307.6,1490,29.5,22,0,0,0,0,0,0
2184,L01078,L,303.1,314.3,1419,46.5,226,0,0,0,0,0,0
2185,M00665,M,301.2,313.0,1462,41.6,145,0,0,0,0,0,0
2186,H00443,H,300.4,309.8,1216,42.9,73,0,0,0,0,0,0
2187,H00444,H,298.1,307.0,1387,40.3,242,1,1,0,0,0,0
2188,M00666,M,297.2,307.1,1316,39.9,249,1,1,0,0,0,0
2189,M00667,M,301.5,311.3,1489,41.0,65,0,0,0,0,0,0
2190,M00668,M,303.0,314.0,1656,29.4,13,0,0,0,0,0,0
2191,L01079,L,299.1,309.2,1637,37.7,159,0,0,0,0,0,0
2192,H00445,H,297.7,306.9,1762,27.6,157,0,0,0,0,0,0
2193,M00669,M,295.1,303.8,1723,33.8,146,0,0,0,0,0,0
2194,M00670,M,298.0,308.9,1443,52.0,68,0,0,0,0,0,0
2195,L01080,L,299.8,310.4,1541,38.2,249,0,0,0,0,0,0
2196,L01081,L,303.2,314.3,1532,46.0,175,0,0,0,0,0,0
2197,L01082,L,301.3,310.3,1168,41.2,95,0,0,0,0,0,0
2198,H00446,H,300.6,312.4,1320,36.2,121,0,0,0,0,0,0
2199,M00671,M,299.2,307.5,1508,29.9,73,0,0,0,0,0,0
2200,L01083,L,298.8,309.5,1507,36.0,132,0,0,0,0,0,0
2201,H00447,H,302.8,310.9,1629,41.8,205,0,0,0,0,0,0
2202,L01084,L,300.4,309.6,1620,45.8,166,0,0,0,0,0,0
2203,L01085,L,295.8,307.4,1221,41.2,233,0,0,0,0,0,0
2204,L01086,L,298.7,309.5,1630,46.5,170,0,0,0,0,0,0
2205,M00672,M,298.3,307.8,1569,24.8,146,0,0,0,0,0,0
2206,H00448,H,298.9,308.4,1649,48.7,74,0,0,0,0,0,0
2207,L01087,L,301.1,311.2,1728,28.7,226,0,0,0,0,0,0
2208,H00449,H,299.8,310.3,1512,49.8,166,0,0,0,0,0,0
2209,L01088,L,299.8,311.1,1760,45.0,237,0,0,0,0,0,0
2210,H00450,H,302.6,312.1,1378,21.3,101,1,0,0,1,0,0
2211,M00673,M,298.6,307.0,1368,47.4,213,1,0,1,0,0,0
2212,H00451,H,303.7,313.9,1614,50.0,243,0,0,0,0,0,0
2213,L01089,L,298.7,308.2,1471,52.6,58,0,0,0,0,0,0
2214,H00452,H,300.2,308.9,1584,32.3,236,0,0,0,0,0,0
2215,M00674,M,299.4,309.7,1894,41.8,237,0,0,0,0,0,0
2216,L01090,L,300.2,310.0,1608,46.9,93,0,0,0,0,0,0
2217,H00453,H,300.9,311.2,1575,47.4,179,0,0,0,0,0,0
2218,L01091,L,300.9,310.0,1382,44.1,93,0,0,0,0,0,0
2219,H00454,H,298.5,309.0,1233,35.7,238,0,0,0,0,0,0
2220,L01092,L,297.8,306.5,1525,49.9,177,0,0,0,0,0,0
2221,M00675,M,305.0,314.2,1728,49.9,202,1,0,0,1,0,0
2222,M00676,M,299.0,308.8,1480,38.5,213,1,1,0,0,0,0
2223,L01093,L,301.4,313.1,1609,32.2,9,0,0,0,0,0,0
2224,L01094,L,296.8,307.6,1793,32.7,106,0,0,0,0,0,0
2225,L01095,L,299.4,310.5,1788,53.6,82,1,0,0,1,0,0
2226,L01096,L,299.7,311.1,1614,49.5,117,0,0,0,0,0,0
2227,L01097,L,300.9,314.5,1568,39.8,14,0,0,0,0,0,0
2228,M00677,M,294.6,304.6,1266,38.0,59,0,0,0,0,0,0
2229,L01098,L,300.3,311.7,1425,22.3,34,1,0,0,1,0,0
2230,L01099,L,297.7,308.7,1487,39.2,34,0,0,0,0,0,0
2231,M00678,M,300.6,311.6,1385,28.1,0,0,0,0,0,0,0
2232,L01100,L,297.9,309.7,1582,41.6,46,0,0,0,0,0,0
2233,H00455,H,298.3,307.9,1880,51.9,190,1,0,0,1,0,0
2234,H00456,H,299.5,309.0,1809,30.2,108,0,0,0,0,0,0
2235,M00679,M,297.9,308.2,1581,42.4,110,0,0,0,0,0,0
2236,M00680,M,299.0,308.8,1677,50.0,244,1,0,0,0,1,0
2237,H00457,H,297.6,307.9,1407,42.2,17,0,0,0,0,0,0
2238,L01101,L,296.3,307.9,1800,34.8,25,0,0,0,0,0,0
2239,L01102,L,302.0,311.5,1258,40.1,59,0,0,0,0,0,0
2240,L01103,L,297.4,307.1,1701,49.6,145,0,0,0,0,0,0
2241,M00681,M,299.6,309.8,1626,42.6,62,0,0,0,0,0,0
2242,L01104,L,301.5,311.3,1402,40.0,40,0,0,0,0,0,0
2243,M00682,M,298.8,306.9,1500,51.6,209,0,0,0,0,0,0
2244,H00458,H,298.3,307.7,1334,45.1,42,0,0,0,0,0,0
2245,H00459,H,300.5,311.2,1342,28.0,209,0,0,0,0,0,0
2246,M00683,M,302.2,313.6,1253,46.3,223,0,0,0,0,0,0
2247,L01105,L,297.7,306.5,1675,49.5,37,0,0,0,0,0,0
2248,H00460,H,299.7,308.5,1753,27.6,249,1,1,0,0,0,0
2249,M00684,M,296.5,306.5,1168,17.3,154,1,0,0,1,0,0
2250,L01106,L,299.2,307.1,1867,29.6,176,0,0,0,0,0,0
2251,L01107,L,300.1,309.7,1535,39.0,55,0,0,0,0,0,0
2252,H00461,H,298.3,306.6,1589,50.1,220,0,0,0,0,0,0
2253,M00685,M,299.1,310.5,1274,31.1,176,0,0,0,0,0,0
2254,H00462,H,297.2,306.4,1774,45.6,168,0,0,0,0,0,0
2255,H00463,H,300.2,311.9,1573,11.1,211,1,0,0,1,0,0
2256,M00686,M,302.1,313.2,1741,41.8,187,0,0,0,0,0,0
2257,M00687,M,297.8,307.2,1756,35.9,126,0,0,0,0,0,0
2258,L01108,L,298.8,307.7,1776,61.0,98,1,0,0,1,0,0
2259,L01109,L,301.0,310.8,1421,21.1,86,1,0,0,1,0,0
2260,L01110,L,302.4,312.3,1500,39.9,55,0,0,0,0,0,0
2261,M00688,M,297.0,307.3,1428,21.0,203,1,0,0,1,0,0
2262,M00689,M,299.7,308.9,1698,34.5,189,0,0,0,0,0,0
2263,H00464,H,300.6,311.3,1597,23.0,116,0,0,0,0,0,0
2264,L01111,L,299.8,310.1,1729,63.0,226,1,0,0,1,1,0
2265,M00690,M,295.0,304.7,1737,36.4,61,0,0,0,0,0,0
2266,M00691,M,301.0,310.3,1228,37.9,99,0,0,0,0,0,0
2267,M00692,M,303.0,312.8,1779,39.6,169,0,0,0,0,0,0
2268,M00693,M,300.2,309.4,1708,28.7,117,0,0,0,0,0,0
2269,L01112,L,297.9,308.0,1471,50.6,155,0,0,0,0,0,0
2270,M00694,M,299.0,309.1,1600,46.4,36,0,0,0,0,0,0
2271,L01113,L,303.5,313.8,1515,49.2,19,0,0,0,0,0,0
2272,L01114,L,301.8,313.6,1648,27.8,34,0,0,0,0,0,0
2273,L01115,L,301.3,311.2,1471,51.4,181,0,0,0,0,0,0
2274,M00695,M,300.7,311.7,1623,50.2,70,0,0,0,0,0,0
2275,H00465,H,298.7,308.9,1550,37.7,97,0,0,0,0,0,0
2276,M00696,M,299.6,309.4,1460,49.0,5,0,0,0,0,0,0
2277,M00697,M,299.8,309.7,1572,42.7,18,0,0,0,0,0,0
2278,M00698,M,301.1,311.0,2022,24.1,105,0,0,0,0,0,0
2279,M00699,M,303.0,313.3,1415,38.2,7,0,0,0,0,0,0
2280,L01116,L,302.2,311.2,1493,35.2,175,0,0,0,0,0,0
2281,L01117,L,297.2,305.7,1418,40.9,221,0,0,0,0,0,0
2282,L01118,L,300.4,311.1,1437,50.2,193,0,0,0,0,0,0
2283,L01119,L,301.5,312.4,1684,23.6,15,0,0,0,0,0,0
2284,L01120,L,301.2,311.9,1666,35.6,116,0,0,0,0,0,0
2285,L01121,L,298.7,308.9,1536,31.8,109,0,0,0,0,0,0
2286,L01122,L,305.8,316.6,1721,32.2,23,0,0,0,0,0,0
2287,H00466,H,297.4,308.1,1680,31.8,152,0,0,0,0,0,0
2288,L01123,L,297.8,308.6,1508,40.7,140,0,0,0,0,0,0
2289,L01124,L,300.5,309.6,1263,45.2,118,0,0,0,0,0,0
2290,L01125,L,304.2,313.1,1686,43.5,200,0,0,0,0,0,0
2291,M00700,M,298.3,307.9,1568,41.9,157,0,0,0,0,0,0
2292,L01126,L,299.5,309.5,1541,46.2,8,0,0,0,0,0,0
2293,L01127,L,302.2,312.0,1454,63.8,190,1,0,0,1,1,0
2294,M00701,M,300.0,308.1,1671,41.4,167,0,0,0,0,0,0
2295,L01128,L,299.3,311.0,1600,50.2,6,0,0,0,0,0,0
2296,L01129,L,301.1,310.8,1495,49.6,207,0,0,0,0,0,0
2297,L01130,L,300.5,310.7,1318,57.8,229,1,0,0,0,1,0
2298,L01131,L,302.1,313.3,1729,45.6,31,0,0,0,0,0,0
2299,L01132,L,302.6,310.3,1646,31.6,188,0,0,0,0,0,0
2300,L01133,L,300.6,310.1,1583,43.0,59,0,0,0,0,0,0
2301,H00467,H,300.6,310.2,1168,42.5,92,0,0,0,0,0,0
2302,M00702,M,300.4,310.1,1531,48.2,106,0,0,0,0,0,0
2303,M00703,M,301.0,310.8,1494,31.3,50,0,0,0,0,0,0
2304,L01134,L,300.1,311.5,1427,52.7,39,0,0,0,0,0,0
2305,H00468,H,300.0,310.7,1673,40.1,114,0,0,0,0,0,0
2306,L01135,L,302.4,313.4,1665,48.4,78,0,0,0,0,0,0
2307,L01136,L,303.0,313.0,1616,43.1,10,0,0,0,0,0,0
2308,M00704,M,297.0,305.6,1723,41.2,72,0,0,0,0,0,0
2309,L01137,L,300.0,307.9,1355,42.3,15,1,0,1,0,0,0
2310,L01138,L,298.6,307.1,1456,46.7,24,0,0,0,0,0,0
2311,M00705,M,299.4,309.8,1551,59.6,159,1,0,0,1,0,0
2312,H00469,H,300.8,310.8,1426,19.8,236,1,1,0,1,0,0
2313,L01139,L,301.3,311.1,1668,45.4,201,0,0,0,0,0,0
2314,M00706,M,299.8,309.4,1444,40.4,137,0,0,0,0,0,0
2315,H00470,H,296.2,308.2,1770,38.2,221,1,1,0,0,0,0
2316,L01140,L,298.1,307.3,1371,16.4,184,1,0,0,1,0,0
2317,L01141,L,301.8,312.7,1919,45.8,83,1,0,0,1,0,0
2318,L01142,L,294.5,304.5,1901,38.8,40,0,0,0,0,0,0
2319,L01143,L,302.4,312.3,1521,31.7,123,0,0,0,0,0,0
2320,L01144,L,301.0,312.2,1743,40.4,225,0,0,0,0,0,0
2321,H00471,H,302.6,314.1,1466,37.1,64,0,0,0,0,0,0
2322,M00707,M,299.6,309.4,1719,22.6,159,0,0,0,0,0,0
2323,M00708,M,295.9,306.7,1506,40.9,103,0,0,0,0,0,0
2324,L01145,L,300.9,311.3,1307,45.8,94,0,0,0,0,0,0
2325,H00472,H,302.5,312.5,1168,34.5,175,0,0,0,0,0,0
2326,H00473,H,301.8,312.0,1489,42.6,53,0,0,0,0,0,0
2327,H00474,H,298.7,308.0,1587,41.1,124,0,0,0,0,0,0
2328,L01146,L,300.2,309.9,1776,50.5,74,1,0,0,1,0,0
2329,M00709,M,298.9,308.3,1544,39.0,121,0,0,0,0,0,0
2330,L01147,L,298.4,309.3,1717,48.0,40,0,0,0,0,0,0
2331,L01148,L,301.9,311.8,1456,36.9,248,0,0,0,0,0,0
2332,L01149,L,297.6,306.3,1477,59.7,82,1,0,0,1,0,0
2333,M00710,M,298.2,307.5,1726,35.6,113,0,0,0,0,0,0
2334,M00711,M,297.8,304.6,1168,33.2,60,1,0,1,0,0,0
2335,L01150,L,297.0,306.5,1540,39.0,134,0,0,0,0,0,0
2336,L01151,L,300.3,310.3,1466,32.7,180,0,0,0,0,0,0
2337,L01152,L,302.3,312.2,1781,27.5,220,0,0,0,0,0,0
2338,L01153,L,299.6,311.6,1443,47.3,233,1,1,0,0,1,0
2339,L01154,L,297.0,307.6,1630,9.4,101,1,0,0,1,0,0
2340,L01155,L,301.7,312.2,1702,32.8,52,0,0,0,0,0,0
2341,M00712,M,303.4,311.8,1270,26.6,227,1,1,1,0,0,0
2342,L01156,L,298.7,308.3,1513,41.4,96,0,0,0,0,0,0
2343,L01157,L,299.0,308.5,1460,18.1,99,1,0,0,1,0,0
2344,L01158,L,301.0,310.2,1707,45.5,153,0,0,0,0,0,0
2345,H00475,H,303.2,312.4,1658,46.6,220,1,1,0,0,0,0
2346,M00713,M,299.0,307.2,1496,23.7,60,0,0,0,0,0,0
2347,M00714,M,297.3,306.0,1350,41.9,92,0,0,0,0,0,0
2348,L01159,L,301.3,312.2,1723,45.2,34,0,0,0,0,0,0
2349,M00715,M,301.6,311.5,1525,49.4,2,0,0,0,0,0,0
2350,L01160,L,300.0,309.5,1248,25.3,109,1,0,0,1,0,0
2351,M00716,M,298.9,308.9,1263,23.9,196,1,0,0,1,0,0
2352,H00476,H,302.0,313.2,1616,55.0,224,1,0,0,1,0,0
2353,M00717,M,301.1,311.1,1309,31.8,63,0,0,0,0,0,0
2354,H00477,H,298.5,309.0,1870,34.7,138,0,0,0,0,0,0
2355,M00718,M,300.1,309.3,1370,46.3,133,0,0,0,0,0,0
2356,L01161,L,297.3,306.7,1537,28.3,129,0,0,0,0,0,0
2357,H00478,H,301.4,311.8,1566,37.3,204,0,0,0,0,0,0
2358,L01162,L,299.5,311.4,1407,48.9,192,0,0,0,0,0,0
2359,M00719,M,299.1,310.5,1168,25.8,218,1,0,0,1,0,0
2360,L01163,L,299.9,310.5,1572,35.0,39,0,0,0,0,0,0
2361,L01164,L,300.1,310.3,1403,28.7,126,0,0,0,0,0,0
2362,L01165,L,301.8,313.2,1558,32.3,105,0,0,0,0,0,0
2363,L01166,L,301.2,312.0,1516,51.9,142,0,0,0,0,0,0
2364,L01167,L,299.7,307.4,1585,54.1,98,0,0,0,0,0,0
2365,M00720,M,301.5,310.4,1817,42.6,157,0,0,0,0,0,0
2366,L01168,L,300.8,311.1,1440,45.3,5,0,0,0,0,0,0
2367,L01169,L,299.1,307.3,1454,45.0,97,0,0,0,0,0,0
2368,M00721,M,299.8,308.9,1239,33.3,20,0,0,0,0,0,0
2369,L01170,L,299.7,309.0,1503,42.4,223,1,1,0,0,0,0
2370,M00722,M,301.0,310.7,1611,27.0,184,0,0,0,0,0,0
2371,M00723,M,299.3,309.0,1451,30.4,182,0,0,0,0,0,0
2372,H00479,H,299.2,308.9,1612,39.1,83,0,0,0,0,0,0
2373,M00724,M,303.9,314.7,1506,29.4,98,0,0,0,0,0,0
2374,L01171,L,301.9,311.6,1304,27.3,190,0,0,0,0,0,0
2375,M00725,M,298.5,308.1,1593,32.9,136,0,0,0,0,0,0
2376,L01172,L,301.1,309.8,1501,51.5,51,0,0,0,0,0,0
2377,L01173,L,300.2,311.2,1559,55.6,36,1,0,0,1,0,0
2378,M00726,M,300.8,310.1,1436,39.7,197,0,0,0,0,0,0
2379,L01174,L,300.3,309.2,1420,45.8,201,0,0,0,0,0,0
2380,M00727,M,302.4,312.6,1566,34.4,244,0,0,0,0,0,0
2381,H00480,H,300.7,309.9,1496,19.3,8,1,0,0,1,0,0
2382,H00481,H,299.9,309.4,1846,31.1,224,0,0,0,0,0,0
2383,H00482,H,302.1,312.4,1680,36.9,122,0,0,0,0,0,0
2384,L01175,L,300.5,310.2,1635,41.4,143,0,0,0,0,0,0
2385,L01176,L,300.2,312.5,1506,39.0,31,0,0,0,0,0,0
2386,M00728,M,300.6,310.5,1175,37.2,101,0,0,0,0,0,0
2387,L01177,L,299.8,310.4,1393,34.3,111,0,0,0,0,0,0
2388,M00729,M,300.0,308.1,1422,43.4,211,1,1,0,0,0,0
2389,M00730,M,298.8,307.9,1488,26.4,211,0,0,0,0,0,0
2390,M00731,M,298.5,307.4,1532,48.0,2,0,0,0,0,0,0
2391,L01178,L,298.0,307.0,1655,34.1,141,0,0,0,0,0,0
2392,L01179,L,297.2,307.6,1586,60.7,20,1,0,0,1,0,0
2393,L01180,L,298.2,309.2,1745,36.8,71,0,0,0,0,0,0
2394,L01181,L,299.7,310.0,1482,35.2,115,0,0,0,0,0,0
2395,H00483,H,300.2,310.0,1584,34.4,246,1,1,0,0,0,0
2396,L01182,L,299.5,308.9,1599,35.3,237,0,0,0,0,0,0
2397,L01183,L,295.3,306.4,1581,46.1,215,0,0,0,0,0,0
2398,L01184,L,303.1,315.2,1767,39.6,174,0,0,0,0,0,0
2399,M00732,M,302.2,312.3,1681,49.9,20,0,0,0,0,0,0
2400,M00733,M,300.9,311.8,1301,44.6,41,0,0,0,0,0,0
2401,L01185,L,303.8,314.1,1517,40.3,95,0,0,0,0,0,0
2402,L01186,L,298.0,308.8,1535,43.7,144,0,0,0,0,0,0
2403,L01187,L,303.8,312.6,1923,52.0,39,1,0,0,1,0,0
2404,L01188,L,298.1,307.6,1478,46.6,57,0,0,0,0,0,0
2405,M00734,M,300.5,310.9,1362,42.8,114,0,0,0,0,0,0
2406,M00735,M,297.5,308.7,1616,44.2,131,0,0,0,0,0,0
2407,L01189,L,300.0,309.2,1626,28.5,41,0,0,0,0,0,0
2408,L01190,L,300.8,308.8,1524,65.7,86,1,0,0,1,0,0
2409,H00484,H,299.7,309.2,1498,45.3,56,0,0,0,0,0,0
2410,L01191,L,301.4,312.4,1707,46.3,35,0,0,0,0,0,0
2411,M00736,M,300.2,308.6,1385,39.7,51,0,0,0,0,0,0
2412,L01192,L,299.0,307.8,1476,17.0,149,1,0,0,1,0,0
2413,L01193,L,298.9,309.1,1444,37.3,88,0,0,0,0,0,0
2414,L01194,L,301.6,311.5,1733,40.8,195,0,0,0,0,0,0
2415,M00737,M,298.7,309.3,1589,31.8,9,0,0,0,0,0,0
2416,H00485,H,301.8,310.6,1347,31.7,151,0,0,0,0,0,0
2417,L01195,L,302.4,312.1,1365,36.6,162,0,0,0,0,0,0
2418,L01196,L,296.7,307.9,1873,47.7,113,1,0,0,1,0,0
2419,L01197,L,302.3,311.1,1731,52.6,77,1,0,0,1,0,0
2420,L01198,L,304.1,315.6,1688,41.7,147,0,0,0,0,0,0
2421,L01199,L,300.5,309.4,1540,34.3,109,0,0,0,0,0,0
2422,L01200,L,301.2,312.0,1808,36.4,51,0,0,0,0,0,0
2423,M00738,M,302.1,311.7,1340,41.0,246,1,1,0,0,0,0
2424,L01201,L,299.4,308.3,1672,42.2,13,0,0,0,0,0,0
2425,L01202,L,300.4,309.9,1458,44.3,166,0,0,0,0,0,0
2426,H00486,H,297.4,307.9,1493,35.6,72,0,0,0,0,0,0
2427,L01203,L,300.3,310.3,1667,45.3,249,1,0,0,0,1,0
2428,H00487,H,301.0,312.1,1512,44.5,161,0,0,0,0,0,0
2429,L01204,L,301.0,312.4,1460,36.0,83,0,0,0,0,0,0
2430,H00488,H,302.1,310.9,1449,22.8,66,1,0,0,1,0,0
2431,M00739,M,298.5,307.2,1182,31.2,203,0,0,0,0,0,0
2432,H00489,H,298.9,307.6,1674,55.7,242,1,0,0,1,1,0
2433,H00490,H,303.8,312.9,1357,23.1,111,1,0,0,1,0,0
2434,L01205,L,299.7,310.8,1870,53.2,102,1,0,0,1,0,0
2435,H00491,H,300.4,311.0,1486,22.7,11,0,0,0,0,0,0
2436,L01206,L,299.9,309.4,1772,32.3,41,0,0,0,0,0,0
2437,L01207,L,298.4,308.4,1214,36.3,213,1,1,0,0,0,0
2438,L01208,L,303.2,314.6,1668,57.8,226,1,1,0,1,1,0
2439,M00740,M,298.9,310.8,1714,40.3,231,0,0,0,0,0,0
2440,L01209,L,297.7,308.0,1771,37.9,158,0,0,0,0,0,0
2441,M00741,M,299.1,306.4,1264,30.6,247,1,0,1,0,0,0
2442,M00742,M,296.0,306.3,1412,45.2,198,0,0,0,0,0,0
2443,M00743,M,298.7,309.6,1641,34.9,136,0,0,0,0,0,0
2444,H00492,H,298.1,308.3,1564,37.7,125,0,0,0,0,0,0
2445,L01210,L,301.2,311.9,1590,36.4,50,0,0,0,0,0,0
2446,L01211,L,298.7,309.1,1473,47.2,36,0,0,0,0,0,0
2447,L01212,L,301.8,310.6,1815,47.6,149,1,0,0,1,0,0
2448,L01213,L,302.8,311.9,2004,31.1,136,0,0,0,0,0,0
2449,L01214,L,301.6,311.3,1556,33.7,207,0,0,0,0,0,0
2450,L01215,L,299.6,310.7,1619,32.7,115,0,0,0,0,0,0
2451,L01216,L,300.3,309.5,1548,41.8,191,0,0,0,0,0,0
2452,H00493,H,297.0,307.5,1767,49.1,62,1,0,0,1,0,0
2453,M00744,M,299.7,310.0,1686,42.0,84,0,0,0,0,0,0
2454,L01217,L,298.3,309.9,1347,18.1,72,1,0,0,1,0,0
2455,M00745,M,301.4,311.4,1428,47.6,139,0,0,0,0,0,0
2456,L01218,L,305.1,313.3,1357,26.5,26,1,0,1,0,0,0
2457,L01219,L,301.0,311.6,2020,32.8,115,0,0,0,0,0,0
2458,M00746,M,296.0,308.1,1651,42.0,46,0,0,0,0,0,0
2459,L01220,L,299.3,310.0,1431,39.2,241,0,0,0,0,0,0
2460,L01221,L,300.2,309.4,1417,48.7,72,0,0,0,0,0,0
2461,H00494,H,300.2,309.1,1682,33.9,218,0,0,0,0,0,0
2462,H00495,H,298.5,307.5,1699,30.3,27,0,0,0,0,0,0
2463,M00747,M,300.5,312.5,1680,36.9,34,0,0,0,0,0,0
2464,M00748,M,297.5,307.2,1461,49.8,106,0,0,0,0,0,0
2465,M00749,M,298.1,307.4,1592,46.3,165,0,0,0,0,0,0
2466,L01222,L,301.3,311.1,1557,40.9,95,0,0,0,0,0,0
2467,L01223,L,298.0,307.7,1370,53.3,168,0,0,0,0,0,0
2468,L01224,L,301.1,312.7,1372,51.4,66,0,0,0,0,0,0
2469,L01225,L,297.3,306.3,1611,47.9,183,0,0,0,0,0,0
2470,M00750,M,303.5,314.7,1573,28.2,136,0,0,0,0,0,0
2471,L01226,L,298.5,308.6,1637,47.8,130,0,0,0,0,0,0
2472,H00496,H,299.6,310.8,1679,38.0,50,0,0,0,0,0,0
2473,H00497,H,300.7,312.3,1806,36.1,227,0,0,0,0,0,0
2474,M00751,M,298.9,309.0,1399,33.2,76,0,0,0,0,0,0
2475,M00752,M,300.3,310.0,1650,38.3,176,0,0,0,0,0,0
2476,H00498,H,301.2,311.3,1672,33.7,225,0,0,0,0,0,0
2477,L01227,L,301.9,311.8,1482,41.7,221,0,0,0,0,0,0
2478,M00753,M,301.6,309.9,1559,38.3,207,0,0,0,0,0,0
2479,L01228,L,299.7,311.3,1486,42.2,224,0,0,0,0,0,0
2480,M00754,M,299.7,309.9,1915,45.5,162,1,0,0,1,0,0
2481,L01229,L,304.7,313.5,1556,37.1,15,0,0,0,0,0,0
2482,H00499,H,301.9,309.8,1618,32.6,229,0,0,0,0,0,0
2483,H00500,H,298.2,305.9,1490,19.9,167,1,0,0,1,0,0
2484,L01230,L,300.2,311.0,1452,47.7,68,0,0,0,0,0,0
2485,L01231,L,299.3,308.7,1304,40.8,7,0,0,0,0,0,0
2486,H00501,H,299.7,309.2,1734,38.2,181,0,0,0,0,0,0
2487,L01232,L,297.5,308.0,1675,51.7,160,1,0,0,1,0,0
2488,H00502,H,299.2,308.7,1484,27.1,178,0,0,0,0,0,0
2489,M00755,M,303.6,314.1,1376,40.6,221,0,0,0,0,0,0
2490,L01233,L,301.2,311.3,1570,30.4,129,0,0,0,0,0,0
2491,L01234,L,295.0,304.9,1448,46.6,165,0,0,0,0,0,0
2492,L01235,L,302.4,310.8,1498,17.7,55,1,0,0,1,0,0
2493,M00756,M,302.2,311.4,1311,48.0,229,0,0,0,0,0,0
2494,L01236,L,299.3,309.9,1576,47.6,19,0,0,0,0,0,0
2495,M00757,M,301.4,310.7,1580,30.8,51,0,0,0,0,0,0
2496,L01237,L,298.3,309.5,1733,40.7,136,0,0,0,0,0,0
2497,M00758,M,299.1,311.4,1511,31.0,64,0,0,0,0,0,0
2498,H00503,H,303.0,313.7,1478,44.3,65,0,0,0,0,0,0
2499,H00504,H,299.5,311.0,1259,48.2,243,0,0,0,0,0,0
2500,L01238,L,296.3,307.0,1735,30.0,18,0,0,0,0,0,0
2501,H00505,H,299.9,309.4,1697,27.0,143,0,0,0,0,0,0
2502,M00759,M,299.8,310.0,1543,51.0,232,1,1,0,0,0,0
2503,M00760,M,302.4,314.4,1300,59.4,196,0,0,0,0,0,0
2504,H00506,H,300.0,309.5,1320,44.9,95,0,0,0,0,0,0
2505,L01239,L,299.2,308.2,1440,45.7,247,1,0,0,0,1,0
2506,L01240,L,302.1,311.0,1710,36.7,19,0,0,0,0,0,0
2507,H00507,H,300.2,310.0,1589,41.8,106,0,0,0,0,0,0
2508,L01241,L,298.5,307.5,1270,43.5,51,0,0,0,0,0,0
2509,H00508,H,302.3,314.0,1610,38.2,141,0,0,0,0,0,0
2510,H00509,H,300.4,310.6,1387,53.5,121,0,0,0,0,0,0
2511,L01242,L,300.0,311.0,1444,41.8,204,0,0,0,0,0,0
2512,H00510,H,300.4,310.1,1711,43.1,90,0,0,0,0,0,0
2513,L01243,L,297.9,306.8,1675,38.4,162,0,0,0,0,0,0
2514,M00761,M,298.9,307.6,1733,39.4,184,0,0,0,0,0,0
2515,M00762,M,300.0,309.1,1533,52.2,121,0,0,0,0,0,0
2516,H00511,H,299.6,309.9,1696,41.5,161,0,0,0,0,0,0
2517,L01244,L,302.5,313.0,1433,41.7,186,0,0,0,0,0,0
2518,L01245,L,300.4,311.0,1491,41.8,79,0,0,0,0,0,0
2519,M00763,M,301.7,310.2,1479,36.4,155,0,0,0,0,0,0
2520,M00764,M,300.0,310.0,1542,25.9,170,0,0,0,0,0,0
2521,M00765,M,302.1,311.1,1307,55.7,162,0,0,0,0,0,0
2522,L01246,L,300.8,311.2,1497,50.7,142,0,0,0,0,0,0
2523,L01247,L,300.0,310.5,1797,52.5,2,1,0,0,1,0,0
2524,L01248,L,300.0,308.8,1342,29.3,218,0,0,0,0,0,0
2525,H00512,H,298.1,309.1,1300,54.4,154,0,0,0,0,0,0
2526,L01249,L,301.0,313.3,1314,59.7,126,0,0,0,0,0,0
2527,L01250,L,299.9,310.7,2014,50.4,114,1,0,0,1,0,0
2528,H00513,H,299.0,308.8,1621,56.5,3,1,0,0,1,0,0
2529,L01251,L,302.2,311.9,1489,48.0,212,0,0,0,0,0,0
2530,H00514,H,297.5,307.3,1550,31.5,149,0,0,0,0,0,0
2531,M00766,M,299.2,308.4,1578,45.1,68,0,0,0,0,0,0
2532,H00515,H,302.1,312.4,1423,29.8,104,0,0,0,0,0,0
2533,L01252,L,300.6,309.5,1445,34.0,230,0,0,0,0,0,0
2534,L01253,L,299.9,308.0,1509,43.2,22,0,0,0,0,0,0
2535,M00767,M,300.5,310.7,1408,41.8,214,0,0,0,0,0,0
2536,H00516,H,300.4,310.4,1466,44.6,140,0,0,0,0,0,0
2537,M00768,M,297.0,306.4,1601,22.1,59,0,0,0,0,0,0
2538,L01254,L,299.3,308.0,1359,38.5,26,0,0,0,0,0,0
2539,M00769,M,303.2,313.5,2005,45.5,118,1,0,0,1,0,0
2540,M00770,M,298.7,307.7,1672,47.5,49,0,0,0,0,0,0
2541,M00771,M,299.4,309.3,1310,48.1,247,1,1,0,0,0,0
2542,M00772,M,298.9,310.7,1168,42.5,206,0,0,0,0,0,0
2543,H00517,H,299.8,310.5,1414,36.2,11,0,0,0,0,0,0
2544,M00773,M,298.8,307.4,1660,45.0,137,0,0,0,0,0,0
2545,L01255,L,301.0,309.7,1625,37.0,48,0,0,0,0,0,0
2546,L01256,L,300.4,310.6,1518,49.0,229,1,0,0,0,1,0
2547,L01257,L,301.5,310.1,1430,44.3,219,0,0,0,0,0,0
2548,L01258,L,297.9,305.9,1376,39.4,106,1,0,1,0,0,0
2549,L01259,L,299.3,309.8,1465,32.3,34,0,0,0,0,0,0
2550,L01260,L,299.5,309.8,1356,51.2,165,0,0,0,0,0,0
2551,L01261,L,300.9,311.4,1466,45.6,181,0,0,0,0,0,0
2552,L01262,L,298.4,308.7,1776,61.0,119,1,0,0,1,0,0
2553,H00518,H,301.8,311.7,1399,45.3,19,0,0,0,0,0,0
2554,H00519,H,302.4,311.7,1647,46.1,11,0,0,0,0,0,0
2555,L01263,L,298.0,308.5,1674,25.3,2,0,0,0,0,0,0
2556,H00520,H,299.0,310.5,1344,43.1,1,0,0,0,0,0,0
2557,M00774,M,298.9,308.4,1387,36.8,219,0,0,0,0,0,0
2558,L01264,L,305.3,314.3,1729,48.3,21,0,0,0,0,0,0
2559,L01265,L,299.1,308.0,1372,43.3,34,0,0,0,0,0,0
2560,M00775,M,303.4,312.5,1527,49.9,236,0,0,0,0,0,0
2561,M00776,M,297.5,307.7,1903,61.3,243,1,1,0,1,1,0
2562,M00777,M,298.0,305.9,1713,32.0,8,0,0,0,0,0,0
2563,L01266,L,298.6,309.0,1553,49.5,86,0,0,0,0,0,0
2564,L01267,L,298.3,308.9,1688,46.8,16,0,0,0,0,0,0
2565,L01268,L,299.5,307.7,1527,59.8,141,1,0,0,1,0,0
2566,L01269,L,298.6,307.6,1720,47.1,243,1,1,0,0,1,0
2567,L01270,L,298.4,308.5,1171,46.0,159,0,0,0,0,0,0
2568,L01271,L,302.3,312.2,1513,48.5,186,0,0,0,0,0,0
2569,H00521,H,302.4,312.9,1168,49.2,103,0,0,0,0,0,0
2570,H00522,H,301.9,311.8,1566,54.5,185,0,0,0,0,0,0
2571,L01272,L,301.0,312.3,1495,31.8,35,0,0,0,0,0,0
2572,H00523,H,300.2,309.9,1781,36.1,160,0,0,0,0,0,0
2573,L01273,L,299.0,308.0,1665,57.4,201,1,0,0,1,1,0
2574,L01274,L,298.1,307.0,1443,20.4,63,1,0,0,1,0,0
2575,L01275,L,300.7,311.4,1465,39.2,140,0,0,0,0,0,0
2576,M00778,M,297.7,307.7,1606,41.5,161,0,0,0,0,0,0
2577,H00524,H,298.0,308.6,1435,38.2,132,0,0,0,0,0,0
2578,M00779,M,302.3,312.9,1532,55.8,197,0,0,0,0,0,0
2579,L01276,L,303.8,311.8,1773,44.8,160,0,0,0,0,0,0
2580,M00780,M,300.8,309.7,1389,36.1,132,0,0,0,0,0,0
2581,L01277,L,302.2,311.2,1457,33.7,215,0,0,0,0,0,0
2582,H00525,H,299.5,308.7,1482,42.8,110,0,0,0,0,0,0
2583,M00781,M,297.3,306.9,2103,51.7,199,1,0,0,1,0,0
2584,L01278,L,301.2,312.2,1646,41.4,17,0,0,0,0,0,0
2585,M00782,M,301.1,312.3,1740,38.7,88,0,0,0,0,0,0
2586,M00783,M,300.1,309.8,1675,33.0,17,0,0,0,0,0,0
2587,L01279,L,299.5,309.2,1687,43.7,227,1,1,0,0,0,0
2588,M00784,M,301.9,311.2,1622,43.2,153,0,0,0,0,0,0
2589,L01280,L,298.0,308.1,1603,32.8,83,0,0,0,0,0,0
2590,M00785,M,298.5,308.7,1278,50.3,19,0,0,0,0,0,0
2591,H00526,H,298.0,308.8,1602,57.1,102,1,0,0,1,0,0
2592,H00527,H,300.2,311.0,1518,40.5,103,0,0,0,0,0,0
2593,M00786,M,297.8,305.5,1635,43.0,124,0,0,0,0,0,0
2594,M00787,M,298.6,308.4,1525,29.0,215,0,0,0,0,0,0
2595,L01281,L,298.6,310.0,1674,47.4,83,0,0,0,0,0,0
2596,M00788,M,299.5,309.1,1706,44.6,108,0,0,0,0,0,0
2597,L01282,L,297.0,308.1,1168,36.7,3,0,0,0,0,0,0
2598,L01283,L,300.2,309.9,1460,32.6,21,0,0,0,0,0,0
2599,L01284,L,302.5,312.7,1205,58.5,126,0,0,0,0,0,0
2600,L01285,L,300.3,309.2,1580,43.8,216,0,0,0,0,0,0
2601,M00789,M,303.1,312.0,1484,30.8,84,0,0,0,0,0,0
2602,L01286,L,302.7,313.4,1780,48.6,209,1,0,0,1,0,0
2603,M00790,M,301.6,312.5,1575,42.3,236,0,0,0,0,0,0
2604,L01287,L,300.1,310.1,1451,40.6,237,0,0,0,0,0,0
2605,L01288,L,300.0,308.8,1706,49.8,200,0,0,0,0,0,0
2606,M00791,M,301.5,311.5,1481,13.9,235,1,1,0,1,0,0
2607,L01289,L,299.2,310.5,1448,21.9,8,1,0,0,1,0,0
2608,L01290,L,296.2,307.9,1608,53.8,186,1,0,0,1,0,0
2609,M00792,M,301.0,310.7,1826,38.7,32,0,0,0,0,0,0
2610,L01291,L,297.7,306.0,1690,35.7,104,0,0,0,0,0,0
2611,H00528,H,298.1,308.9,1639,26.6,6,0,0,0,0,0,0
2612,L01292,L,300.0,309.7,2030,41.9,160,0,0,0,0,0,0
2613,L01293,L,299.8,310.7,1406,43.2,65,0,0,0,0,0,0
2614,M00793,M,297.2,307.5,1402,54.4,241,1,1,0,0,1,0
2615,L01294,L,300.3,309.4,1564,43.7,199,0,0,0,0,0,0
2616,L01295,L,301.9,312.0,1809,37.0,96,0,0,0,0,0,0
2617,L01296,L,297.7,309.0,1369,44.1,186,0,0,0,0,0,0
2618,L01297,L,302.5,312.4,1852,51.1,34,1,0,0,1,0,0
2619,H00529,H,296.9,305.9,1280,48.9,92,0,0,0,0,0,0
2620,L01298,L,304.2,312.6,1516,46.2,159,0,0,0,0,0,0
2621,M00794,M,299.2,308.4,1569,42.7,0,0,0,0,0,0,0
2622,H00530,H,300.3,309.9,1380,34.2,116,0,0,0,0,0,0
2623,L01299,L,296.2,307.0,1426,29.7,94,0,0,0,0,0,0
2624,H00531,H,299.9,308.8,1680,28.1,179,0,0,0,0,0,0
2625,L01300,L,300.5,312.1,1796,43.9,34,0,0,0,0,0,0
2626,H00532,H,299.8,308.5,1168,45.0,39,0,0,0,0,0,0
2627,L01301,L,298.9,311.2,1570,50.9,171,0,0,0,0,0,0
2628,M00795,M,298.1,309.8,1517,45.6,38,0,0,0,0,0,0
2629,L01302,L,302.3,312.4,1557,50.5,19,0,0,0,0,0,0
2630,L01303,L,300.1,308.5,1481,38.7,96,0,0,0,0,0,0
2631,M00796,M,303.1,313.0,1307,47.7,214,0,0,0,0,0,0
2632,M00797,M,298.9,308.5,1814,30.0,130,0,0,0,0,0,0
2633,L01304,L,299.1,307.8,1745,39.4,52,0,0,0,0,0,0
2634,L01305,L,301.6,311.9,1519,21.7,139,1,0,0,1,0,0
2635,M00798,M,296.8,306.0,1450,40.3,135,0,0,0,0,0,0
2636,M00799,M,297.6,306.9,1428,52.2,191,0,0,0,0,0,0
2637,H00533,H,302.2,312.0,1168,40.7,168,0,0,0,0,0,0
2638,M00800,M,297.7,307.1,1601,47.2,110,0,0,0,0,0,0
2639,H00534,H,296.4,308.5,1677,42.7,121,0,0,0,0,0,0
2640,M00801,M,303.7,313.2,1562,34.3,138,0,0,0,0,0,0
2641,L01306,L,297.2,307.6,1522,38.1,25,0,0,0,0,0,0
2642,L01307,L,300.4,310.5,1561,51.8,214,1,0,0,0,1,0
2643,M00802,M,300.1,310.5,1385,47.2,37,0,0,0,0,0,0
2644,M00803,M,294.4,304.8,1448,33.8,132,0,0,0,0,0,0
2645,L01308,L,299.5,310.4,1508,26.1,31,0,0,0,0,0,0
2646,L01309,L,300.9,311.2,1662,42.1,196,0,0,0,0,0,0
2647,H00535,H,300.7,310.9,1784,34.2,111,0,0,0,0,0,0
2648,M00804,M,301.8,311.9,1496,38.2,142,0,0,0,0,0,0
2649,L01310,L,299.2,309.1,1350,25.5,188,0,0,0,0,0,0
2650,L01311,L,301.4,310.5,1544,50.4,106,0,0,0,0,0,0
2651,L01312,L,298.6,308.5,1898,39.0,51,0,0,0,0,0,0
2652,L01313,L,297.2,307.4,1366,40.5,214,0,0,0,0,0,0
2653,L01314,L,297.4,307.8,1696,31.7,112,0,0,0,0,0,0
2654,L01315,L,297.1,307.3,1777,37.2,125,0,0,0,0,0,0
2655,M00805,M,302.0,311.8,1473,41.2,27,0,0,0,0,0,0
2656,L01316,L,297.0,306.9,1412,33.9,146,0,0,0,0,0,0
2657,H00536,H,300.5,309.9,1640,37.8,53,0,0,0,0,0,0
2658,H00537,H,299.5,309.8,1601,53.9,121,1,0,0,1,0,0
2659,L01317,L,299.8,309.6,1662,22.5,80,0,0,0,0,0,0
2660,M00806,M,302.7,312.9,1909,41.8,14,0,0,0,0,0,0
2661,L01318,L,299.1,310.1,1567,32.1,12,0,0,0,0,0,0
2662,H00538,H,301.2,310.5,1324,53.4,214,0,0,0,0,0,0
2663,L01319,L,300.1,310.7,1549,38.2,209,0,0,0,0,0,0
2664,M00807,M,299.7,309.7,1581,29.5,22,0,0,0,0,0,0
2665,M00808,M,304.6,316.6,1764,37.8,79,0,0,0,0,0,0
2666,L01320,L,297.1,306.9,1502,43.5,189,0,0,0,0,0,0
2667,L01321,L,302.6,313.3,1464,67.8,211,1,0,0,1,1,0
2668,M00809,M,301.3,311.3,1292,18.9,24,1,0,0,1,0,0
2669,M00810,M,299.0,307.6,1635,28.0,159,0,0,0,0,0,0
2670,L01322,L,303.3,312.8,2137,53.1,148,1,0,0,1,0,0
2671,M00811,M,296.3,307.2,1498,24.9,128,0,0,0,0,0,0
2672,L01323,L,299.0,308.6,1618,40.1,27,0,0,0,0,0,0
2673,M00812,M,297.6,305.4,1439,35.2,90,0,0,0,0,0,0
2674,L01324,L,300.8,310.8,1308,33.6,115,0,0,0,0,0,0
2675,H00539,H,297.8,306.7,1615,38.3,218,0,0,0,0,0,0
2676,L01325,L,300.9,311.0,1543,36.7,236,0,0,0,0,0,0
2677,L01326,L,299.6,311.2,1168,50.6,227,1,0,0,0,1,0
2678,L01327,L,299.0,309.8,1826,53.3,139,1,0,0,1,0,0
2679,L01328,L,300.8,312.3,1612,44.3,206,0,0,0,0,0,0
2680,M00813,M,299.5,308.9,1551,37.6,19,0,0,0,0,0,0
2681,L01329,L,297.8,307.7,1462,42.6,107,0,0,0,0,0,0
2682,H00540,H,305.6,314.6,1610,48.1,82,0,0,0,0,0,0
2683,L01330,L,299.0,308.3,1618,50.0,50,0,0,0,0,0,0
2684,L01331,L,295.6,304.7,1609,43.7,153,0,0,0,0,0,0
2685,L01332,L,298.3,307.0,1729,55.3,238,1,0,0,1,1,0
2686,L01333,L,297.5,308.9,1769,33.8,84,0,0,0,0,0,0
2687,L01334,L,301.7,309.6,1897,51.4,100,1,0,0,1,0,0
2688,L01335,L,300.6,312.0,1388,47.0,170,0,0,0,0,0,0
2689,L01336,L,300.8,312.0,1435,33.9,177,0,0,0,0,0,0
2690,L01337,L,299.3,309.8,1602,42.3,201,0,0,0,0,0,0
2691,M00814,M,299.4,308.3,1398,43.0,155,0,0,0,0,0,0
2692,M00815,M,299.3,307.7,1427,38.6,153,0,0,0,0,0,0
2693,L01338,L,299.8,309.3,1623,38.5,76,0,0,0,0,0,0
2694,L01339,L,301.7,312.3,1699,24.8,24,0,0,0,0,0,0
2695,H00541,H,300.7,310.7,1766,33.1,114,0,0,0,0,0,0
2696,M00816,M,301.0,310.0,1503,37.6,30,0,0,0,0,0,0
2697,M00817,M,301.0,312.1,1620,34.3,211,0,0,0,0,0,0
2698,L01340,L,301.8,313.5,1581,31.4,206,0,0,0,0,0,0
2699,M00818,M,300.6,310.4,1541,50.6,145,0,0,0,0,0,0
2700,M00819,M,300.7,310.8,1391,39.0,167,0,0,0,0,0,0
2701,M00820,M,302.4,310.9,1369,61.7,86,1,0,1,0,0,0
2702,H00542,H,298.7,308.3,1657,42.2,66,0,0,0,0,0,0
2703,L01341,L,298.3,308.8,1388,50.4,190,0,0,0,0,0,0
2704,L01342,L,297.6,308.0,1219,37.9,10,0,0,0,0,0,0
2705,M00821,M,300.4,309.9,1532,33.4,154,0,0,0,0,0,0
2706,H00543,H,296.3,306.0,1798,42.6,164,0,0,0,0,0,0
2707,L01343,L,300.9,310.5,1168,53.0,139,0,0,0,0,0,0
2708,L01344,L,299.8,309.5,1486,39.1,224,1,1,0,0,0,0
2709,L01345,L,302.3,312.7,1658,44.5,155,0,0,0,0,0,0
2710,L01346,L,298.7,306.7,1211,42.6,5,1,0,1,0,0,0
2711,M00822,M,299.6,309.5,1499,39.0,249,0,0,0,0,0,0
2712,M00823,M,302.2,312.5,1334,39.5,69,0,0,0,0,0,0
2713,L01347,L,302.8,312.2,1357,30.0,171,0,0,0,0,0,0
2714,L01348,L,298.6,308.1,1465,39.9,212,0,0,0,0,0,0
2715,L01349,L,300.4,309.9,1336,46.5,88,0,0,0,0,0,0
2716,L01350,L,300.6,310.1,1322,43.0,46,0,0,0,0,0,0
2717,M00824,M,300.7,310.7,1527,41.8,35,0,0,0,0,0,0
2718,H00544,H,299.5,309.6,1936,47.3,81,1,0,0,1,0,0
2719,H00545,H,302.6,310.5,1673,41.9,43,0,0,0,0,0,0
2720,L01351,L,296.2,306.9,1718,40.1,230,0,0,0,0,0,0
2721,H00546,H,299.2,308.9,1680,47.4,196,0,0,0,0,0,0
2722,M00825,M,300.9,312.8,1413,41.4,150,0,0,0,0,0,0
2723,M00826,M,300.9,309.7,1593,37.6,150,0,0,0,0,0,0
2724,L01352,L,302.7,311.8,1734,44.7,86,0,0,0,0,0,0
2725,L01353,L,302.4,312.2,1686,39.6,34,0,0,0,0,0,0
2726,L01354,L,299.4,309.8,1572,37.2,92,0,0,0,0,0,0
2727,L01355,L,302.6,310.6,1631,41.6,196,0,0,0,0,0,0
2728,L01356,L,298.6,307.8,1978,41.7,60,0,0,0,0,0,0
2729,L01357,L,301.9,312.5,1688,29.0,208,0,0,0,0,0,0
2730,L01358,L,303.6,312.7,1481,43.3,165,0,0,0,0,0,0
2731,M00827,M,302.4,313.8,1524,58.5,179,1,0,0,1,0,0
2732,L01359,L,300.2,309.7,1349,30.2,1,0,0,0,0,0,0
2733,L01360,L,299.3,308.4,1958,35.0,146,0,0,0,0,0,0
2734,H00547,H,296.9,307.5,1825,67.8,110,1,0,0,1,0,0
2735,H00548,H,300.6,312.2,1552,31.8,190,0,0,0,0,0,0
2736,M00828,M,297.8,308.2,1928,52.9,194,1,0,0,1,0,0
2737,H00549,H,298.4,309.7,1651,37.7,221,0,0,0,0,0,0
2738,M00829,M,297.6,309.3,1460,40.6,96,0,0,0,0,0,0
2739,H00550,H,299.1,308.2,1700,38.7,22,0,0,0,0,0,0
2740,L01361,L,299.9,310.8,1609,44.3,25,0,0,0,0,0,0
2741,L01362,L,300.5,309.0,1687,24.2,29,0,0,0,0,0,0
2742,L01363,L,298.8,309.2,1292,41.9,18,0,0,0,0,0,0
2743,L01364,L,302.1,312.0,1392,36.0,166,0,0,0,0,0,0
2744,L01365,L,299.6,310.8,1804,21.4,89,0,0,0,0,0,0
2745,M00830,M,298.4,309.6,1841,51.2,223,1,0,0,1,0,0
2746,M00831,M,300.5,311.1,1791,18.9,105,0,0,0,0,0,0
2747,M00832,M,303.9,314.2,1935,61.5,27,1,0,0,1,0,0
2748,L01366,L,300.7,311.2,1641,46.2,126,0,0,0,0,0,0
2749,H00551,H,299.3,309.4,1628,26.4,200,0,0,0,0,0,0
2750,M00833,M,296.9,306.8,1374,53.4,60,0,0,0,0,0,0
2751,L01367,L,299.6,311.0,1434,32.5,175,0,0,0,0,0,0
2752,M00834,M,300.5,312.1,1182,33.0,94,0,0,0,0,0,0
2753,L01368,L,299.2,309.1,1480,22.0,206,1,0,0,1,0,0
2754,L01369,L,296.7,306.9,1169,31.4,95,0,0,0,0,0,0
2755,H00552,H,298.3,308.4,1731,32.5,140,0,0,0,0,0,0
2756,L01370,L,302.9,311.3,1607,48.2,85,0,0,0,0,0,0
2757,L01371,L,302.9,312.6,1175,51.7,231,1,0,0,0,1,0
2758,H00553,H,298.2,309.8,1504,27.6,122,0,0,0,0,0,0
2759,M00835,M,301.3,310.6,1890,42.7,138,0,0,0,0,0,0
2760,L01372,L,297.6,309.7,1515,21.6,96,1,0,0,1,0,0
2761,L01373,L,302.8,314.0,1359,42.7,215,0,0,0,0,0,0
2762,L01374,L,300.5,310.9,1218,61.6,167,0,0,0,0,0,0
2763,M00836,M,301.9,312.5,1223,22.2,107,1,0,0,1,0,0
2764,L01375,L,296.6,305.7,1633,29.9,178,0,0,0,0,0,0
2765,L01376,L,301.4,311.1,1460,47.3,69,0,0,0,0,0,0
2766,H00554,H,300.0,311.4,1475,48.5,207,0,0,0,0,0,0
2767,M00837,M,301.7,311.1,1461,30.6,157,0,0,0,0,0,0
2768,L01377,L,301.8,312.9,1512,54.7,126,0,0,0,0,0,0
2769,M00838,M,300.1,308.7,1318,31.8,157,1,0,1,0,0,0
2770,M00839,M,298.8,307.6,1594,56.7,205,1,0,0,1,0,0
2771,L01378,L,301.6,313.5,1283,44.7,181,0,0,0,0,0,0
2772,L01379,L,299.9,309.9,1402,52.7,6,0,0,0,0,0,0
2773,H00555,H,298.3,307.8,1718,43.7,66,0,0,0,0,0,0
2774,L01380,L,298.2,309.6,1605,46.6,222,0,0,0,0,0,0
2775,M00840,M,297.0,308.2,1660,47.1,137,0,0,0,0,0,0
2776,L01381,L,299.0,309.9,1922,51.4,224,1,0,0,1,1,0
2777,L01382,L,302.2,311.6,1527,39.7,60,0,0,0,0,0,0
2778,L01383,L,300.4,310.1,1541,31.0,120,0,0,0,0,0,0
2779,L01384,L,298.9,309.2,1490,39.2,101,0,0,0,0,0,0
2780,L01385,L,301.6,312.3,1458,33.3,36,0,0,0,0,0,0
2781,L01386,L,298.3,307.8,1357,34.0,14,0,0,0,0,0,0
2782,H00556,H,300.2,310.4,1553,56.5,49,1,0,0,1,0,0
2783,H00557,H,299.6,309.9,1601,46.2,3,0,0,0,0,0,0
2784,M00841,M,301.6,312.9,1611,45.8,100,0,0,0,0,0,0
2785,H00558,H,296.8,307.6,1549,50.7,169,0,0,0,0,0,0
2786,L01387,L,298.3,306.8,1703,46.2,195,0,0,0,0,0,0
2787,H00559,H,296.7,306.5,1543,58.7,9,1,0,0,1,0,0
2788,L01388,L,299.5,308.6,1464,19.1,243,1,0,0,1,0,0
2789,H00560,H,302.4,313.0,1372,30.0,122,0,0,0,0,0,0
2790,H00561,H,299.0,309.9,1260,33.0,149,0,0,0,0,0,0
2791,M00842,M,299.0,309.1,1799,26.2,126,0,0,0,0,0,0
2792,H00562,H,301.7,311.4,1412,41.1,158,0,0,0,0,0,0
2793,M00843,M,302.1,312.2,1372,41.6,227,0,0,0,0,0,0
2794,L01389,L,299.8,310.0,1463,59.8,75,1,0,0,1,0,0
2795,L01390,L,301.4,310.8,1488,49.0,200,0,0,0,0,0,0
2796,M00844,M,297.8,306.6,1831,34.9,27,0,0,0,0,0,0
2797,L01391,L,302.8,310.7,1479,44.9,97,0,0,0,0,0,0
2798,M00845,M,304.3,315.6,2009,21.7,196,0,0,0,0,0,0
2799,H00563,H,301.0,311.5,1549,41.4,221,1,1,0,0,0,0
2800,L01392,L,295.8,306.2,1906,40.9,207,0,0,0,0,0,0
2801,M00846,M,298.9,310.2,1698,31.0,18,0,0,0,0,0,0
2802,H00564,H,301.2,309.9,1602,38.0,247,0,0,0,0,0,0
2803,H00565,H,299.2,307.5,1820,33.1,77,0,0,0,0,0,0
2804,H00566,H,302.5,312.9,1738,30.7,46,0,0,0,0,0,0
2805,M00847,M,301.2,311.5,1651,46.7,114,0,0,0,0,0,0
2806,H00567,H,298.6,306.9,1952,50.3,151,1,0,0,1,0,0
2807,M00848,M,300.1,310.5,1448,45.1,183,0,0,0,0,0,0
2808,L01393,L,298.2,307.8,1359,35.6,113,0,0,0,0,0,0
2809,L01394,L,299.6,308.8,1416,33.4,10,0,0,0,0,0,0
2810,M00849,M,298.9,308.6,1851,35.9,76,0,0,0,0,0,0
2811,L01395,L,302.3,309.9,1797,37.8,73,0,0,0,0,0,0
2812,M00850,M,304.2,313.6,1443,31.3,220,0,0,0,0,0,0
2813,M00851,M,297.1,306.4,1168,50.5,230,0,0,0,0,0,0
2814,L01396,L,296.2,306.8,1501,38.0,90,0,0,0,0,0,0
2815,M00852,M,299.5,309.3,1356,47.6,53,0,0,0,0,0,0
2816,M00853,M,297.0,307.6,1449,26.0,58,0,0,0,0,0,0
2817,L01397,L,300.1,307.6,1349,33.1,192,1,0,1,0,0,0
2818,L01398,L,301.5,310.7,1249,48.6,31,0,0,0,0,0,0
2819,L01399,L,303.0,313.6,1875,48.7,145,1,0,0,1,0,0
2820,L01400,L,300.4,310.1,1415,28.0,131,0,0,0,0,0,0
2821,H00568,H,299.6,310.4,1790,43.0,207,0,0,0,0,0,0
2822,L01401,L,296.0,304.2,1498,43.3,81,0,0,0,0,0,0
2823,M00854,M,300.1,310.8,1335,32.9,212,0,0,0,0,0,0
2824,L01402,L,300.1,309.5,1629,43.6,178,0,0,0,0,0,0
2825,L01403,L,301.3,310.6,1468,24.2,174,0,0,0,0,0,0
2826,H00569,H,298.6,309.6,1500,30.7,53,0,0,0,0,0,0
2827,M00855,M,299.1,310.3,1563,46.0,152,0,0,0,0,0,0
2828,L01404,L,297.0,308.0,1392,40.3,125,0,0,0,0,0,0
2829,L01405,L,295.4,307.4,1247,40.8,137,0,0,0,0,0,0
2830,L01406,L,297.8,309.1,1528,38.2,134,0,0,0,0,0,0
2831,L01407,L,296.9,306.1,1710,45.4,125,0,0,0,0,0,0
2832,M00856,M,300.7,310.8,1376,45.9,244,0,0,0,0,0,0
2833,L01408,L,299.0,308.6,1565,47.9,192,0,0,0,0,0,0
2834,L01409,L,298.9,310.9,1807,41.3,96,0,0,0,0,0,0
2835,L01410,L,298.0,309.1,1521,36.1,224,0,0,0,0,0,0
2836,H00570,H,293.5,303.3,1553,34.4,18,0,0,0,0,0,0
2837,H00571,H,303.0,313.9,1547,29.4,134,0,0,0,0,0,0
2838,L01411,L,298.0,306.8,1415,36.0,238,0,0,0,0,0,0
2839,M00857,M,299.2,309.5,1360,33.9,44,0,0,0,0,0,0
2840,L01412,L,297.1,306.2,1360,56.0,104,0,0,0,0,0,0
2841,L01413,L,301.9,310.2,1603,29.5,205,0,0,0,0,0,0
2842,M00858,M,300.3,311.1,1673,50.4,37,0,0,0,0,0,0
2843,H00572,H,298.3,309.2,1682,37.3,134,0,0,0,0,0,0
2844,H00573,H,299.2,309.7,1470,37.9,173,0,0,0,0,0,0
2845,M00859,M,303.4,313.2,1733,44.0,234,0,0,0,0,0,0
2846,L01414,L,299.9,308.6,1593,25.8,66,0,0,0,0,0,0
2847,M00860,M,299.6,308.4,1550,32.0,74,0,0,0,0,0,0
2848,L01415,L,298.1,307.1,1168,27.6,7,1,0,0,1,0,0
2849,M00861,M,296.2,306.0,1391,36.2,89,0,0,0,0,0,0
2850,L01416,L,299.7,310.8,1265,30.9,101,0,0,0,0,0,0
2851,M00862,M,300.7,311.8,1650,53.2,2,1,0,0,1,0,0
2852,L01417,L,302.2,310.6,1555,34.2,92,0,0,0,0,0,0
2853,L01418,L,295.5,304.8,1346,16.2,11,1,0,0,1,0,0
2854,H00574,H,297.7,307.0,1592,36.7,81,0,0,0,0,0,0
2855,L01419,L,298.8,306.3,1283,48.1,248,1,0,1,0,1,0
2856,M00863,M,300.0,310.6,1351,56.3,170,0,0,0,0,0,0
2857,L01420,L,299.7,309.5,1410,37.7,134,0,0,0,0,0,0
2858,L01421,L,299.8,309.7,1634,34.8,93,0,0,0,0,0,0
2859,L01422,L,300.8,312.1,1788,39.9,233,1,1,0,0,0,0
2860,L01423,L,298.2,308.3,1433,44.2,47,0,0,0,0,0,0
2861,H00575,H,301.9,311.5,1774,28.7,249,0,0,0,0,0,0
2862,L01424,L,300.9,311.5,1546,37.6,207,0,0,0,0,0,0
2863,H00576,H,299.4,310.5,1580,39.5,238,1,1,0,0,0,0
2864,M00864,M,303.2,313.5,1526,40.5,44,0,0,0,0,0,0
2865,L01425,L,303.1,313.8,1502,38.6,24,0,0,0,0,0,0
2866,M00865,M,301.9,311.8,1616,30.6,3,0,0,0,0,0,0
2867,M00866,M,294.0,303.9,1670,43.4,131,0,0,0,0,0,0
2868,M00867,M,303.2,313.3,1379,39.6,229,0,0,0,0,0,0
2869,L01426,L,301.6,310.8,1504,39.5,177,0,0,0,0,0,0
2870,L01427,L,304.0,313.4,1836,29.2,185,0,0,0,0,0,0
2871,H00577,H,302.5,313.9,1569,46.4,192,0,0,0,0,0,0
2872,H00578,H,303.2,315.2,1589,30.5,125,0,0,0,0,0,0
2873,H00579,H,301.8,313.4,1746,56.2,105,1,0,0,1,0,0
2874,L01428,L,302.7,311.4,1448,28.2,194,0,0,0,0,0,0
2875,M00868,M,304.0,312.6,1531,47.6,155,0,0,0,0,0,0
2876,L01429,L,300.4,309.2,1684,20.9,109,0,0,0,0,0,0
2877,L01430,L,296.9,307.0,1759,17.4,202,1,0,0,1,0,0
2878,L01431,L,299.4,306.6,1168,34.5,164,1,0,1,0,0,0
2879,M00869,M,300.8,310.2,1406,17.4,129,1,0,0,1,0,0
2880,L01432,L,300.1,311.5,1359,47.3,72,0,0,0,0,0,0
2881,L01433,L,297.5,308.5,1515,39.8,60,0,0,0,0,0,0
2882,H00580,H,296.7,306.2,1372,54.0,208,0,0,0,0,0,0
2883,L01434,L,298.5,308.1,1656,38.3,223,1,1,0,0,0,0
2884,L01435,L,301.6,312.2,1568,42.4,124,0,0,0,0,0,0
2885,L01436,L,303.2,314.1,1697,37.3,50,0,0,0,0,0,0
2886,H00581,H,301.8,311.3,1708,31.3,30,0,0,0,0,0,0
2887,M00870,M,302.1,311.9,1659,35.9,84,0,0,0,0,0,0
2888,L01437,L,299.8,309.2,1477,28.0,208,0,0,0,0,0,0
2889,H00582,H,296.5,305.2,1556,43.9,243,0,0,0,0,0,0
2890,H00583,H,299.1,308.9,1455,36.9,233,0,0,0,0,0,0
2891,L01438,L,299.5,309.2,1293,39.0,208,0,0,0,0,0,0
2892,M00871,M,299.0,307.7,1708,68.2,42,1,0,0,1,0,0
2893,M00872,M,300.1,310.7,1522,36.0,218,0,0,0,0,0,0
2894,M00873,M,300.9,311.4,1269,43.1,27,0,0,0,0,0,0
2895,L01439,L,301.7,312.4,1634,39.5,166,0,0,0,0,0,0
2896,H00584,H,299.4,308.6,1497,51.6,192,0,0,0,0,0,0
2897,M00874,M,296.2,304.2,1169,42.4,143,1,0,1,0,0,0
2898,L01440,L,299.0,309.5,1292,37.3,66,0,0,0,0,0,0
2899,L01441,L,300.1,309.4,1412,62.9,206,1,0,0,1,1,0
2900,L01442,L,302.4,311.5,1575,31.4,67,0,0,0,0,0,0
2901,L01443,L,298.9,307.6,1679,38.1,35,0,0,0,0,0,0
2902,M00875,M,301.0,310.7,1672,49.2,126,0,0,0,0,0,0
2903,L01444,L,300.6,312.2,1645,31.8,29,0,0,0,0,0,0
2904,L01445,L,300.1,309.6,1531,47.7,92,0,0,0,0,0,0
2905,M00876,M,301.9,310.8,1846,35.2,22,0,0,0,0,0,0
2906,L01446,L,298.7,309.4,1663,50.0,190,0,0,0,0,0,0
2907,H00585,H,298.8,309.0,1577,49.8,196,0,0,0,0,0,0
2908,L01447,L,300.0,307.9,1639,39.1,174,0,0,0,0,0,0
2909,L01448,L,298.7,309.4,1466,30.0,10,0,0,0,0,0,0
2910,L01449,L,301.0,313.1,1527,36.1,119,0,0,0,0,0,0
2911,L01450,L,298.6,306.0,1168,39.9,18,1,0,1,0,0,0
2912,L01451,L,300.5,309.3,1468,48.9,189,0,0,0,0,0,0
2913,M00877,M,299.8,307.0,1853,43.2,71,0,0,0,0,0,0
2914,H00586,H,300.4,310.3,1564,45.4,42,0,0,0,0,0,0
2915,L01452,L,299.1,310.1,1557,43.5,74,0,0,0,0,0,0
2916,M00878,M,299.3,309.4,1716,48.5,124,0,0,0,0,0,0
2917,M00879,M,300.2,311.6,1602,38.0,136,0,0,0,0,0,0
2918,H00587,H,300.4,311.2,1397,41.6,237,1,1,0,0,0,0
2919,L01453,L,300.0,311.7,1542,40.3,24,0,0,0,0,0,0
2920,L01454,L,303.4,314.6,1334,35.6,216,0,0,0,0,0,0
2921,L01455,L,298.0,307.6,1570,50.1,205,0,0,0,0,0,0
2922,M00880,M,299.9,310.0,1388,49.9,30,0,0,0,0,0,0
2923,H00588,H,296.9,306.0,1704,52.1,140,1,0,0,1,0,0
2924,L01456,L,300.7,310.5,1446,32.4,64,0,0,0,0,0,0
2925,L01457,L,297.8,307.9,1390,43.5,157,0,0,0,0,0,0
2926,H00589,H,299.4,309.3,1517,50.9,200,0,0,0,0,0,0
2927,H00590,H,299.3,310.6,1603,55.0,231,1,0,0,1,0,0
2928,H00591,H,300.6,310.3,1321,24.9,28,1,0,0,1,0,0
2929,M00881,M,298.9,308.0,1444,40.0,94,0,0,0,0,0,0
2930,L01458,L,298.8,307.9,1556,38.1,17,0,0,0,0,0,0
2931,M00882,M,302.9,313.6,1777,55.9,130,1,0,0,1,0,0
2932,M00883,M,300.6,309.2,1168,17.9,246,1,0,1,1,0,0
2933,L01459,L,298.9,308.7,1648,29.5,34,0,0,0,0,0,0
2934,M00884,M,299.5,310.8,1469,54.3,193,0,0,0,0,0,0
2935,M00885,M,303.3,313.6,1449,35.3,131,0,0,0,0,0,0
2936,L01460,L,299.5,309.4,1416,27.0,40,0,0,0,0,0,0
2937,M00886,M,298.6,308.6,1472,55.1,78,0,0,0,0,0,0
2938,M00887,M,298.6,307.6,1649,25.7,113,0,0,0,0,0,0
2939,H00592,H,298.9,308.0,1441,50.2,208,0,0,0,0,0,0
2940,L01461,L,298.8,308.6,1834,24.4,89,0,0,0,0,0,0
2941,L01462,L,297.4,307.7,1649,25.6,222,0,0,0,0,0,0
2942,M00888,M,297.8,308.7,1573,42.0,29,0,0,0,0,0,0
2943,L01463,L,298.3,308.4,1508,31.5,86,0,0,0,0,0,0
2944,M00889,M,301.2,312.6,1750,42.7,221,1,1,0,0,0,0
2945,M00890,M,299.2,310.8,1777,58.0,10,1,0,0,1,0,0
2946,L01464,L,299.6,310.4,1330,38.4,32,0,0,0,0,0,0
2947,M00891,M,302.5,313.7,1412,56.3,37,0,0,0,0,0,0
2948,M00892,M,302.6,311.6,1651,43.2,237,1,1,0,0,0,0
2949,L01465,L,299.4,308.3,1705,49.6,4,0,0,0,0,0,0
2950,H00593,H,298.7,309.2,1484,16.5,186,1,0,0,1,0,0
2951,H00594,H,298.3,307.0,1405,46.4,247,1,1,0,0,0,0
2952,M00893,M,301.4,311.1,1552,44.8,98,0,0,0,0,0,0
2953,M00894,M,299.6,310.4,1802,36.4,50,0,0,0,0,0,0
2954,L01466,L,299.2,310.6,1545,59.0,64,1,0,0,1,0,0
2955,H00595,H,298.4,308.1,1311,35.1,195,0,0,0,0,0,0
2956,M00895,M,298.5,307.9,1557,23.9,57,0,0,0,0,0,0
2957,M00896,M,300.6,310.9,1678,47.8,175,0,0,0,0,0,0
2958,H00596,H,297.4,306.3,1519,25.8,185,0,0,0,0,0,0
2959,L01467,L,302.0,311.8,1763,40.8,229,1,1,0,0,0,0
2960,H00597,H,298.9,308.9,1692,53.4,164,1,0,0,1,0,0
2961,L01468,L,299.7,309.7,1526,45.0,134,0,0,0,0,0,0
2962,L01469,L,297.3,307.4,1545,37.5,59,0,0,0,0,0,0
2963,L01470,L,300.0,309.2,1208,36.5,58,0,0,0,0,0,0
2964,H00598,H,299.3,308.6,1754,52.7,137,1,0,0,1,0,0
2965,H00599,H,299.9,309.2,1479,27.8,32,0,0,0,0,0,0
2966,M00897,M,302.9,311.3,1466,47.8,178,0,0,0,0,0,0
2967,M00898,M,300.4,310.7,1439,61.9,122,1,0,0,1,0,0
2968,M00899,M,298.4,309.3,1619,45.4,77,0,0,0,0,0,0
2969,H00600,H,298.6,309.4,1335,37.6,163,0,0,0,0,0,0
2970,L01471,L,301.2,310.9,1361,38.4,110,0,0,0,0,0,0
2971,L01472,L,302.6,311.8,1528,35.2,37,0,0,0,0,0,0
2972,L01473,L,300.6,311.3,1425,33.5,243,0,0,0,0,0,0
2973,M00900,M,301.4,312.0,1598,41.2,54,0,0,0,0,0,0
2974,M00901,M,301.2,311.4,1432,46.8,157,0,0,0,0,0,0
2975,L01474,L,302.8,314.5,1823,56.1,25,1,0,0,1,0,0
2976,L01475,L,296.1,306.1,1662,20.4,94,0,0,0,0,0,0
2977,H00601,H,301.3,311.0,1659,15.6,41,1,0,0,1,0,0
2978,L01476,L,302.0,311.6,1429,56.3,174,0,0,0,0,0,0
2979,M00902,M,297.3,305.7,1968,40.6,146,0,0,0,0,0,0
2980,H00602,H,298.2,308.9,1459,41.1,103,0,0,0,0,0,0
2981,L01477,L,298.3,308.2,1410,45.0,76,0,0,0,0,0,0
2982,L01478,L,298.5,309.0,1664,38.1,86,0,0,0,0,0,0
2983,M00903,M,299.0,310.8,1572,59.8,210,1,0,0,1,1,0
2984,H00603,H,300.5,310.1,1391,44.9,79,0,0,0,0,0,0
2985,M00904,M,301.7,309.4,1931,35.5,152,0,0,0,0,0,0
2986,H00604,H,302.2,312.7,1712,36.4,124,0,0,0,0,0,0
2987,L01479,L,298.3,308.5,1538,38.6,217,0,0,0,0,0,0
2988,M00905,M,298.3,307.6,1967,32.2,124,0,0,0,0,0,0
2989,M00906,M,302.6,313.0,1683,56.9,84,1,0,0,1,0,0
2990,H00605,H,301.3,312.1,1535,41.2,17,0,0,0,0,0,0
2991,L01480,L,300.2,309.3,1946,28.3,8,0,0,0,0,0,0
2992,H00606,H,300.9,310.6,1655,44.1,215,0,0,0,0,0,0
2993,M00907,M,299.9,311.4,1648,54.4,110,1,0,0,1,0,0
2994,L01481,L,301.0,310.3,1468,50.6,103,0,0,0,0,0,0
2995,L01482,L,299.3,309.4,1546,32.4,16,0,0,0,0,0,0
2996,H00607,H,300.5,307.9,1464,28.9,93,0,0,0,0,0,0
2997,L01483,L,297.0,305.5,1795,54.3,131,1,0,0,1,0,0
2998,L01484,L,298.6,308.8,1249,23.8,54,1,0,0,1,0,0
2999,L01485,L,298.6,309.8,1782,43.7,53,0,0,0,0,0,0
3000,H00608,H,299.3,307.9,1380,34.3,155,0,0,0,0,0,0
3001,M00908,M,298.1,308.2,1527,53.1,104,0,0,0,0,0,0
3002,M00909,M,298.9,308.5,1485,29.5,167,0,0,0,0,0,0
3003,L01486,L,297.0,308.0,1444,32.0,8,0,0,0,0,0,0
3004,M00910,M,301.1,309.9,1661,46.2,163,0,0,0,0,0,0
3005,M00911,M,299.8,310.2,1537,48.0,135,0,0,0,0,0,0
3006,H00609,H,296.6,305.9,1418,53.6,189,0,0,0,0,0,0
3007,H00610,H,298.3,308.5,1565,44.7,213,0,0,0,0,0,0
3008,L01487,L,300.7,310.8,1413,43.5,216,1,1,0,0,0,0
3009,M00912,M,298.9,308.6,1441,50.5,121,0,0,0,0,0,0
3010,L01488,L,298.6,309.1,1269,26.3,48,1,0,0,1,0,0
3011,M00913,M,299.9,309.9,1457,31.2,69,0,0,0,0,0,0
3012,L01489,L,300.7,310.6,1626,27.1,217,0,0,0,0,0,0
3013,L01490,L,297.1,306.7,1544,13.1,169,1,0,0,1,0,0
3014,L01491,L,301.1,311.2,1862,48.4,1,1,0,0,1,0,0
3015,M00914,M,298.4,308.6,2005,54.3,158,1,0,0,1,0,0
3016,L01492,L,300.0,309.0,1454,45.6,75,0,0,0,0,0,0
3017,M00915,M,299.9,309.6,1388,43.8,18,0,0,0,0,0,0
3018,L01493,L,298.9,307.8,1740,40.8,120,0,0,0,0,0,0
3019,L01494,L,298.0,308.0,1598,40.6,100,0,0,0,0,0,0
3020,M00916,M,299.4,308.8,1741,57.0,239,1,0,0,1,1,0
3021,L01495,L,303.3,314.1,1609,55.5,100,1,0,0,1,0,0
3022,L01496,L,297.3,308.0,1503,34.1,64,0,0,0,0,0,0
3023,M00917,M,303.4,312.5,1504,51.1,201,0,0,0,0,0,0
3024,L01497,L,299.5,309.5,1615,52.3,187,0,0,0,0,0,0
3025,L01498,L,300.1,310.7,1500,46.5,61,0,0,0,0,0,0
3026,L01499,L,297.8,307.6,1756,43.9,187,0,0,0,0,0,0
3027,H00611,H,298.5,307.8,1304,43.5,97,0,0,0,0,0,0
3028,M00918,M,299.0,307.9,1755,25.2,15,0,0,0,0,0,0
3029,M00919,M,297.9,308.8,1202,24.3,104,1,0,0,1,0,0
3030,M00920,M,299.6,310.5,1563,47.8,134,0,0,0,0,0,0
3031,L01500,L,299.2,309.0,1478,29.0,76,0,0,0,0,0,0
3032,L01501,L,303.7,314.5,1266,26.1,195,1,0,0,1,0,0
3033,M00921,M,297.7,304.7,1169,19.2,230,1,0,1,1,0,0
3034,L01502,L,300.2,311.5,1341,35.2,222,0,0,0,0,0,0
3035,L01503,L,300.5,310.3,1546,43.7,201,0,0,0,0,0,0
3036,L01504,L,297.9,308.0,1430,44.5,139,0,0,0,0,0,0
3037,L01505,L,301.4,311.1,1351,48.5,225,0,0,0,0,0,0
3038,H00612,H,299.2,310.6,1780,36.1,91,0,0,0,0,0,0
3039,L01506,L,295.0,303.9,1317,41.1,132,0,0,0,0,0,0
3040,M00922,M,301.3,312.8,1659,48.5,91,0,0,0,0,0,0
3041,L01507,L,297.8,308.2,1378,44.6,248,1,1,0,0,1,0
3042,H00613,H,297.9,308.5,1337,34.2,46,0,0,0,0,0,0
3043,L01508,L,301.4,311.1,1429,43.0,10,0,0,0,0,0,0
3044,L01509,L,299.3,308.0,1648,20.2,161,1,0,0,1,0,0
3045,M00923,M,301.8,312.7,1292,40.0,206,0,0,0,0,0,0
3046,M00924,M,302.4,312.7,1589,33.8,50,0,0,0,0,0,0
3047,L01510,L,298.7,310.1,1366,55.2,4,0,0,0,0,0,0
3048,L01511,L,301.6,311.4,1398,30.2,47,0,0,0,0,0,0
3049,L01512,L,298.5,308.1,1609,41.2,212,1,1,0,0,0,0
3050,L01513,L,304.5,315.9,1927,35.7,30,0,0,0,0,0,0
3051,L01514,L,298.6,310.5,1374,34.4,167,0,0,0,0,0,0
3052,L01515,L,302.1,312.1,1666,43.8,134,0,0,0,0,0,0
3053,L01516,L,301.7,310.9,1482,35.8,98,0,0,0,0,0,0
3054,L01517,L,300.6,311.4,1453,58.5,84,0,0,0,0,0,0
3055,M00925,M,298.7,308.4,1729,20.3,39,0,0,0,0,0,0
3056,H00614,H,299.7,310.3,1387,46.3,196,0,0,0,0,0,0
3057,M00926,M,295.7,305.4,1331,39.2,141,0,0,0,0,0,0
3058,L01518,L,300.4,312.0,1620,39.5,225,0,0,0,0,0,0
3059,L01519,L,300.7,310.0,1823,43.0,9,0,0,0,0,0,0
3060,H00615,H,300.3,310.8,1672,50.0,81,0,0,0,0,0,0
3061,L01520,L,294.1,303.6,1286,42.7,208,0,0,0,0,0,0
3062,L01521,L,297.5,307.2,1427,50.0,229,1,0,0,0,1,0
3063,M00927,M,298.5,308.1,1713,40.5,48,0,0,0,0,0,0
3064,M00928,M,300.6,311.3,1821,29.7,247,0,0,0,0,0,0
3065,M00929,M,300.6,311.5,1578,39.1,223,1,1,0,0,0,0
3066,L01522,L,299.7,310.3,1434,51.5,144,0,0,0,0,0,0
3067,L01523,L,301.3,311.2,1832,35.9,119,0,0,0,0,0,0
3068,H00616,H,297.9,308.0,1524,29.2,213,0,0,0,0,0,0
3069,L01524,L,301.2,312.1,1429,46.2,216,1,1,0,0,0,0
3070,M00930,M,300.9,311.8,1399,43.4,178,0,0,0,0,0,0
3071,M00931,M,300.8,308.1,1324,32.3,207,1,0,1,0,0,0
3072,M00932,M,299.6,309.3,2045,37.7,189,0,0,0,0,0,0
3073,L01525,L,303.7,313.5,1792,38.2,157,0,0,0,0,0,0
3074,L01526,L,301.0,311.7,1420,40.1,54,0,0,0,0,0,0
3075,M00933,M,298.1,308.0,1847,46.5,33,0,0,0,0,0,0
3076,H00617,H,300.5,311.2,1633,35.9,196,0,0,0,0,0,0
3077,H00618,H,301.5,310.4,1622,47.0,235,0,0,0,0,0,0
3078,L01527,L,298.8,309.1,1409,34.7,32,0,0,0,0,0,0
3079,L01528,L,302.2,313.1,1445,56.7,132,0,0,0,0,0,0
3080,H00619,H,300.8,309.3,1530,56.9,103,1,0,0,1,0,0
3081,M00934,M,295.3,307.8,1186,31.4,41,0,0,0,0,0,0
3082,H00620,H,300.6,311.8,1450,27.7,130,0,0,0,0,0,0
3083,L01529,L,299.2,309.2,1538,49.8,190,0,0,0,0,0,0
3084,M00935,M,301.1,310.3,1772,42.6,165,0,0,0,0,0,0
3085,M00936,M,301.9,311.7,1427,45.5,12,0,0,0,0,0,0
3086,M00937,M,300.4,310.5,1683,33.5,243,1,1,0,0,0,0
3087,L01530,L,303.3,313.7,1169,38.7,135,0,0,0,0,0,0
3088,L01531,L,299.6,311.1,1746,36.6,60,0,0,0,0,0,0
3089,M00938,M,301.2,310.7,1376,43.0,157,0,0,0,0,0,0
3090,L01532,L,301.6,312.2,1561,27.5,49,0,0,0,0,0,0
3091,L01533,L,299.8,308.5,1610,39.0,68,0,0,0,0,0,0
3092,H00621,H,301.6,311.2,1575,27.4,37,0,0,0,0,0,0
3093,L01534,L,298.8,309.2,1518,34.8,186,0,0,0,0,0,0
3094,H00622,H,299.2,309.9,1315,39.0,94,0,0,0,0,0,0
3095,L01535,L,297.4,306.6,1378,45.1,247,1,0,0,0,1,0
3096,M00939,M,300.5,310.1,1716,45.9,1,0,0,0,0,0,0
3097,H00623,H,300.7,312.2,1431,47.6,56,0,0,0,0,0,0
3098,L01536,L,302.4,313.6,1519,25.2,6,0,0,0,0,0,0
3099,L01537,L,301.6,311.8,1270,52.6,207,0,0,0,0,0,0
3100,L01538,L,299.4,307.2,1691,33.6,137,0,0,0,0,0,0
3101,L01539,L,297.6,310.1,1301,34.3,28,0,0,0,0,0,0
3102,M00940,M,300.9,310.9,1701,42.7,221,1,1,0,0,0,0
3103,H00624,H,302.2,311.9,1347,36.6,211,0,0,0,0,0,0
3104,L01540,L,301.5,311.0,1719,43.6,233,0,0,0,0,0,0
3105,L01541,L,302.2,312.6,1539,45.5,161,0,0,0,0,0,0
3106,L01542,L,299.6,310.0,1437,32.4,199,0,0,0,0,0,0
3107,M00941,M,299.1,310.1,1824,38.2,225,0,0,0,0,0,0
3108,L01543,L,298.5,307.6,1525,38.5,97,0,0,0,0,0,0
3109,M00942,M,299.9,309.6,1473,49.6,172,0,0,0,0,0,0
3110,M00943,M,299.8,311.8,1700,35.3,126,0,0,0,0,0,0
3111,M00944,M,300.4,310.6,1272,34.9,248,0,0,0,0,0,0
3112,L01544,L,299.7,309.5,1168,29.8,99,0,0,0,0,0,0
3113,M00945,M,299.7,308.8,1745,30.9,70,0,0,0,0,0,0
3114,L01545,L,298.4,308.9,1388,26.5,185,0,0,0,0,0,0
3115,L01546,L,301.9,312.9,1692,33.0,77,0,0,0,0,0,0
3116,H00625,H,300.2,311.1,1546,55.9,83,1,0,0,1,0,0
3117,M00946,M,299.7,309.4,1329,46.9,228,0,0,0,0,0,0
3118,L01547,L,298.5,308.9,1646,52.8,32,1,0,0,1,0,0
3119,L01548,L,297.3,309.0,1464,30.5,94,0,0,0,0,0,0
3120,L01549,L,302.6,313.7,1345,20.5,249,1,0,0,1,0,0
3121,L01550,L,301.1,310.3,1349,43.2,96,0,0,0,0,0,0
3122,L01551,L,296.8,304.3,1227,58.5,89,1,0,1,0,0,0
3123,L01552,L,301.5,311.8,1610,35.1,217,0,0,0,0,0,0
3124,L01553,L,301.8,312.6,1370,41.0,125,0,0,0,0,0,0
3125,M00947,M,300.2,309.1,1531,24.3,178,0,0,0,0,0,0
3126,M00948,M,303.2,313.2,1505,40.3,191,0,0,0,0,0,0
3127,M00949,M,300.4,310.1,1369,38.8,165,0,0,0,0,0,0
3128,L01554,L,297.2,307.3,1265,19.1,207,1,0,0,1,0,0
3129,H00626,H,300.7,310.2,1991,29.6,11,0,0,0,0,0,0
3130,H00627,H,300.5,311.8,1529,28.8,190,0,0,0,0,0,0
3131,H00628,H,298.8,308.9,1864,24.2,192,0,0,0,0,0,0
3132,H00629,H,301.1,310.2,1746,32.8,187,0,0,0,0,0,0
3133,H00630,H,296.7,307.6,1480,45.1,235,0,0,0,0,0,0
3134,M00950,M,302.0,310.7,1570,33.7,19,0,0,0,0,0,0
3135,L01555,L,298.2,309.5,1565,51.5,248,1,1,0,0,1,0
3136,M00951,M,298.0,309.0,1868,36.4,241,0,0,0,0,0,0
3137,M00952,M,299.8,311.2,1686,43.3,65,0,0,0,0,0,0
3138,M00953,M,300.9,310.7,1393,45.0,222,0,0,0,0,0,0
3139,M00954,M,300.3,309.8,1600,55.3,17,1,0,0,1,0,0
3140,L01556,L,298.5,308.6,1681,32.8,169,0,0,0,0,0,0
3141,L01557,L,299.0,308.9,1327,44.4,201,0,0,0,0,0,0
3142,H00631,H,297.7,307.0,1626,30.5,118,0,0,0,0,0,0
3143,M00955,M,299.6,309.0,1778,57.2,246,1,1,0,1,1,0
3144,M00956,M,302.2,311.8,1384,29.6,5,0,0,0,0,0,0
3145,L01558,L,300.0,308.8,1409,43.8,65,0,0,0,0,0,0
3146,L01559,L,301.7,312.4,1745,55.6,207,1,0,0,1,1,0
3147,H00632,H,302.9,312.8,1474,28.0,68,0,0,0,0,0,0
3148,M00957,M,298.8,308.5,1362,46.0,126,0,0,0,0,0,0
3149,M00958,M,299.6,308.5,1695,30.1,124,0,0,0,0,0,0
3150,L01560,L,304.3,313.1,1641,63.3,101,1,0,0,1,0,0
3151,M00959,M,302.9,314.8,1554,21.1,213,1,1,0,1,0,0
3152,L01561,L,296.7,306.1,1739,24.8,121,0,0,0,0,0,0
3153,M00960,M,300.8,311.4,1752,28.8,149,0,0,0,0,0,0
3154,L01562,L,300.0,310.2,1523,29.1,149,0,0,0,0,0,0
3155,L01563,L,301.7,308.9,1891,45.2,64,0,0,0,0,0,0
3156,M00961,M,298.5,310.3,1821,58.0,227,1,0,0,1,1,0
3157,H00633,H,298.3,309.0,1182,51.6,176,0,0,0,0,0,0
3158,L01564,L,298.6,307.8,1353,42.3,76,0,0,0,0,0,0
3159,H00634,H,298.9,308.9,1168,40.1,139,0,0,0,0,0,0
3160,L01565,L,301.6,310.5,1479,33.9,190,0,0,0,0,0,0
3161,L01566,L,297.6,309.4,1321,43.9,140,0,0,0,0,0,0
3162,L01567,L,298.8,307.9,1392,37.9,114,0,0,0,0,0,0
3163,L01568,L,296.4,305.9,1733,41.9,122,0,0,0,0,0,0
3164,M00962,M,302.0,311.3,1223,32.6,239,0,0,0,0,0,0
3165,L01569,L,302.5,312.6,1561,28.0,189,0,0,0,0,0,0
3166,L01570,L,299.3,310.7,1560,40.3,58,0,0,0,0,0,0
3167,H00635,H,299.4,311.2,1523,40.0,122,0,0,0,0,0,0
3168,L01571,L,300.9,310.5,1561,34.0,138,0,0,0,0,0,0
3169,M00963,M,302.9,313.3,1168,32.3,113,0,0,0,0,0,0
3170,L01572,L,300.8,310.9,1393,45.6,81,0,0,0,0,0,0
3171,M00964,M,298.6,307.6,1814,44.5,213,0,0,0,0,0,0
3172,L01573,L,296.8,309.2,1323,58.8,0,0,0,0,0,0,0
3173,L01574,L,297.8,309.2,1836,53.8,67,1,0,0,1,0,0
3174,L01575,L,300.1,310.3,1286,28.1,8,0,0,0,0,0,0
3175,L01576,L,298.7,310.3,1264,38.1,2,0,0,0,0,0,0
3176,L01577,L,300.4,311.6,1367,26.4,199,0,0,0,0,0,0
3177,M00965,M,298.9,309.0,1740,21.6,8,0,0,0,0,0,0
3178,H00636,H,297.9,308.2,1440,62.0,81,1,0,0,1,0,0
3179,H00637,H,297.6,309.1,1599,54.8,68,1,0,0,1,0,0
3180,M00966,M,303.1,312.2,1551,33.7,21,0,0,0,0,0,0
3181,L01578,L,301.8,313.5,1528,52.4,100,0,0,0,0,0,0
3182,L01579,L,303.5,313.3,1766,53.9,117,1,0,0,1,0,0
3183,L01580,L,301.1,312.6,1676,20.8,196,0,0,0,0,0,0
3184,L01581,L,299.1,309.1,1333,48.5,150,0,0,0,0,0,0
3185,M00967,M,302.6,312.9,1488,35.1,79,0,0,0,0,0,0
3186,M00968,M,299.9,309.9,1850,43.8,132,0,0,0,0,0,0
3187,L01582,L,300.4,309.9,1595,70.1,228,1,0,0,1,1,0
3188,L01583,L,299.9,309.6,1268,55.9,235,1,0,0,0,1,0
3189,H00638,H,294.1,305.5,1280,38.7,38,1,0,0,0,0,1
3190,M00969,M,303.2,310.9,1697,54.2,2,1,0,0,1,0,0
3191,L01584,L,301.0,309.8,1663,20.8,25,0,0,0,0,0,0
3192,H00639,H,300.7,310.0,1373,45.0,246,0,0,0,0,0,0
3193,H00640,H,299.9,308.8,1671,45.3,7,0,0,0,0,0,0
3194,L01585,L,300.3,311.8,1824,47.1,212,0,0,0,0,0,0
3195,L01586,L,298.8,310.1,1798,34.9,51,0,0,0,0,0,0
3196,M00970,M,301.2,311.8,1825,43.8,209,0,0,0,0,0,0
3197,H00641,H,297.4,306.8,1637,48.6,196,0,0,0,0,0,0
3198,H00642,H,300.4,311.7,1506,16.8,133,1,0,0,1,0,0
3199,L01587,L,301.1,309.5,1465,36.8,125,0,0,0,0,0,0
3200,L01588,L,299.6,311.7,1534,31.0,154,0,0,0,0,0,0
3201,M00971,M,300.7,310.0,1381,46.6,120,0,0,0,0,0,0
3202,M00972,M,298.0,307.7,1473,53.8,213,0,0,0,0,0,0
3203,L01589,L,298.1,307.7,1766,33.9,149,0,0,0,0,0,0
3204,H00643,H,300.5,309.4,1249,29.1,229,0,0,0,0,0,0
3205,M00973,M,301.4,313.3,1262,41.2,55,0,0,0,0,0,0
3206,H00644,H,296.3,307.1,1686,28.5,229,0,0,0,0,0,0
3207,H00645,H,301.0,312.2,1475,37.7,42,0,0,0,0,0,0
3208,M00974,M,298.9,307.7,1193,36.7,26,0,0,0,0,0,0
3209,L01590,L,299.6,309.8,1527,45.8,44,0,0,0,0,0,0
3210,M00975,M,297.3,307.8,1501,43.2,45,0,0,0,0,0,0
3211,L01591,L,298.3,308.6,1460,41.6,112,0,0,0,0,0,0
3212,M00976,M,301.9,310.7,1660,56.4,32,1,0,0,1,0,0
3213,L01592,L,300.1,311.2,1299,42.7,126,0,0,0,0,0,0
3214,M00977,M,299.2,309.3,1540,35.8,233,0,0,0,0,0,0
3215,L01593,L,299.8,308.8,1500,37.0,94,0,0,0,0,0,0
3216,L01594,L,301.0,309.1,1544,32.4,27,0,0,0,0,0,0
3217,L01595,L,300.9,311.5,1227,29.8,93,0,0,0,0,0,0
3218,L01596,L,299.8,312.3,1444,26.1,97,0,0,0,0,0,0
3219,M00978,M,302.2,311.2,1541,51.3,108,0,0,0,0,0,0
3220,M00979,M,301.9,312.1,1634,32.8,80,0,0,0,0,0,0
3221,M00980,M,300.8,311.9,1868,43.2,178,0,0,0,0,0,0
3222,L01597,L,300.1,308.8,1682,37.0,191,0,0,0,0,0,0
3223,L01598,L,301.3,310.8,1620,39.7,34,0,0,0,0,0,0
3224,L01599,L,300.6,309.7,1765,51.5,163,1,0,0,1,0,0
3225,L01600,L,302.1,313.1,1483,41.8,5,0,0,0,0,0,0
3226,H00646,H,301.8,313.1,1816,30.8,236,0,0,0,0,0,0
3227,L01601,L,298.0,308.2,1738,34.4,220,0,0,0,0,0,0
3228,L01602,L,297.8,307.0,1458,48.6,185,0,0,0,0,0,0
3229,L01603,L,298.6,308.2,1882,44.8,127,0,0,0,0,0,0
3230,L01604,L,302.0,311.4,1618,49.2,150,0,0,0,0,0,0
3231,M00981,M,296.8,305.8,1930,37.6,13,0,0,0,0,0,0
3232,M00982,M,300.8,310.7,1592,26.0,200,0,0,0,0,0,0
3233,L01605,L,300.7,311.3,1437,45.1,55,0,0,0,0,0,0
3234,L01606,L,302.3,312.8,1400,42.5,78,0,0,0,0,0,0
3235,L01607,L,300.4,310.4,1474,42.8,229,0,0,0,0,0,0
3236,L01608,L,297.3,307.4,1435,26.2,152,0,0,0,0,0,0
3237,L01609,L,298.1,308.0,1765,33.6,147,0,0,0,0,0,0
3238,H00647,H,297.6,306.3,1532,30.6,234,0,0,0,0,0,0
3239,M00983,M,298.9,309.1,1249,44.0,213,0,0,0,0,0,0
3240,M00984,M,299.6,309.0,1576,44.3,198,0,0,0,0,0,0
3241,L01610,L,297.7,306.4,1560,39.6,145,0,0,0,0,0,0
3242,L01611,L,302.9,313.3,1454,49.7,123,0,0,0,0,0,0
3243,M00985,M,297.3,306.7,1585,54.9,144,1,0,0,1,0,0
3244,M00986,M,302.7,312.9,1530,43.5,141,0,0,0,0,0,0
3245,M00987,M,302.4,313.2,1651,46.7,25,0,0,0,0,0,0
3246,L01612,L,301.8,310.8,1640,34.6,231,0,0,0,0,0,0
3247,M00988,M,298.6,308.7,1603,32.7,159,0,0,0,0,0,0
3248,L01613,L,300.7,308.9,1305,50.1,92,1,0,1,0,0,0
3249,H00648,H,297.4,308.9,1917,31.3,231,0,0,0,0,0,0
3250,M00989,M,301.8,310.4,1259,47.0,186,1,0,1,0,0,0
3251,M00990,M,299.9,309.4,1514,57.2,70,1,0,0,1,0,0
3252,L01614,L,299.2,310.5,1342,46.5,56,0,0,0,0,0,0
3253,M00991,M,297.6,307.4,1608,39.2,200,0,0,0,0,0,0
3254,L01615,L,295.0,303.8,1562,26.6,11,0,0,0,0,0,0
3255,L01616,L,297.9,308.6,1507,41.6,2,0,0,0,0,0,0
3256,L01617,L,302.2,312.9,1809,50.1,159,1,0,0,1,0,0
3257,M00992,M,299.2,308.6,1736,38.2,96,0,0,0,0,0,0
3258,L01618,L,299.7,309.2,1479,50.2,142,0,0,0,0,0,0
3259,L01619,L,301.3,310.9,1681,43.7,136,0,0,0,0,0,0
3260,H00649,H,303.6,313.4,1818,42.9,48,0,0,0,0,0,0
3261,L01620,L,302.7,310.8,1735,36.8,171,0,0,0,0,0,0
3262,M00993,M,298.1,307.9,1513,25.4,80,0,0,0,0,0,0
3263,L01621,L,296.1,307.9,1253,35.7,155,0,0,0,0,0,0
3264,L01622,L,304.7,313.8,1596,35.7,172,0,0,0,0,0,0
3265,M00994,M,304.5,313.9,1657,45.8,12,0,0,0,0,0,0
3266,L01623,L,300.4,309.2,1400,39.8,46,0,0,0,0,0,0
3267,L01624,L,297.5,308.1,1542,50.8,20,0,0,0,0,0,0
3268,M00995,M,301.9,313.1,1523,42.8,49,0,0,0,0,0,0
3269,M00996,M,299.8,311.0,1786,35.0,174,0,0,0,0,0,0
3270,M00997,M,299.8,308.6,1869,31.9,113,0,0,0,0,0,0
3271,L01625,L,301.8,312.3,1748,34.0,4,0,0,0,0,0,0
3272,L01626,L,300.7,312.1,1522,41.6,6,0,0,0,0,0,0
3273,M00998,M,297.6,308.1,1743,36.3,165,0,0,0,0,0,0
3274,M00999,M,299.4,309.9,1654,29.2,36,0,0,0,0,0,0
3275,H00650,H,301.3,310.8,1524,50.1,82,0,0,0,0,0,0
3276,H00651,H,301.0,311.2,1912,41.5,232,0,0,0,0,0,0
3277,H00652,H,300.5,311.7,1405,42.7,159,0,0,0,0,0,0
3278,L01627,L,301.9,312.2,1646,31.8,183,0,0,0,0,0,0
3279,L01628,L,299.3,308.1,1688,29.6,170,0,0,0,0,0,0
3280,M01000,M,300.4,309.9,1486,38.4,66,0,0,0,0,0,0
3281,L01629,L,293.2,304.4,1638,19.7,102,1,0,0,1,0,0
3282,L01630,L,299.1,309.4,1707,47.8,98,0,0,0,0,0,0
3283,H00653,H,301.5,311.6,1581,33.0,26,0,0,0,0,0,0
3284,H00654,H,299.2,308.6,1622,37.3,229,0,0,0,0,0,0
3285,L01631,L,299.1,310.3,1556,44.3,50,0,0,0,0,0,0
3286,L01632,L,297.9,309.6,1680,37.8,175,0,0,0,0,0,0
3287,L01633,L,302.0,313.3,1497,28.3,71,0,0,0,0,0,0
3288,H00655,H,301.1,312.5,1482,55.1,242,1,0,0,0,1,0
3289,H00656,H,301.7,311.3,1541,24.7,180,0,0,0,0,0,0
3290,L01634,L,296.5,306.0,1749,17.6,210,1,0,0,1,0,0
3291,L01635,L,299.7,309.5,1225,48.7,93,0,0,0,0,0,0
3292,H00657,H,299.4,309.4,1375,25.4,47,0,0,0,0,0,0
3293,L01636,L,299.4,310.8,1945,52.5,231,1,0,0,1,1,0
3294,M01001,M,298.8,310.0,1587,43.8,9,0,0,0,0,0,0
3295,H00658,H,299.3,309.8,1465,42.8,93,0,0,0,0,0,0
3296,L01637,L,301.7,310.3,1680,34.3,136,0,0,0,0,0,0
3297,M01002,M,296.2,304.5,1397,31.7,239,1,1,0,0,0,0
3298,L01638,L,303.6,313.8,1168,36.2,85,0,0,0,0,0,0
3299,L01639,L,301.0,311.9,1601,31.2,94,0,0,0,0,0,0
3300,H00659,H,299.9,309.8,1407,52.1,45,0,0,0,0,0,0
3301,L01640,L,301.8,313.7,1556,32.6,137,0,0,0,0,0,0
3302,H00660,H,297.1,306.0,1596,45.1,35,0,0,0,0,0,0
3303,M01003,M,298.7,307.5,1563,50.1,9,0,0,0,0,0,0
3304,L01641,L,299.8,309.1,1232,31.2,243,0,0,0,0,0,0
3305,L01642,L,302.7,312.0,1542,43.8,244,1,1,0,0,0,0
3306,L01643,L,299.9,310.4,1617,31.1,123,0,0,0,0,0,0
3307,L01644,L,300.9,310.5,1287,38.3,26,0,0,0,0,0,0
3308,L01645,L,298.8,307.3,1266,35.4,78,1,0,1,0,0,0
3309,L01646,L,301.0,311.9,1346,33.0,146,0,0,0,0,0,0
3310,L01647,L,303.4,311.6,1671,41.6,138,0,0,0,0,0,0
3311,M01004,M,302.0,310.9,1180,27.9,31,1,0,0,1,0,0
3312,M01005,M,299.8,308.2,1686,49.3,147,0,0,0,0,0,0
3313,M01006,M,301.4,311.6,1608,29.2,45,0,0,0,0,0,0
3314,L01648,L,301.2,311.4,1491,27.3,59,0,0,0,0,0,0
3315,L01649,L,301.0,312.9,1272,37.5,206,0,0,0,0,0,0
3316,M01007,M,302.2,313.1,1395,36.3,67,0,0,0,0,0,0
3317,L01650,L,302.2,313.6,1677,43.6,16,0,0,0,0,0,0
3318,L01651,L,299.7,310.0,1762,40.8,64,0,0,0,0,0,0
3319,H00661,H,301.3,310.3,1353,23.7,184,1,0,0,1,0,0
3320,M01008,M,299.2,309.3,1742,49.9,18,1,0,0,1,0,0
3321,M01009,M,298.2,308.8,1660,37.2,4,0,0,0,0,0,0
3322,L01652,L,299.5,310.2,1536,42.4,81,0,0,0,0,0,0
3323,M01010,M,299.8,309.3,1405,62.0,208,1,1,0,1,1,0
3324,M01011,M,296.7,307.2,1433,52.9,54,0,0,0,0,0,0
3325,M01012,M,301.7,310.8,1864,42.1,105,0,0,0,0,0,0
3326,M01013,M,294.5,303.5,1569,26.3,232,0,0,0,0,0,0
3327,H00662,H,305.4,314.3,1776,26.4,3,0,0,0,0,0,0
3328,M01014,M,303.0,313.0,1581,51.6,179,0,0,0,0,0,0
3329,L01653,L,299.5,308.3,1456,36.0,18,0,0,0,0,0,0
3330,M01015,M,300.0,309.6,1642,38.3,158,0,0,0,0,0,0
3331,M01016,M,300.6,311.5,1924,28.5,130,0,0,0,0,0,0
3332,M01017,M,298.8,307.8,1422,44.5,241,1,1,0,0,0,0
3333,L01654,L,300.4,309.9,1701,51.4,66,1,0,0,1,0,0
3334,L01655,L,299.7,309.8,1572,55.2,28,1,0,0,1,0,0
3335,H00663,H,299.8,310.0,1278,35.5,180,0,0,0,0,0,0
3336,M01018,M,300.4,309.9,1274,46.4,135,0,0,0,0,0,0
3337,H00664,H,297.4,308.2,1457,39.0,119,0,0,0,0,0,0
3338,M01019,M,300.1,310.7,1600,48.8,132,0,0,0,0,0,0
3339,M01020,M,300.3,311.4,1695,40.0,63,0,0,0,0,0,0
3340,M01021,M,300.3,310.2,1256,31.8,222,0,0,0,0,0,0
3341,H00665,H,299.6,309.1,1654,53.2,26,1,0,0,1,0,0
3342,M01022,M,302.3,311.6,1516,41.0,32,0,0,0,0,0,0
3343,M01023,M,299.3,309.6,1538,36.5,57,0,0,0,0,0,0
3344,L01656,L,300.5,310.1,1643,41.8,61,0,0,0,0,0,0
3345,L01657,L,302.6,312.0,1850,32.6,81,0,0,0,0,0,0
3346,M01024,M,299.8,309.4,1592,44.2,215,0,0,0,0,0,0
3347,L01658,L,300.4,309.7,1295,38.0,25,0,0,0,0,0,0
3348,L01659,L,299.8,310.0,1504,32.1,222,0,0,0,0,0,0
3349,L01660,L,302.5,311.1,1690,63.8,13,1,0,0,1,0,0
3350,L01661,L,299.5,309.8,1696,29.9,216,0,0,0,0,0,0
3351,L01662,L,302.6,313.3,1657,43.5,31,0,0,0,0,0,0
3352,L01663,L,299.8,309.2,1446,40.6,230,0,0,0,0,0,0
3353,H00666,H,298.3,310.2,1293,29.7,40,0,0,0,0,0,0
3354,M01025,M,301.4,311.4,1643,36.6,248,1,1,0,0,0,0
3355,L01664,L,299.4,307.8,1320,26.6,141,1,0,1,0,0,0
3356,L01665,L,301.2,310.9,1662,60.7,47,1,0,0,1,0,0
3357,M01026,M,294.5,304.6,1662,37.3,175,0,0,0,0,0,0
3358,L01666,L,300.0,310.4,1454,38.2,90,0,0,0,0,0,0
3359,H00667,H,299.1,308.8,1517,59.5,213,1,0,0,1,0,0
3360,M01027,M,297.9,306.9,1573,31.8,37,0,0,0,0,0,0
3361,M01028,M,298.9,307.8,1427,52.9,134,0,0,0,0,0,0
3362,L01667,L,298.9,308.2,1290,45.9,32,0,0,0,0,0,0
3363,M01029,M,299.9,309.3,1530,20.2,106,1,0,0,1,0,0
3364,L01668,L,297.3,306.2,1549,36.3,232,0,0,0,0,0,0
3365,H00668,H,300.6,309.9,1781,44.4,96,0,0,0,0,0,0
3366,M01030,M,302.7,313.4,1398,40.4,23,0,0,0,0,0,0
3367,L01669,L,300.6,312.2,1729,40.4,25,0,0,0,0,0,0
3368,L01670,L,301.6,312.4,1332,33.9,49,0,0,0,0,0,0
3369,L01671,L,302.2,313.5,1297,32.9,169,0,0,0,0,0,0
3370,M01031,M,302.5,313.5,1484,36.9,94,0,0,0,0,0,0
3371,L01672,L,303.7,314.5,1369,59.6,218,1,0,0,0,1,0
3372,M01032,M,299.0,308.7,1294,30.9,124,0,0,0,0,0,0
3373,L01673,L,298.6,308.7,1886,35.2,140,0,0,0,0,0,0
3374,M01033,M,301.6,311.2,1457,40.3,158,0,0,0,0,0,0
3375,H00669,H,301.4,311.2,1951,25.4,223,0,0,0,0,0,0
3376,M01034,M,301.6,311.7,1359,44.3,22,0,0,0,0,0,0
3377,M01035,M,303.8,314.5,1232,27.1,164,1,0,0,1,0,0
3378,L01674,L,300.0,310.4,1769,29.1,231,0,0,0,0,0,0
3379,L01675,L,300.9,310.7,1407,28.6,108,0,0,0,0,0,0
3380,M01036,M,298.0,308.1,1562,23.6,58,0,0,0,0,0,0
3381,L01676,L,304.3,314.7,1295,52.7,185,0,0,0,0,0,0
3382,L01677,L,299.3,310.0,1531,45.2,15,0,0,0,0,0,0
3383,L01678,L,299.4,307.9,1292,49.2,38,1,0,1,0,0,0
3384,L01679,L,299.3,308.2,1524,48.3,199,0,0,0,0,0,0
3385,L01680,L,298.7,309.8,1453,38.3,81,0,0,0,0,0,0
3386,H00670,H,298.5,308.4,1579,39.7,249,1,1,0,0,0,0
3387,L01681,L,299.0,308.6,1649,50.1,90,0,0,0,0,0,0
3388,M01037,M,297.3,307.0,1581,56.4,8,1,0,0,1,0,0
3389,L01682,L,298.4,308.1,1618,27.4,191,0,0,0,0,0,0
3390,M01038,M,303.9,314.5,1518,65.2,91,1,0,0,1,0,0
3391,L01683,L,301.5,310.4,1460,26.8,21,0,0,0,0,0,0
3392,H00671,H,301.9,311.9,1622,35.4,74,0,0,0,0,0,0
3393,H00672,H,302.4,312.6,1518,40.7,53,0,0,0,0,0,0
3394,L01684,L,303.7,314.1,1524,41.7,149,0,0,0,0,0,0
3395,H00673,H,296.5,306.7,1609,59.6,240,1,1,0,1,1,0
3396,H00674,H,297.5,308.0,1353,50.1,13,0,0,0,0,0,0
3397,H00675,H,298.4,307.8,1793,44.1,214,0,0,0,0,0,0
3398,H00676,H,299.1,308.2,1493,50.4,193,0,0,0,0,0,0
3399,L01685,L,299.4,311.9,1560,43.5,78,0,0,0,0,0,0
3400,M01039,M,299.1,308.8,1530,33.2,177,0,0,0,0,0,0
3401,L01686,L,300.4,310.2,1654,44.9,132,0,0,0,0,0,0
3402,L01687,L,300.1,310.8,1598,40.7,220,1,1,0,0,0,0
3403,H00677,H,298.6,310.2,1529,31.6,245,1,1,0,0,0,0
3404,L01688,L,295.6,305.1,1797,52.6,224,1,0,0,1,1,0
3405,M01040,M,298.0,307.0,1168,39.5,239,0,0,0,0,0,0
3406,H00678,H,298.9,307.7,1760,28.8,107,0,0,0,0,0,0
3407,H00679,H,299.5,311.1,1702,30.4,93,0,0,0,0,0,0
3408,H00680,H,297.7,306.7,1209,45.3,237,0,0,0,0,0,0
3409,L01689,L,299.0,309.0,1704,50.5,144,1,0,0,1,0,0
3410,L01690,L,297.7,306.7,1727,44.8,0,0,0,0,0,0,0
3411,L01691,L,299.7,308.3,1638,44.9,141,0,0,0,0,0,0
3412,L01692,L,297.9,307.6,1258,31.9,238,0,0,0,0,0,0
3413,L01693,L,298.3,307.4,1660,40.9,54,0,0,0,0,0,0
3414,L01694,L,297.4,306.7,1718,36.7,235,0,0,0,0,0,0
3415,M01041,M,299.7,311.7,1435,38.1,16,0,0,0,0,0,0
3416,M01042,M,298.3,308.7,1616,38.9,8,0,0,0,0,0,0
3417,L01695,L,301.8,312.7,1474,33.4,127,0,0,0,0,0,0
3418,M01043,M,300.8,311.6,1696,47.5,98,0,0,0,0,0,0
3419,L01696,L,299.9,309.8,1481,29.9,94,0,0,0,0,0,0
3420,L01697,L,298.4,308.0,1434,27.0,11,0,0,0,0,0,0
3421,M01044,M,300.8,311.0,1530,32.1,121,0,0,0,0,0,0
3422,M01045,M,301.4,311.6,1297,48.8,108,0,0,0,0,0,0
3423,M01046,M,300.3,309.7,1513,43.4,65,0,0,0,0,0,0
3424,L01698,L,303.2,313.3,1602,22.2,245,0,0,0,0,0,0
3425,H00681,H,300.9,310.2,1693,46.0,142,0,0,0,0,0,0
3426,M01047,M,301.8,311.6,1582,39.5,161,0,0,0,0,0,0
3427,M01048,M,300.3,310.0,1281,35.8,36,0,0,0,0,0,0
3428,M01049,M,301.4,310.1,1780,37.6,52,0,0,0,0,0,0
3429,H00682,H,298.4,306.0,1795,26.7,168,0,0,0,0,0,0
3430,M01050,M,299.1,308.2,1558,41.7,123,0,0,0,0,0,0
3431,M01051,M,300.7,312.5,1403,27.3,221,0,0,0,0,0,0
3432,H00683,H,300.7,310.4,1442,36.5,77,0,0,0,0,0,0
3433,M01052,M,301.0,311.8,1501,36.5,236,0,0,0,0,0,0
3434,L01699,L,302.2,310.1,1587,47.7,3,0,0,0,0,0,0
3435,M01053,M,297.2,306.2,1483,40.4,135,0,0,0,0,0,0
3436,L01700,L,298.1,306.7,1384,47.1,86,0,0,0,0,0,0
3437,L01701,L,300.5,310.3,1721,28.0,70,0,0,0,0,0,0
3438,M01054,M,298.6,311.0,1584,38.9,16,0,0,0,0,0,0
3439,H00684,H,306.8,317.3,1349,45.3,149,0,0,0,0,0,0
3440,H00685,H,301.0,312.7,1590,52.4,101,0,0,0,0,0,0
3441,L01702,L,299.8,309.5,1566,28.6,217,0,0,0,0,0,0
3442,M01055,M,299.0,310.4,1409,31.6,135,0,0,0,0,0,0
3443,L01703,L,299.0,311.1,1751,45.1,21,0,0,0,0,0,0
3444,H00686,H,300.1,310.0,1562,56.1,39,1,0,0,1,0,0
3445,H00687,H,300.2,309.7,1499,42.9,236,0,0,0,0,0,0
3446,M01056,M,299.1,307.8,1523,28.9,149,0,0,0,0,0,0
3447,H00688,H,299.5,309.2,1617,29.1,103,0,0,0,0,0,0
3448,M01057,M,302.7,312.8,1525,41.3,132,0,0,0,0,0,0
3449,M01058,M,302.8,314.8,1523,43.6,8,0,0,0,0,0,0
3450,L01704,L,300.5,309.2,1728,37.8,59,0,0,0,0,0,0
3451,L01705,L,297.3,307.4,1284,29.2,19,0,0,0,0,0,0
3452,M01059,M,301.1,309.3,1313,51.0,85,1,0,1,0,0,0
3453,M01060,M,303.1,312.7,1677,36.5,122,0,0,0,0,0,0
3454,L01706,L,302.7,313.0,1970,45.3,33,1,0,0,1,0,0
3455,H00689,H,301.5,312.0,1694,22.3,226,0,0,0,0,0,0
3456,L01707,L,302.8,313.4,1871,52.0,163,1,0,0,1,0,0
3457,M01061,M,300.1,310.5,1460,33.2,210,0,0,0,0,0,0
3458,M01062,M,301.3,311.9,1423,53.4,91,0,0,0,0,0,0
3459,M01063,M,298.6,308.6,1619,46.1,124,0,0,0,0,0,0
3460,M01064,M,300.6,309.6,1708,25.7,126,0,0,0,0,0,0
3461,L01708,L,302.7,310.8,1303,42.5,70,1,0,1,0,0,0
3462,L01709,L,298.8,308.3,1499,56.6,232,1,0,0,0,1,0
3463,M01065,M,298.3,308.2,1533,34.0,165,0,0,0,0,0,0
3464,M01066,M,300.2,311.5,1416,56.6,194,0,0,0,0,0,0
3465,L01710,L,299.5,309.4,1437,43.9,31,0,0,0,0,0,0
3466,M01067,M,301.3,311.1,1688,53.4,173,1,0,0,1,0,0
3467,L01711,L,299.1,309.5,1622,41.6,108,0,0,0,0,0,0
3468,M01068,M,303.4,313.1,1680,38.8,94,0,0,0,0,0,0
3469,H00690,H,297.4,308.2,1598,58.4,236,1,0,0,1,1,0
3470,L01712,L,302.5,314.5,1381,47.2,24,0,0,0,0,0,0
3471,L01713,L,298.5,310.7,1613,37.6,63,0,0,0,0,0,0
3472,M01069,M,296.4,306.5,1367,44.2,160,0,0,0,0,0,0
3473,M01070,M,300.5,310.8,1482,34.4,46,0,0,0,0,0,0
3474,M01071,M,299.5,311.1,1352,41.1,68,0,0,0,0,0,0
3475,H00691,H,297.8,307.7,1428,52.0,125,0,0,0,0,0,0
3476,H00692,H,296.6,307.3,1554,38.4,28,0,0,0,0,0,0
3477,H00693,H,300.0,308.9,1456,31.3,186,0,0,0,0,0,0
3478,M01072,M,302.0,311.7,1379,30.3,158,0,0,0,0,0,0
3479,L01714,L,301.2,312.4,1741,40.7,25,0,0,0,0,0,0
3480,L01715,L,300.1,309.4,1516,31.9,62,0,0,0,0,0,0
3481,L01716,L,301.0,310.9,1443,25.7,185,0,0,0,0,0,0
3482,M01073,M,299.9,308.3,1344,28.0,84,1,0,1,0,0,0
3483,L01717,L,297.1,309.1,1202,51.8,225,1,1,0,0,1,0
3484,H00694,H,297.2,308.5,1498,38.6,228,0,0,0,0,0,0
3485,M01074,M,299.6,309.8,1291,40.6,176,0,0,0,0,0,0
3486,M01075,M,299.7,310.2,1665,30.3,192,0,0,0,0,0,0
3487,L01718,L,301.7,312.1,1543,34.2,58,0,0,0,0,0,0
3488,L01719,L,301.5,312.9,1816,33.9,189,0,0,0,0,0,0
3489,L01720,L,301.2,310.7,1577,37.2,195,1,0,0,0,0,1
3490,L01721,L,299.4,310.1,1407,23.4,238,1,0,0,1,0,0
3491,L01722,L,297.2,308.3,1201,50.9,46,0,0,0,0,0,0
3492,M01076,M,300.8,312.0,1682,39.8,21,0,0,0,0,0,0
3493,H00695,H,301.1,308.8,1305,42.0,207,1,1,1,0,0,0
3494,H00696,H,295.2,304.6,1464,49.1,108,0,0,0,0,0,0
3495,M01077,M,298.3,307.3,1837,48.4,191,1,0,0,1,0,0
3496,L01723,L,298.6,308.7,1647,34.2,173,0,0,0,0,0,0
3497,H00697,H,300.2,308.2,1607,46.0,186,0,0,0,0,0,0
3498,H00698,H,298.4,306.4,1707,45.9,159,0,0,0,0,0,0
3499,L01724,L,299.9,312.1,1700,43.2,97,0,0,0,0,0,0
3500,M01078,M,299.6,310.2,1820,50.6,212,1,0,0,1,0,0
3501,L01725,L,299.7,309.8,1430,48.0,90,0,0,0,0,0,0
3502,H00699,H,298.6,309.0,1470,47.3,233,1,1,0,0,0,0
3503,H00700,H,298.7,308.8,1372,53.7,164,0,0,0,0,0,0
3504,L01726,L,297.8,308.8,1532,40.3,66,0,0,0,0,0,0
3505,H00701,H,300.8,310.2,1514,40.6,179,0,0,0,0,0,0
3506,M01079,M,301.1,311.3,1223,48.2,170,0,0,0,0,0,0
3507,H00702,H,298.5,308.7,1420,38.2,108,0,0,0,0,0,0
3508,L01727,L,303.0,312.0,1795,44.8,33,0,0,0,0,0,0
3509,H00703,H,299.4,310.7,1581,34.4,188,0,0,0,0,0,0
3510,L01728,L,303.1,312.7,1666,17.2,70,1,0,0,1,0,0
3511,L01729,L,298.7,309.7,1516,46.0,220,0,0,0,0,0,0
3512,L01730,L,295.9,306.0,1200,24.5,194,1,0,0,1,0,0
3513,H00704,H,300.8,312.4,1514,33.0,172,0,0,0,0,0,0
3514,H00705,H,300.5,309.5,1724,48.2,229,0,0,0,0,0,0
3515,H00706,H,300.1,309.0,1325,48.3,168,0,0,0,0,0,0
3516,H00707,H,298.7,307.8,1671,51.8,118,1,0,0,1,0,0
3517,L01731,L,299.9,310.0,1233,19.8,179,1,0,0,1,0,0
3518,L01732,L,299.0,310.5,1541,43.0,65,0,0,0,0,0,0
3519,L01733,L,299.4,311.0,1635,37.4,11,0,0,0,0,0,0
3520,L01734,L,301.7,309.4,1482,49.9,14,0,0,0,0,0,0
3521,L01735,L,300.4,310.6,1980,54.8,125,1,0,0,1,0,0
3522,L01736,L,301.2,308.0,1449,26.9,246,1,1,0,0,0,0
3523,L01737,L,299.5,310.3,1434,40.2,247,0,0,0,0,0,0
3524,L01738,L,299.3,310.4,1574,48.3,15,0,0,0,0,0,0
3525,L01739,L,297.7,307.7,1402,36.6,2,0,0,0,0,0,0
3526,L01740,L,299.3,309.4,1280,57.5,154,0,0,0,0,0,0
3527,H00708,H,293.4,303.5,1341,36.0,237,0,0,0,0,0,0
3528,M01080,M,298.8,308.0,1673,37.0,150,0,0,0,0,0,0
3529,H00709,H,299.8,310.2,1483,29.3,191,0,0,0,0,0,0
3530,L01741,L,301.1,310.9,1842,41.5,160,0,0,0,0,0,0
3531,L01742,L,299.5,310.4,1459,9.8,47,1,0,0,1,0,0
3532,M01081,M,300.7,310.6,1665,37.5,90,0,0,0,0,0,0
3533,L01743,L,295.6,304.7,1629,52.7,215,1,0,0,0,1,0
3534,L01744,L,299.9,308.4,1456,26.0,182,0,0,0,0,0,0
3535,L01745,L,296.6,304.7,1380,23.8,229,1,0,0,1,0,0
3536,L01746,L,297.6,308.9,1228,51.2,154,0,0,0,0,0,0
3537,L01747,L,299.6,309.1,1637,52.5,46,0,0,0,0,0,0
3538,L01748,L,302.6,312.9,1752,26.4,158,0,0,0,0,0,0
3539,M01082,M,300.7,312.5,1253,57.3,206,0,0,0,0,0,0
3540,L01749,L,300.0,309.4,1471,44.3,162,0,0,0,0,0,0
3541,L01750,L,300.0,309.4,1418,50.5,163,0,0,0,0,0,0
3542,H00710,H,298.6,308.5,1636,32.1,151,0,0,0,0,0,0
3543,L01751,L,298.9,308.9,1479,54.9,144,0,0,0,0,0,0
3544,L01752,L,300.9,312.8,1774,37.3,44,0,0,0,0,0,0
3545,H00711,H,297.2,308.8,1469,36.9,97,0,0,0,0,0,0
3546,L01753,L,301.2,311.8,1316,44.8,189,0,0,0,0,0,0
3547,L01754,L,299.2,310.6,1454,36.1,128,0,0,0,0,0,0
3548,L01755,L,301.7,311.5,1473,24.8,19,0,0,0,0,0,0
3549,L01756,L,301.9,312.2,1632,41.3,197,0,0,0,0,0,0
3550,M01083,M,296.7,306.4,1471,36.8,196,0,0,0,0,0,0
3551,H00712,H,298.8,307.5,1616,32.3,191,0,0,0,0,0,0
3552,L01757,L,298.3,309.5,1396,52.4,92,0,0,0,0,0,0
3553,M01084,M,296.4,306.9,1485,63.9,69,1,0,0,1,0,0
3554,M01085,M,297.9,307.9,1397,30.8,177,0,0,0,0,0,0
3555,L01758,L,304.9,314.9,1386,42.0,52,0,0,0,0,0,0
3556,M01086,M,301.2,309.7,1766,36.0,224,1,1,0,0,0,0
3557,L01759,L,303.8,312.8,1409,62.9,108,1,0,0,1,0,0
3558,L01760,L,301.7,312.0,1475,44.9,165,0,0,0,0,0,0
3559,L01761,L,298.5,308.0,1724,49.3,179,0,0,0,0,0,0
3560,L01762,L,299.2,309.0,1672,51.8,92,1,0,0,1,0,0
3561,L01763,L,301.2,311.1,1831,41.3,107,0,0,0,0,0,0
3562,H00713,H,300.9,310.2,1624,38.1,188,0,0,0,0,0,0
3563,L01764,L,298.8,307.8,1430,55.2,73,0,0,0,0,0,0
3564,L01765,L,297.0,305.4,1906,47.8,223,1,0,0,1,0,0
3565,L01766,L,306.6,316.5,1642,31.5,24,0,0,0,0,0,0
3566,M01087,M,299.7,310.3,1510,32.8,219,0,0,0,0,0,0
3567,M01088,M,299.3,307.7,1548,36.1,28,0,0,0,0,0,0
3568,M01089,M,300.2,310.2,1570,51.6,114,0,0,0,0,0,0
3569,M01090,M,299.5,309.8,1495,54.7,34,0,0,0,0,0,0
3570,H00714,H,300.2,309.2,1291,61.5,46,0,0,0,0,0,0
3571,L01767,L,302.6,314.0,1829,32.9,184,0,0,0,0,0,0
3572,M01091,M,299.8,309.4,1534,41.4,159,0,0,0,0,0,0
3573,H00715,H,297.7,307.6,1570,36.0,126,0,0,0,0,0,0
3574,H00716,H,299.7,309.5,1909,38.2,45,0,0,0,0,0,0
3575,H00717,H,299.1,307.3,1415,49.3,35,0,0,0,0,0,0
3576,L01768,L,302.8,313.8,1655,39.5,70,0,0,0,0,0,0
3577,L01769,L,302.3,311.3,1396,53.2,137,0,0,0,0,0,0
3578,L01770,L,300.2,310.0,1595,34.8,45,0,0,0,0,0,0
3579,M01092,M,297.4,308.0,1574,47.4,97,0,0,0,0,0,0
3580,L01771,L,297.5,309.0,1679,35.6,96,0,0,0,0,0,0
3581,L01772,L,300.0,308.9,1754,21.6,25,0,0,0,0,0,0
3582,H00718,H,300.7,310.3,1434,29.8,175,0,0,0,0,0,0
3583,L01773,L,299.3,310.7,1791,41.2,175,0,0,0,0,0,0
3584,H00719,H,299.0,309.5,1804,59.2,12,1,0,0,1,0,0
3585,L01774,L,298.8,309.5,1493,35.4,157,0,0,0,0,0,0
3586,L01775,L,300.0,308.9,1536,38.3,223,0,0,0,0,0,0
3587,L01776,L,295.2,304.8,1449,44.9,224,0,0,0,0,0,0
3588,M01093,M,297.8,307.6,1483,34.0,197,0,0,0,0,0,0
3589,L01777,L,298.7,307.8,1322,35.2,227,0,0,0,0,0,0
3590,L01778,L,302.4,310.7,1677,40.7,193,0,0,0,0,0,0
3591,H00720,H,298.4,307.9,1170,35.6,124,0,0,0,0,0,0
3592,L01779,L,300.4,311.8,1413,22.2,6,1,0,0,1,0,0
3593,M01094,M,300.5,310.6,1529,33.5,55,0,0,0,0,0,0
3594,M01095,M,302.6,314.0,1770,46.1,29,0,0,0,0,0,0
3595,L01780,L,302.5,312.7,1440,46.5,237,1,1,0,0,1,0
3596,M01096,M,299.9,309.1,1614,53.4,54,1,0,0,1,0,0
3597,L01781,L,299.0,310.3,1523,52.6,217,1,0,0,0,1,0
3598,M01097,M,298.7,308.9,1707,31.0,216,0,0,0,0,0,0
3599,L01782,L,299.5,310.5,1605,32.5,160,0,0,0,0,0,0
3600,M01098,M,299.1,308.0,1686,33.0,169,0,0,0,0,0,0
3601,L01783,L,301.1,312.1,1439,38.5,5,0,0,0,0,0,0
3602,M01099,M,300.8,311.9,1356,33.8,7,0,0,0,0,0,0
3603,L01784,L,301.2,311.5,1603,38.3,72,0,0,0,0,0,0
3604,L01785,L,302.5,311.7,1450,31.3,127,0,0,0,0,0,0
3605,L01786,L,303.7,313.7,1543,47.8,74,0,0,0,0,0,0
3606,L01787,L,300.2,310.8,1594,30.5,215,0,0,0,0,0,0
3607,H00721,H,302.2,312.4,1760,30.0,69,0,0,0,0,0,0
3608,L01788,L,299.3,309.9,1678,45.2,39,0,0,0,0,0,0
3609,H00722,H,302.4,313.4,1416,47.2,183,0,0,0,0,0,0
3610,H00723,H,302.1,311.5,1333,37.7,79,0,0,0,0,0,0
3611,M01100,M,302.0,310.8,1843,48.7,16,1,0,0,1,0,0
3612,L01789,L,300.2,310.2,1254,48.0,87,0,0,0,0,0,0
3613,L01790,L,298.7,308.4,1457,59.0,134,1,0,0,1,0,0
3614,M01101,M,297.2,308.0,1653,47.3,39,0,0,0,0,0,0
3615,L01791,L,299.9,308.8,1831,57.1,103,1,0,0,1,0,0
3616,L01792,L,303.1,314.1,1504,40.6,57,0,0,0,0,0,0
3617,M01102,M,299.4,310.8,1542,54.0,189,0,0,0,0,0,0
3618,H00724,H,301.6,311.6,1381,54.2,90,0,0,0,0,0,0
3619,M01103,M,301.7,311.8,1560,38.6,201,0,0,0,0,0,0
3620,L01793,L,299.4,308.6,1332,33.1,53,0,0,0,0,0,0
3621,M01104,M,302.6,312.1,1403,34.9,8,0,0,0,0,0,0
3622,L01794,L,294.2,303.8,1674,44.2,50,0,0,0,0,0,0
3623,L01795,L,297.6,309.0,1460,28.5,137,0,0,0,0,0,0
3624,H00725,H,298.2,308.1,1702,35.5,48,0,0,0,0,0,0
3625,L01796,L,298.4,307.1,1510,52.0,157,0,0,0,0,0,0
3626,L01797,L,300.7,311.0,1292,46.7,8,0,0,0,0,0,0
3627,L01798,L,300.6,311.4,1747,16.5,173,1,0,0,1,0,0
3628,H00726,H,300.8,310.8,1302,26.7,121,0,0,0,0,0,0
3629,M01105,M,301.2,312.7,1430,61.6,125,1,0,0,1,0,0
3630,M01106,M,298.1,308.9,1502,51.8,25,0,0,0,0,0,0
3631,M01107,M,297.6,306.6,1718,34.2,191,0,0,0,0,0,0
3632,L01799,L,300.8,310.2,1443,25.1,161,0,0,0,0,0,0
3633,L01800,L,298.7,308.9,1372,27.5,226,0,0,0,0,0,0
3634,L01801,L,296.9,305.2,1567,45.1,127,0,0,0,0,0,0
3635,L01802,L,301.9,312.2,1499,59.8,26,1,0,0,1,0,0
3636,L01803,L,302.8,311.0,1454,59.1,83,0,0,0,0,0,0
3637,H00727,H,303.1,314.1,1576,24.2,215,0,0,0,0,0,0
3638,L01804,L,300.4,311.3,1322,37.0,154,0,0,0,0,0,0
3639,L01805,L,301.3,311.8,1229,31.4,168,0,0,0,0,0,0
3640,L01806,L,302.7,312.0,1920,41.4,82,0,0,0,0,0,0
3641,L01807,L,298.7,308.9,1556,26.7,17,0,0,0,0,0,0
3642,H00728,H,302.2,311.7,1569,34.5,49,0,0,0,0,0,0
3643,L01808,L,300.6,309.6,1398,31.3,42,0,0,0,0,0,0
3644,L01809,L,301.8,311.5,1698,45.2,40,0,0,0,0,0,0
3645,M01108,M,300.4,311.1,1442,34.9,203,0,0,0,0,0,0
3646,L01810,L,302.6,312.6,1168,36.3,103,0,0,0,0,0,0
3647,L01811,L,300.4,311.9,1436,45.1,17,0,0,0,0,0,0
3648,L01812,L,297.0,307.8,1487,56.4,188,0,0,0,0,0,0
3649,M01109,M,302.9,313.6,1507,61.2,199,1,0,0,1,1,0
3650,H00729,H,298.1,306.5,1502,44.6,99,0,0,0,0,0,0
3651,M01110,M,302.5,312.2,1422,39.1,229,0,0,0,0,0,0
3652,L01813,L,299.8,308.7,1405,53.2,52,0,0,0,0,0,0
3653,H00730,H,302.4,312.2,1484,51.7,79,0,0,0,0,0,0
3654,L01814,L,302.3,311.6,1243,48.8,52,0,0,0,0,0,0
3655,L01815,L,300.9,310.5,1187,24.2,12,1,0,0,1,0,0
3656,L01816,L,301.0,312.1,1555,52.1,25,0,0,0,0,0,0
3657,L01817,L,300.8,311.3,1558,43.6,111,0,0,0,0,0,0
3658,M01111,M,296.0,307.0,1695,31.1,89,0,0,0,0,0,0
3659,M01112,M,300.2,308.6,1492,33.3,246,1,1,0,0,0,0
3660,H00731,H,297.8,307.9,1324,45.8,55,0,0,0,0,0,0
3661,M01113,M,300.3,311.3,1190,14.9,84,1,0,0,1,0,0
3662,M01114,M,297.7,309.2,1378,38.7,188,0,0,0,0,0,0
3663,L01818,L,297.6,306.1,1613,33.4,243,1,1,0,0,0,0
3664,L01819,L,303.2,312.8,1796,32.4,177,0,0,0,0,0,0
3665,M01115,M,302.1,313.1,1547,35.4,148,0,0,0,0,0,0
3666,L01820,L,300.0,309.8,1320,25.2,7,1,0,0,1,0,0
3667,H00732,H,300.4,309.5,1380,50.5,224,0,0,0,0,0,0
3668,L01821,L,299.5,308.0,1386,18.7,197,1,0,0,1,0,0
3669,L01822,L,301.1,310.2,1465,41.7,191,0,0,0,0,0,0
3670,L01823,L,298.6,306.9,1738,31.5,177,0,0,0,0,0,0
3671,L01824,L,302.0,312.1,1752,59.8,129,1,0,0,1,0,0
3672,L01825,L,299.5,310.4,1507,40.2,71,0,0,0,0,0,0
3673,M01116,M,299.2,307.9,1570,18.8,69,1,0,0,1,0,0
3674,L01826,L,300.0,310.3,1395,45.5,5,0,0,0,0,0,0
3675,M01117,M,298.8,309.6,1231,29.1,21,0,0,0,0,0,0
3676,L01827,L,300.7,310.7,1858,49.8,216,1,0,0,1,0,0
3677,L01828,L,298.9,307.3,1168,46.2,173,1,0,1,0,0,0
3678,L01829,L,300.9,311.3,1209,54.7,94,0,0,0,0,0,0
3679,H00733,H,302.4,312.3,1859,41.9,188,0,0,0,0,0,0
3680,L01830,L,298.6,308.4,1540,48.2,162,0,0,0,0,0,0
3681,M01118,M,299.7,309.2,1336,40.4,241,1,1,0,0,0,0
3682,L01831,L,300.9,311.0,1660,34.1,61,0,0,0,0,0,0
3683,M01119,M,299.1,309.6,1676,50.7,68,0,0,0,0,0,0
3684,L01832,L,300.9,313.3,1299,27.7,85,0,0,0,0,0,0
3685,M01120,M,301.1,311.2,1442,39.6,56,0,0,0,0,0,0
3686,M01121,M,302.2,313.7,1694,34.3,111,0,0,0,0,0,0
3687,H00734,H,298.8,309.2,1391,48.4,152,0,0,0,0,0,0
3688,L01833,L,298.1,308.0,1588,30.5,209,0,0,0,0,0,0
3689,L01834,L,299.4,309.5,1793,35.9,72,0,0,0,0,0,0
3690,L01835,L,298.1,306.9,1168,40.4,152,0,0,0,0,0,0
3691,H00735,H,301.1,311.4,1476,54.9,92,0,0,0,0,0,0
3692,M01122,M,297.7,305.7,1584,34.7,117,0,0,0,0,0,0
3693,M01123,M,304.7,313.8,1217,36.0,160,0,0,0,0,0,0
3694,L01836,L,302.6,312.7,1443,26.5,106,0,0,0,0,0,0
3695,L01837,L,300.0,311.2,1724,30.2,7,0,0,0,0,0,0
3696,L01838,L,301.7,313.1,1411,44.1,103,0,0,0,0,0,0
3697,H00736,H,296.7,306.5,1272,40.3,119,0,0,0,0,0,0
3698,M01124,M,305.0,315.2,1740,40.5,140,0,0,0,0,0,0
3699,H00737,H,298.8,309.8,1617,57.4,60,1,0,0,1,0,0
3700,L01839,L,299.8,308.5,1525,23.3,135,0,0,0,0,0,0
3701,M01125,M,296.3,306.7,1520,63.2,239,1,0,0,1,1,0
3702,M01126,M,301.0,310.2,1722,51.8,249,1,1,0,1,1,0
3703,L01840,L,297.8,307.6,1590,36.7,116,0,0,0,0,0,0
3704,H00738,H,300.2,309.7,1653,43.9,113,0,0,0,0,0,0
3705,H00739,H,298.9,309.3,1414,33.2,104,0,0,0,0,0,0
3706,H00740,H,297.8,308.4,1194,43.2,235,1,1,0,0,0,0
3707,M01127,M,298.4,309.3,1649,61.5,26,1,0,0,1,0,0
3708,L01841,L,300.5,310.8,1735,33.5,53,0,0,0,0,0,0
3709,L01842,L,297.4,307.6,1497,37.7,130,0,0,0,0,0,0
3710,H00741,H,298.5,310.4,1696,32.4,32,0,0,0,0,0,0
3711,L01843,L,301.3,309.8,1477,34.0,222,0,0,0,0,0,0
3712,M01128,M,305.2,316.9,1521,36.0,155,0,0,0,0,0,0
3713,M01129,M,301.0,310.7,1851,29.1,212,0,0,0,0,0,0
3714,M01130,M,298.2,308.8,1485,37.4,179,0,0,0,0,0,0
3715,H00742,H,299.3,309.0,1475,40.5,28,0,0,0,0,0,0
3716,L01844,L,300.1,309.4,1203,36.0,92,0,0,0,0,0,0
3717,L01845,L,299.3,309.8,1661,17.0,188,1,0,0,1,0,0
3718,L01846,L,301.8,312.8,1410,38.5,243,0,0,0,0,0,0
3719,L01847,L,300.4,310.9,1564,39.5,72,0,0,0,0,0,0
3720,L01848,L,301.8,311.3,1481,59.0,60,1,0,0,1,0,0
3721,L01849,L,299.4,313.0,1458,40.3,149,0,0,0,0,0,0
3722,H00743,H,302.7,313.9,1516,49.4,199,0,0,0,0,0,0
3723,H00744,H,299.7,310.6,1530,35.7,56,0,0,0,0,0,0
3724,L01850,L,298.1,307.7,1748,53.0,44,1,0,0,1,0,0
3725,L01851,L,304.4,313.8,1810,30.6,80,0,0,0,0,0,0
3726,H00745,H,296.4,306.1,1654,45.0,214,0,0,0,0,0,0
3727,L01852,L,298.5,309.6,1765,48.4,230,1,0,0,0,1,0
3728,L01853,L,298.7,307.7,1690,46.9,29,0,0,0,0,0,0
3729,L01854,L,305.0,313.9,1626,61.6,206,1,0,0,1,1,0
3730,M01131,M,303.6,314.1,1798,34.2,141,0,0,0,0,0,0
3731,L01855,L,303.0,313.3,1303,54.1,216,1,0,0,0,1,0
3732,H00746,H,299.3,308.5,1415,51.6,79,0,0,0,0,0,0
3733,L01856,L,304.9,313.8,1391,40.5,240,0,0,0,0,0,0
3734,M01132,M,300.7,312.1,1484,58.4,175,1,0,0,1,0,0
3735,L01857,L,302.0,312.4,1660,38.5,145,0,0,0,0,0,0
3736,L01858,L,300.4,309.0,1338,40.2,159,0,0,0,0,0,0
3737,M01133,M,299.9,308.6,1628,39.9,109,0,0,0,0,0,0
3738,M01134,M,299.5,309.1,1432,27.3,165,0,0,0,0,0,0
3739,M01135,M,299.6,310.3,1475,47.6,115,0,0,0,0,0,0
3740,M01136,M,301.2,311.8,1573,46.1,52,0,0,0,0,0,0
3741,H00747,H,300.7,311.8,1838,39.0,142,0,0,0,0,0,0
3742,H00748,H,299.9,308.4,1410,57.6,164,0,0,0,0,0,0
3743,M01137,M,303.0,313.2,1523,35.6,121,0,0,0,0,0,0
3744,L01859,L,294.1,305.5,1344,22.7,48,1,0,0,1,0,0
3745,L01860,L,301.0,312.3,1408,59.0,32,0,0,0,0,0,0
3746,L01861,L,301.4,311.8,1343,50.1,12,0,0,0,0,0,0
3747,M01138,M,302.3,314.6,1581,46.3,198,0,0,0,0,0,0
3748,L01862,L,299.9,310.5,1614,36.6,191,0,0,0,0,0,0
3749,L01863,L,300.4,311.4,1660,43.4,146,0,0,0,0,0,0
3750,H00749,H,302.0,312.0,1403,27.4,84,0,0,0,0,0,0
3751,H00750,H,303.0,312.2,1628,37.7,55,0,0,0,0,0,0
3752,H00751,H,299.4,308.5,1558,31.0,36,0,0,0,0,0,0
3753,L01864,L,300.5,310.7,1527,42.6,57,0,0,0,0,0,0
3754,M01139,M,303.4,313.2,1315,49.2,8,0,0,0,0,0,0
3755,L01865,L,295.8,304.0,1565,29.5,131,0,0,0,0,0,0
3756,L01866,L,298.6,307.6,1571,47.2,222,0,0,0,0,0,0
3757,L01867,L,302.9,312.6,1556,42.0,70,0,0,0,0,0,0
3758,L01868,L,302.2,312.9,1609,46.8,140,0,0,0,0,0,0
3759,L01869,L,301.0,311.0,1662,37.6,190,0,0,0,0,0,0
3760,H00752,H,299.1,309.0,1341,47.0,103,0,0,0,0,0,0
3761,L01870,L,298.2,307.2,1499,33.0,246,0,0,0,0,0,0
3762,M01140,M,298.8,308.8,1630,23.2,62,0,0,0,0,0,0
3763,M01141,M,303.1,314.4,1489,25.5,60,0,0,0,0,0,0
3764,L01871,L,298.7,308.9,1709,35.0,163,0,0,0,0,0,0
3765,L01872,L,300.2,308.7,1554,23.9,7,0,0,0,0,0,0
3766,L01873,L,298.5,307.2,1188,55.5,89,0,0,0,0,0,0
3767,M01142,M,301.7,312.3,1688,39.2,26,0,0,0,0,0,0
3768,L01874,L,298.9,308.7,1517,49.2,239,1,1,0,0,1,0
3769,L01875,L,299.8,309.7,1221,47.9,153,0,0,0,0,0,0
3770,L01876,L,296.6,306.0,1492,40.1,44,0,0,0,0,0,0
3771,M01143,M,296.8,307.3,1310,75.4,169,1,0,0,1,1,0
3772,H00753,H,300.0,309.7,1672,69.3,13,1,0,0,1,0,0
3773,L01877,L,297.3,307.1,1531,53.9,211,1,0,0,0,1,0
3774,M01144,M,304.2,313.3,1372,30.9,105,0,0,0,0,0,0
3775,M01145,M,295.9,306.8,1683,54.3,236,1,0,0,1,1,0
3776,H00754,H,298.4,308.2,1620,22.5,219,0,0,0,0,0,0
3777,H00755,H,300.0,310.6,1495,54.0,71,0,0,0,0,0,0
3778,M01146,M,299.3,308.1,1315,14.4,119,1,0,0,1,0,0
3779,M01147,M,297.8,309.5,1387,36.8,51,0,0,0,0,0,0
3780,H00756,H,298.1,309.4,1384,52.1,196,0,0,0,0,0,0
3781,L01878,L,298.0,306.1,1671,43.9,180,0,0,0,0,0,0
3782,L01879,L,299.4,308.6,1237,25.2,244,1,1,0,1,0,0
3783,L01880,L,303.9,314.4,1529,41.7,50,0,0,0,0,0,0
3784,H00757,H,300.2,308.9,1493,43.9,204,0,0,0,0,0,0
3785,H00758,H,302.4,312.3,1723,42.0,129,0,0,0,0,0,0
3786,L01881,L,301.0,311.4,1579,35.9,47,0,0,0,0,0,0
3787,M01148,M,302.2,312.0,1633,48.6,205,0,0,0,0,0,0
3788,L01882,L,294.4,304.9,1443,51.4,176,0,0,0,0,0,0
3789,L01883,L,299.4,308.7,1317,38.5,186,0,0,0,0,0,0
3790,H00759,H,302.6,310.4,1479,55.2,66,0,0,0,0,0,0
3791,L01884,L,298.9,309.9,1677,38.4,79,0,0,0,0,0,0
3792,L01885,L,303.5,314.5,1676,35.1,136,0,0,0,0,0,0
3793,M01149,M,303.0,315.5,1460,53.6,102,0,0,0,0,0,0
3794,M01150,M,299.1,306.9,1383,53.2,1,0,0,0,0,0,0
3795,L01886,L,299.0,309.8,1348,33.8,74,0,0,0,0,0,0
3796,M01151,M,298.0,306.0,1513,32.3,215,0,0,0,0,0,0
3797,M01152,M,298.7,310.5,1562,57.6,170,1,0,0,1,0,0
3798,L01887,L,297.5,308.0,1801,39.0,220,0,0,0,0,0,0
3799,L01888,L,300.9,309.9,1560,40.0,13,0,0,0,0,0,0
3800,M01153,M,297.1,307.9,1647,37.5,239,1,1,0,0,0,0
3801,L01889,L,301.2,310.6,1398,53.2,167,0,0,0,0,0,0
3802,H00760,H,301.3,311.6,1545,61.4,182,1,0,0,1,0,0
3803,H00761,H,296.7,306.9,1563,40.7,58,0,0,0,0,0,0
3804,H00762,H,303.1,314.8,1512,64.2,213,1,0,0,1,1,0
3805,L01890,L,301.0,312.8,1534,34.5,46,0,0,0,0,0,0
3806,H00763,H,301.5,310.9,1560,37.2,111,0,0,0,0,0,0
3807,L01891,L,298.5,309.6,1624,46.7,161,0,0,0,0,0,0
3808,L01892,L,301.2,311.6,1747,31.8,126,0,0,0,0,0,0
3809,L01893,L,302.3,310.9,1168,46.6,127,1,0,1,0,0,0
3810,L01894,L,299.8,309.1,1737,34.8,163,0,0,0,0,0,0
3811,M01154,M,304.0,316.3,1231,24.6,32,1,0,0,1,0,0
3812,L01895,L,300.1,310.5,1593,22.6,102,0,0,0,0,0,0
3813,L01896,L,302.3,313.3,1959,36.8,190,0,0,0,0,0,0
3814,M01155,M,300.6,310.4,1530,44.2,234,0,0,0,0,0,0
3815,L01897,L,301.2,310.7,1570,26.4,17,0,0,0,0,0,0
3816,M01156,M,296.7,306.7,1482,41.8,149,0,0,0,0,0,0
3817,L01898,L,300.7,310.4,1657,41.8,216,0,0,0,0,0,0
3818,H00764,H,298.5,307.0,1602,38.3,100,0,0,0,0,0,0
3819,H00765,H,298.3,307.3,1416,30.7,4,0,0,0,0,0,0
3820,L01899,L,303.5,314.2,1517,42.4,31,0,0,0,0,0,0
3821,L01900,L,299.6,309.2,1337,38.6,115,0,0,0,0,0,0
3822,L01901,L,298.0,308.0,1516,49.8,176,0,0,0,0,0,0
3823,H00766,H,299.3,309.5,1462,27.1,163,0,0,0,0,0,0
3824,L01902,L,297.4,307.7,1562,41.1,72,0,0,0,0,0,0
3825,L01903,L,302.9,314.0,1410,27.3,13,0,0,0,0,0,0
3826,L01904,L,298.6,307.5,1499,37.6,63,0,0,0,0,0,0
3827,L01905,L,301.1,311.7,1539,29.0,31,0,0,0,0,0,0
3828,L01906,L,302.7,313.5,1552,30.8,136,0,0,0,0,0,0
3829,H00767,H,299.0,310.0,1587,40.0,214,0,0,0,0,0,0
3830,L01907,L,301.1,309.7,1506,34.3,108,0,0,0,0,0,0
3831,L01908,L,297.9,308.2,1397,54.7,47,0,0,0,0,0,0
3832,H00768,H,304.9,316.6,1552,51.8,51,0,0,0,0,0,0
3833,H00769,H,301.9,311.8,1505,48.0,108,0,0,0,0,0,0
3834,L01909,L,299.6,310.1,1721,47.8,136,0,0,0,0,0,0
3835,L01910,L,298.5,309.3,1743,41.3,212,0,0,0,0,0,0
3836,L01911,L,299.8,308.8,1292,53.0,107,0,0,0,0,0,0
3837,H00770,H,299.3,311.1,1648,37.1,31,0,0,0,0,0,0
3838,L01912,L,303.9,314.4,1684,61.2,107,1,0,0,1,0,0
3839,H00771,H,297.5,308.0,1297,30.6,137,0,0,0,0,0,0
3840,M01157,M,300.3,308.6,1641,28.7,92,0,0,0,0,0,0
3841,M01158,M,300.0,310.8,1698,26.1,225,0,0,0,0,0,0
3842,L01913,L,299.8,310.3,1368,27.8,248,1,1,0,0,0,0
3843,L01914,L,299.8,311.4,1495,23.7,213,0,0,0,0,0,0
3844,L01915,L,299.8,309.5,1571,42.1,68,0,0,0,0,0,0
3845,L01916,L,301.7,310.7,1640,48.5,10,0,0,0,0,0,0
3846,M01159,M,301.2,310.5,1361,40.3,185,0,0,0,0,0,0
3847,H00772,H,300.8,310.3,1745,26.1,27,0,0,0,0,0,0
3848,M01160,M,293.9,302.8,1174,35.3,87,0,0,0,0,0,0
3849,M01161,M,300.6,311.9,1774,48.4,161,0,0,0,0,0,0
3850,L01917,L,296.7,308.0,1636,36.6,180,0,0,0,0,0,0
3851,L01918,L,301.3,311.1,1426,32.0,105,0,0,0,0,0,0
3852,L01919,L,302.9,312.5,1692,24.9,39,0,0,0,0,0,0
3853,M01162,M,298.1,306.3,1350,35.8,191,1,0,1,0,0,0
3854,H00773,H,299.5,310.2,1558,33.0,115,0,0,0,0,0,0
3855,M01163,M,298.8,310.5,1580,39.1,137,0,0,0,0,0,0
3856,L01920,L,302.5,311.9,1580,44.8,25,0,0,0,0,0,0
3857,L01921,L,300.2,310.1,1387,37.2,42,0,0,0,0,0,0
3858,M01164,M,303.5,313.9,1449,41.8,232,0,0,0,0,0,0
3859,L01922,L,300.8,312.5,1560,44.7,198,0,0,0,0,0,0
3860,H00774,H,300.5,310.7,1407,27.7,171,0,0,0,0,0,0
3861,H00775,H,300.1,310.3,1586,58.9,70,1,0,0,1,0,0
3862,M01165,M,301.6,311.8,1428,32.6,111,0,0,0,0,0,0
3863,L01923,L,296.5,305.1,1717,45.2,184,0,0,0,0,0,0
3864,L01924,L,300.2,308.8,1817,28.6,114,0,0,0,0,0,0
3865,L01925,L,299.9,309.1,1484,41.1,175,0,0,0,0,0,0
3866,L01926,L,301.5,312.5,1702,41.5,78,0,0,0,0,0,0
3867,L01927,L,299.6,309.3,1499,56.6,61,0,0,0,0,0,0
3868,M01166,M,297.9,307.4,1370,37.7,109,0,0,0,0,0,0
3869,M01167,M,300.0,309.5,1461,53.0,236,1,0,0,0,1,0
3870,L01928,L,297.8,307.7,1553,42.9,188,0,0,0,0,0,0
3871,L01929,L,296.1,307.8,1218,58.5,194,1,0,0,0,1,0
3872,L01930,L,301.5,311.3,1649,22.2,44,0,0,0,0,0,0
3873,L01931,L,301.2,310.4,1553,44.8,188,0,0,0,0,0,0
3874,H00776,H,300.9,310.9,1717,13.3,217,1,0,0,1,0,0
3875,L01932,L,302.6,314.4,1646,39.4,198,0,0,0,0,0,0
3876,L01933,L,298.7,308.2,1559,50.2,129,0,0,0,0,0,0
3877,L01934,L,297.1,305.9,1474,54.5,201,0,0,0,0,0,0
3878,H00777,H,299.9,309.4,1810,47.4,93,0,0,0,0,0,0
3879,M01168,M,299.3,309.4,1926,37.1,46,0,0,0,0,0,0
3880,L01935,L,298.3,309.0,1477,45.5,66,0,0,0,0,0,0
3881,M01169,M,299.8,310.8,1724,65.2,229,1,1,0,1,1,0
3882,M01170,M,298.8,307.8,1411,40.8,28,0,0,0,0,0,0
3883,H00778,H,296.3,305.3,1432,49.6,190,0,0,0,0,0,0
3884,L01936,L,299.1,308.8,1468,35.7,24,0,0,0,0,0,0
3885,H00779,H,297.7,308.4,1660,50.7,109,0,0,0,0,0,0
3886,H00780,H,300.5,309.2,1345,49.1,3,0,0,0,0,0,0
3887,H00781,H,298.7,308.1,1815,33.9,174,0,0,0,0,0,0
3888,M01171,M,302.2,311.6,1705,47.8,68,0,0,0,0,0,0
3889,M01172,M,303.2,314.1,1656,48.2,62,0,0,0,0,0,0
3890,L01937,L,301.4,311.9,1485,47.4,5,0,0,0,0,0,0
3891,M01173,M,296.9,307.8,1686,39.6,82,0,0,0,0,0,0
3892,M01174,M,303.0,314.3,1168,52.3,17,0,0,0,0,0,0
3893,M01175,M,303.2,312.9,1616,30.7,115,0,0,0,0,0,0
3894,L01938,L,300.0,308.8,1566,40.1,101,0,0,0,0,0,0
3895,M01176,M,302.6,311.4,1200,41.1,35,0,0,0,0,0,0
3896,H00782,H,298.9,307.1,1610,51.7,75,0,0,0,0,0,0
3897,L01939,L,296.3,305.8,1643,30.3,87,0,0,0,0,0,0
3898,H00783,H,298.5,308.1,1206,42.4,184,0,0,0,0,0,0
3899,M01177,M,303.5,314.3,1325,35.1,157,0,0,0,0,0,0
3900,H00784,H,297.0,307.0,1907,41.1,247,0,0,0,0,0,0
3901,L01940,L,300.0,309.5,1504,43.9,141,0,0,0,0,0,0
3902,L01941,L,300.1,310.0,1712,27.2,38,0,0,0,0,0,0
3903,H00785,H,299.0,308.0,1739,52.6,129,1,0,0,1,0,0
3904,L01942,L,299.1,310.1,1608,44.3,121,0,0,0,0,0,0
3905,H00786,H,300.1,309.3,1720,31.4,33,0,0,0,0,0,0
3906,L01943,L,298.9,307.8,1168,36.6,57,0,0,0,0,0,0
3907,M01178,M,297.2,308.0,1496,54.9,116,0,0,0,0,0,0
3908,L01944,L,300.4,311.0,1168,44.2,211,0,0,0,0,0,0
3909,M01179,M,302.1,310.4,1225,30.4,99,1,0,1,0,0,0
3910,L01945,L,301.7,312.6,1440,32.2,115,0,0,0,0,0,0
3911,L01946,L,298.4,307.7,1418,46.2,214,0,0,0,0,0,0
3912,L01947,L,297.5,307.1,1545,47.4,162,0,0,0,0,0,0
3913,L01948,L,299.4,309.6,1534,43.6,33,0,0,0,0,0,0
3914,H00787,H,303.1,313.7,1561,37.1,212,0,0,0,0,0,0
3915,H00788,H,301.3,311.7,1569,48.1,124,0,0,0,0,0,0
3916,L01949,L,301.4,311.4,1597,36.9,101,0,0,0,0,0,0
3917,M01180,M,301.8,311.4,1366,31.5,237,0,0,0,0,0,0
3918,L01950,L,300.8,311.2,1408,55.9,135,0,0,0,0,0,0
3919,M01181,M,300.2,310.1,1531,44.9,42,0,0,0,0,0,0
3920,H00789,H,301.3,313.1,1534,32.2,62,0,0,0,0,0,0
3921,H00790,H,298.9,309.5,1344,41.3,114,0,0,0,0,0,0
3922,L01951,L,297.2,306.3,1731,40.3,189,0,0,0,0,0,0
3923,M01182,M,301.4,310.9,1667,36.5,93,0,0,0,0,0,0
3924,L01952,L,302.5,312.5,1384,42.3,110,0,0,0,0,0,0
3925,H00791,H,297.8,309.1,1500,30.7,19,0,0,0,0,0,0
3926,L01953,L,301.6,313.0,1897,48.7,179,1,0,0,1,0,0
3927,M01183,M,303.4,313.0,1566,39.9,83,0,0,0,0,0,0
3928,M01184,M,300.0,309.1,1608,23.9,214,0,0,0,0,0,0
3929,M01185,M,298.4,307.3,1429,37.7,83,0,0,0,0,0,0
3930,L01954,L,300.2,310.5,1481,33.8,45,0,0,0,0,0,0
3931,H00792,H,298.9,311.2,1808,10.1,86,1,0,0,1,0,0
3932,L01955,L,298.8,309.3,1558,38.4,131,0,0,0,0,0,0
3933,M01186,M,300.9,309.3,1525,50.4,61,0,0,0,0,0,0
3934,L01956,L,296.8,306.1,1539,38.9,126,0,0,0,0,0,0
3935,L01957,L,297.1,306.5,1993,47.1,137,1,0,0,1,0,0
3936,M01187,M,300.0,309.2,1545,40.1,167,0,0,0,0,0,0
3937,L01958,L,300.0,309.6,1389,35.4,132,0,0,0,0,0,0
3938,L01959,L,300.7,311.1,1420,32.7,95,0,0,0,0,0,0
3939,L01960,L,303.8,314.5,1677,27.2,145,0,0,0,0,0,0
3940,L01961,L,300.2,311.3,1282,49.3,60,0,0,0,0,0,0
3941,M01188,M,301.2,311.7,1618,47.3,184,0,0,0,0,0,0
3942,H00793,H,298.0,306.0,1408,37.2,62,0,0,0,0,0,0
3943,L01962,L,301.5,310.4,1205,19.8,88,1,0,0,1,0,0
3944,L01963,L,298.9,308.7,1362,44.7,208,0,0,0,0,0,0
3945,L01964,L,300.1,310.2,1542,31.0,4,0,0,0,0,0,0
3946,L01965,L,299.8,310.7,1787,41.4,98,0,0,0,0,0,0
3947,M01189,M,302.1,312.1,1701,24.6,233,0,0,0,0,0,0
3948,M01190,M,297.4,307.5,1485,40.9,20,0,0,0,0,0,0
3949,L01966,L,295.4,305.6,1712,38.7,99,0,0,0,0,0,0
3950,L01967,L,299.6,309.3,1474,15.9,18,1,0,0,1,0,0
3951,L01968,L,300.9,311.0,1275,56.2,150,0,0,0,0,0,0
3952,H00794,H,300.3,311.4,1541,36.7,68,0,0,0,0,0,0
3953,H00795,H,302.5,312.4,1268,37.4,160,0,0,0,0,0,0
3954,L01969,L,300.9,310.9,1679,45.3,131,0,0,0,0,0,0
3955,L01970,L,298.9,308.9,1682,39.5,224,1,1,0,0,0,0
3956,H00796,H,295.3,306.6,1380,43.6,238,0,0,0,0,0,0
3957,H00797,H,299.5,308.4,1564,28.6,34,0,0,0,0,0,0
3958,L01971,L,302.1,313.9,1562,38.6,58,0,0,0,0,0,0
3959,L01972,L,299.2,308.0,1694,20.9,41,0,0,0,0,0,0
3960,L01973,L,300.1,309.4,1315,37.6,126,0,0,0,0,0,0
3961,M01191,M,300.8,311.5,1645,54.5,217,1,1,0,1,0,0
3962,L01974,L,298.0,309.0,1302,24.9,100,1,0,0,1,0,0
3963,L01975,L,301.2,309.8,1677,36.5,85,0,0,0,0,0,0
3964,M01192,M,303.3,312.2,1728,18.8,202,1,0,0,1,0,0
3965,L01976,L,299.7,310.0,1418,40.1,48,0,0,0,0,0,0
3966,M01193,M,297.7,310.0,1756,44.7,217,0,0,0,0,0,0
3967,L01977,L,299.9,311.1,1256,43.8,40,0,0,0,0,0,0
3968,L01978,L,295.6,305.4,1734,34.0,76,0,0,0,0,0,0
3969,M01194,M,300.7,308.3,1795,18.6,205,1,0,0,1,0,0
3970,L01979,L,300.9,311.0,1599,27.6,104,0,0,0,0,0,0
3971,H00798,H,303.4,313.8,1503,52.6,48,0,0,0,0,0,0
3972,M01195,M,299.6,309.2,1593,48.8,70,0,0,0,0,0,0
3973,L01980,L,300.8,309.9,1429,39.1,207,0,0,0,0,0,0
3974,M01196,M,298.3,308.5,2007,41.6,83,0,0,0,0,0,0
3975,L01981,L,299.3,308.4,1433,29.7,236,0,0,0,0,0,0
3976,H00799,H,296.9,308.8,1773,52.9,173,1,0,0,1,0,0
3977,L01982,L,299.6,311.1,1405,32.8,63,0,0,0,0,0,0
3978,M01197,M,299.4,310.1,1823,44.4,177,0,0,0,0,0,0
3979,L01983,L,300.6,310.7,1898,26.7,170,0,0,0,0,0,0
3980,L01984,L,298.8,308.1,1607,38.2,154,0,0,0,0,0,0
3981,H00800,H,300.2,310.2,1589,52.5,33,0,0,0,0,0,0
3982,H00801,H,299.3,310.9,1366,30.5,213,0,0,0,0,0,0
3983,L01985,L,299.3,310.2,1345,47.5,190,0,0,0,0,0,0
3984,L01986,L,300.2,310.4,1591,29.2,101,0,0,0,0,0,0
3985,H00802,H,300.1,311.0,1799,31.0,100,0,0,0,0,0,0
3986,H00803,H,301.5,312.0,1439,39.9,194,0,0,0,0,0,0
3987,L01987,L,299.8,310.2,1933,49.7,154,1,0,0,1,0,0
3988,L01988,L,299.3,310.3,1428,37.0,6,0,0,0,0,0,0
3989,L01989,L,299.6,310.1,1579,46.2,226,1,1,0,0,0,0
3990,H00804,H,298.6,309.5,1579,51.4,236,0,0,0,0,0,0
3991,L01990,L,299.3,309.5,1519,32.3,122,0,0,0,0,0,0
3992,L01991,L,304.1,313.8,1172,24.7,22,1,0,0,1,0,0
3993,M01198,M,298.2,307.7,1427,36.4,193,0,0,0,0,0,0
3994,L01992,L,299.4,308.7,1573,52.7,126,0,0,0,0,0,0
3995,L01993,L,299.2,307.6,1520,31.9,215,0,0,0,0,0,0
3996,L01994,L,299.5,308.6,1651,50.1,129,0,0,0,0,0,0
3997,L01995,L,299.3,308.4,1673,37.4,241,0,0,0,0,0,0
3998,L01996,L,300.6,310.1,1495,57.6,163,1,0,0,1,0,0
3999,M01199,M,296.6,308.2,1365,62.5,57,0,0,0,0,0,0
4000,L01997,L,302.1,311.9,1815,50.3,208,1,0,0,1,0,0
4001,M01200,M,301.3,311.5,1295,23.5,10,1,0,0,1,0,0
4002,H00805,H,297.5,307.8,1431,16.0,6,1,0,0,1,0,0
4003,M01201,M,295.5,307.1,1385,40.6,65,0,0,0,0,0,0
4004,L01998,L,298.0,307.4,1671,49.1,206,0,0,0,0,0,0
4005,L01999,L,299.5,309.3,1773,45.0,109,0,0,0,0,0,0
4006,L02000,L,305.2,315.1,1506,32.8,30,0,0,0,0,0,0
4007,L02001,L,301.1,312.2,1579,25.1,45,0,0,0,0,0,0
4008,L02002,L,296.4,307.7,1614,49.3,69,0,0,0,0,0,0
4009,M01202,M,298.6,309.1,1860,58.6,228,1,0,0,1,1,0
4010,L02003,L,299.9,311.1,1220,33.3,237,0,0,0,0,0,0
4011,L02004,L,300.5,310.7,1671,48.3,52,0,0,0,0,0,0
4012,L02005,L,297.4,307.2,1605,66.0,92,1,0,0,1,0,0
4013,M01203,M,299.7,310.9,1471,38.1,67,0,0,0,0,0,0
4014,L02006,L,298.6,309.1,1596,38.3,45,0,0,0,0,0,0
4015,M01204,M,297.8,307.1,1670,45.6,36,0,0,0,0,0,0
4016,L02007,L,300.5,311.5,1642,37.2,75,0,0,0,0,0,0
4017,H00806,H,301.5,311.3,1924,53.4,154,1,0,0,1,0,0
4018,H00807,H,301.7,311.4,1560,36.0,24,0,0,0,0,0,0
4019,L02008,L,301.1,312.0,1542,39.7,236,0,0,0,0,0,0
4020,L02009,L,299.0,308.9,1505,25.6,11,0,0,0,0,0,0
4021,L02010,L,301.4,311.8,1636,37.6,187,0,0,0,0,0,0
4022,L02011,L,300.6,311.3,1532,29.9,16,0,0,0,0,0,0
4023,M01205,M,300.3,309.5,1540,43.5,177,0,0,0,0,0,0
4024,H00808,H,298.8,309.2,1541,23.4,203,0,0,0,0,0,0
4025,M01206,M,299.0,310.3,1513,49.8,127,0,0,0,0,0,0
4026,H00809,H,300.1,309.1,1429,31.3,94,0,0,0,0,0,0
4027,L02012,L,304.9,315.3,1612,57.8,118,1,0,0,1,0,0
4028,L02013,L,300.6,309.8,1486,53.7,8,0,0,0,0,0,0
4029,M01207,M,298.8,309.8,1647,45.4,210,0,0,0,0,0,0
4030,L02014,L,298.3,309.3,1557,24.6,117,0,0,0,0,0,0
4031,M01208,M,299.0,308.6,1468,33.7,28,0,0,0,0,0,0
4032,L02015,L,304.4,316.6,1818,31.0,116,0,0,0,0,0,0
4033,L02016,L,299.2,310.3,1519,32.3,127,0,0,0,0,0,0
4034,H00810,H,301.8,312.5,1649,55.8,152,1,0,0,1,0,0
4035,L02017,L,299.2,309.9,1412,38.5,142,0,0,0,0,0,0
4036,H00811,H,300.5,311.5,1175,33.4,136,0,0,0,0,0,0
4037,H00812,H,301.6,310.6,1436,32.5,140,0,0,0,0,0,0
4038,M01209,M,298.9,309.1,1168,34.7,46,0,0,0,0,0,0
4039,M01210,M,298.7,309.1,1495,45.3,171,0,0,0,0,0,0
4040,M01211,M,303.3,312.9,1800,23.7,233,0,0,0,0,0,0
4041,H00813,H,302.0,312.5,1375,41.0,130,0,0,0,0,0,0
4042,L02018,L,301.6,312.8,1168,44.2,121,0,0,0,0,0,0
4043,L02019,L,301.6,311.2,1806,22.6,201,0,0,0,0,0,0
4044,M01212,M,300.9,310.8,1452,25.8,145,0,0,0,0,0,0
4045,L02020,L,304.0,313.2,1535,39.5,137,0,0,0,0,0,0
4046,L02021,L,300.1,308.3,1679,54.4,163,1,0,0,1,0,0
4047,L02022,L,301.2,312.0,1631,52.0,123,0,0,0,0,0,0
4048,M01213,M,297.1,307.1,1672,33.9,219,0,0,0,0,0,0
4049,H00814,H,298.4,308.4,1699,54.1,184,1,0,0,1,0,0
4050,L02023,L,297.6,306.6,1225,36.8,2,1,0,0,0,0,1
4051,H00815,H,302.5,312.3,1284,36.7,147,0,0,0,0,0,0
4052,M01214,M,294.9,306.0,1747,40.9,145,0,0,0,0,0,0
4053,H00816,H,299.2,309.2,1398,48.4,176,0,0,0,0,0,0
4054,M01215,M,294.0,304.0,1417,33.9,164,0,0,0,0,0,0
4055,M01216,M,298.3,308.5,1311,36.0,19,0,0,0,0,0,0
4056,L02024,L,299.0,307.8,1465,27.5,73,0,0,0,0,0,0
4057,H00817,H,302.8,313.4,1475,43.5,225,0,0,0,0,0,0
4058,L02025,L,300.8,309.5,1370,49.3,191,0,0,0,0,0,0
4059,H00818,H,298.3,307.4,1349,49.9,21,0,0,0,0,0,0
4060,H00819,H,302.1,311.1,1595,26.3,148,0,0,0,0,0,0
4061,L02026,L,300.0,309.8,1393,36.2,224,0,0,0,0,0,0
4062,L02027,L,300.1,309.7,1429,52.5,79,0,0,0,0,0,0
4063,M01217,M,297.6,307.6,1168,42.3,233,1,1,0,0,0,0
4064,L02028,L,298.0,307.1,1884,40.3,162,0,0,0,0,0,0
4065,H00820,H,298.3,309.3,1706,40.1,99,0,0,0,0,0,0
4066,L02029,L,300.1,310.9,1449,45.4,128,0,0,0,0,0,0
4067,L02030,L,300.2,310.0,1377,42.9,123,0,0,0,0,0,0
4068,H00821,H,303.1,312.6,1539,34.2,139,0,0,0,0,0,0
4069,M01218,M,300.8,310.2,1535,48.8,12,0,0,0,0,0,0
4070,H00822,H,294.6,304.3,1309,28.0,7,0,0,0,0,0,0
4071,L02031,L,300.5,309.1,1168,53.2,114,0,0,0,0,0,0
4072,M01219,M,297.1,306.1,1443,31.0,158,0,0,0,0,0,0
4073,M01220,M,298.1,309.0,1258,45.5,4,0,0,0,0,0,0
4074,M01221,M,298.4,308.7,1568,38.4,127,0,0,0,0,0,0
4075,M01222,M,298.7,310.3,1569,35.2,171,0,0,0,0,0,0
4076,M01223,M,297.2,306.9,1363,53.6,50,0,0,0,0,0,0
4077,L02032,L,300.4,310.0,1442,47.4,99,0,0,0,0,0,0
4078,L02033,L,297.2,306.8,1853,39.4,238,0,0,0,0,0,0
4079,M01224,M,300.7,310.4,1676,57.5,152,1,0,0,1,0,0
4080,L02034,L,304.5,313.8,1457,49.8,172,0,0,0,0,0,0
4081,M01225,M,297.3,307.6,1948,31.9,12,0,0,0,0,0,0
4082,L02035,L,299.4,309.4,1323,17.4,162,1,0,0,1,0,0
4083,M01226,M,295.0,304.5,1392,41.1,31,0,0,0,0,0,0
4084,M01227,M,299.4,310.7,1518,53.8,199,0,0,0,0,0,0
4085,L02036,L,301.3,313.2,1263,46.1,149,0,0,0,0,0,0
4086,L02037,L,301.4,312.6,1858,55.7,133,1,0,0,1,0,0
4087,L02038,L,300.2,310.8,1570,34.0,48,0,0,0,0,0,0
4088,M01228,M,301.8,312.6,1396,38.8,10,0,0,0,0,0,0
4089,H00823,H,305.1,317.0,1618,39.1,70,0,0,0,0,0,0
4090,L02039,L,303.4,314.2,1564,42.4,142,0,0,0,0,0,0
4091,M01229,M,299.0,308.4,1483,47.7,67,0,0,0,0,0,0
4092,L02040,L,297.1,307.5,1321,56.3,167,0,0,0,0,0,0
4093,L02041,L,299.2,309.8,1280,58.4,248,1,0,0,0,1,0
4094,H00824,H,298.1,307.1,1929,56.7,161,1,0,0,1,0,0
4095,L02042,L,300.9,310.6,1295,46.7,247,1,1,0,0,1,0
4096,L02043,L,297.6,308.7,1841,36.6,106,0,0,0,0,0,0
4097,L02044,L,299.9,308.1,1386,42.3,103,0,0,0,0,0,0
4098,L02045,L,301.7,310.4,1679,46.6,213,0,0,0,0,0,0
4099,L02046,L,299.8,309.6,1621,41.4,157,0,0,0,0,0,0
4100,L02047,L,298.1,308.5,1657,30.9,18,0,0,0,0,0,0
4101,M01230,M,302.3,310.9,1669,35.4,100,0,0,0,0,0,0
4102,L02048,L,296.2,306.1,1249,48.7,113,0,0,0,0,0,0
4103,M01231,M,299.3,310.5,1416,37.5,189,0,0,0,0,0,0
4104,L02049,L,299.9,310.0,1293,40.2,61,0,0,0,0,0,0
4105,L02050,L,300.0,310.9,1571,39.2,165,0,0,0,0,0,0
4106,M01232,M,300.4,309.8,1301,31.1,29,0,0,0,0,0,0
4107,H00825,H,301.2,310.4,1183,38.3,31,0,0,0,0,0,0
4108,L02051,L,299.9,310.7,1495,35.4,82,0,0,0,0,0,0
4109,H00826,H,299.3,309.7,1168,33.1,115,0,0,0,0,0,0
4110,M01233,M,299.2,308.0,1584,29.4,152,0,0,0,0,0,0
4111,M01234,M,298.8,308.0,1312,39.0,249,1,1,0,0,0,0
4112,M01235,M,301.6,313.2,1387,46.2,100,0,0,0,0,0,0
4113,L02052,L,298.7,307.8,1168,51.2,108,0,0,0,0,0,0
4114,L02053,L,301.7,312.6,1833,26.1,86,0,0,0,0,0,0
4115,M01236,M,300.0,309.5,1276,56.1,11,0,0,0,0,0,0
4116,L02054,L,299.0,309.0,1472,42.9,8,0,0,0,0,0,0
4117,H00827,H,301.2,311.5,1217,28.7,124,0,0,0,0,0,0
4118,L02055,L,298.5,306.4,1388,36.0,164,0,0,0,0,0,0
4119,L02056,L,301.3,309.8,1851,21.2,16,0,0,0,0,0,0
4120,M01237,M,300.4,310.5,1591,23.8,241,1,1,0,0,0,0
4121,L02057,L,298.8,308.1,1408,57.2,162,0,0,0,0,0,0
4122,M01238,M,301.1,312.1,1531,33.0,242,1,1,0,0,0,0
4123,M01239,M,301.1,309.5,1437,45.4,238,1,1,0,0,0,0
4124,H00828,H,302.3,312.9,1521,38.9,112,0,0,0,0,0,0
4125,M01240,M,301.9,310.5,1671,40.2,104,0,0,0,0,0,0
4126,M01241,M,301.0,310.6,1478,43.7,221,0,0,0,0,0,0
4127,M01242,M,297.7,306.6,1577,19.2,120,1,0,0,1,0,0
4128,H00829,H,304.9,316.8,1580,53.2,59,0,0,0,0,0,0
4129,L02058,L,297.2,305.9,1479,39.0,3,0,0,0,0,0,0
4130,L02059,L,301.9,311.8,1406,35.0,168,0,0,0,0,0,0
4131,L02060,L,300.9,309.2,1443,44.7,195,0,0,0,0,0,0
4132,L02061,L,297.7,309.3,1663,32.8,215,0,0,0,0,0,0
4133,M01243,M,299.8,310.2,1678,42.1,130,0,0,0,0,0,0
4134,M01244,M,299.8,309.9,1334,38.3,136,0,0,0,0,0,0
4135,M01245,M,302.6,314.1,1491,47.1,10,0,0,0,0,0,0
4136,L02062,L,298.6,308.7,1403,37.9,223,0,0,0,0,0,0
4137,M01246,M,299.5,309.7,1681,29.7,234,0,0,0,0,0,0
4138,L02063,L,295.3,305.4,1453,43.6,243,0,0,0,0,0,0
4139,M01247,M,303.5,314.1,1931,37.3,60,0,0,0,0,0,0
4140,M01248,M,297.9,307.4,1577,21.8,231,0,0,0,0,0,0
4141,L02064,L,300.7,310.5,1749,42.0,92,0,0,0,0,0,0
4142,L02065,L,299.8,310.6,1356,34.6,225,0,0,0,0,0,0
4143,L02066,L,299.8,310.1,1540,43.5,111,0,0,0,0,0,0
4144,H00830,H,301.6,311.5,1648,31.4,246,1,1,0,0,0,0
4145,H00831,H,303.3,311.9,1353,27.9,97,1,0,1,0,0,0
4146,M01249,M,300.5,312.0,1541,51.8,20,0,0,0,0,0,0
4147,L02067,L,301.3,310.6,1726,48.4,24,0,0,0,0,0,0
4148,L02068,L,300.7,311.7,1479,39.9,212,0,0,0,0,0,0
4149,M01250,M,302.0,312.2,1385,44.4,61,0,0,0,0,0,0
4150,M01251,M,299.1,307.8,1860,48.1,83,1,0,0,1,0,0
4151,L02069,L,302.2,313.5,1328,39.9,23,0,0,0,0,0,0
4152,L02070,L,302.2,312.5,1565,27.9,196,0,0,0,0,0,0
4153,M01252,M,302.2,313.5,1411,43.0,168,0,0,0,0,0,0
4154,L02071,L,298.7,308.5,1370,50.0,184,0,0,0,0,0,0
4155,L02072,L,299.7,310.4,1670,45.9,65,0,0,0,0,0,0
4156,L02073,L,300.5,308.7,1501,40.6,249,0,0,0,0,0,0
4157,M01253,M,297.3,306.8,1610,45.7,8,0,0,0,0,0,0
4158,H00832,H,303.2,311.9,1168,37.8,234,1,1,0,0,0,0
4159,H00833,H,300.0,309.6,1628,50.4,135,0,0,0,0,0,0
4160,M01254,M,300.6,311.1,1409,53.5,125,0,0,0,0,0,0
4161,M01255,M,298.8,308.2,1201,27.0,95,1,0,0,1,0,0
4162,L02074,L,297.3,308.2,1875,51.2,57,1,0,0,1,0,0
4163,M01256,M,298.8,307.9,1645,62.4,70,1,0,0,1,0,0
4164,L02075,L,300.4,311.3,1578,45.3,37,0,0,0,0,0,0
4165,M01257,M,301.3,312.6,1761,49.8,147,1,0,0,1,0,0
4166,L02076,L,300.3,311.3,1582,33.5,46,0,0,0,0,0,0
4167,L02077,L,300.7,310.4,1395,35.0,78,0,0,0,0,0,0
4168,L02078,L,299.3,307.2,1506,37.9,230,0,0,0,0,0,0
4169,L02079,L,301.0,311.6,1416,36.0,27,0,0,0,0,0,0
4170,L02080,L,303.0,312.9,1448,26.9,222,0,0,0,0,0,0
4171,L02081,L,301.4,310.4,1312,38.3,187,0,0,0,0,0,0
4172,H00834,H,301.6,311.0,1364,48.4,21,0,0,0,0,0,0
4173,L02082,L,300.6,312.0,1698,27.0,231,0,0,0,0,0,0
4174,M01258,M,297.0,305.9,1597,41.8,112,0,0,0,0,0,0
4175,H00835,H,297.9,308.4,1447,41.5,178,0,0,0,0,0,0
4176,H00836,H,300.9,311.1,1353,37.0,23,0,0,0,0,0,0
4177,M01259,M,300.0,309.6,1465,45.0,225,1,1,0,0,0,0
4178,H00837,H,300.9,311.5,1236,44.0,72,0,0,0,0,0,0
4179,L02083,L,303.4,315.0,1560,36.3,60,0,0,0,0,0,0
4180,L02084,L,301.5,311.2,1707,50.6,1,1,0,0,1,0,0
4181,L02085,L,302.5,312.3,1961,45.6,108,1,0,0,1,0,0
4182,M01260,M,300.2,310.8,1340,55.7,88,0,0,0,0,0,0
4183,M01261,M,298.4,309.3,1699,39.3,203,0,0,0,0,0,0
4184,L02086,L,299.9,309.8,1411,36.8,182,0,0,0,0,0,0
4185,L02087,L,298.4,308.1,1336,37.9,3,0,0,0,0,0,0
4186,M01262,M,303.1,310.9,1335,51.8,242,1,0,1,0,1,0
4187,L02088,L,301.6,310.8,1563,38.5,231,1,1,0,0,0,0
4188,M01263,M,301.0,309.9,1371,39.1,57,0,0,0,0,0,0
4189,M01264,M,302.5,313.2,1429,59.6,126,0,0,0,0,0,0
4190,M01265,M,296.0,305.8,1459,26.6,12,0,0,0,0,0,0
4191,M01266,M,301.2,310.9,1405,43.6,220,0,0,0,0,0,0
4192,H00838,H,297.4,307.4,1392,39.4,223,0,0,0,0,0,0
4193,L02089,L,300.0,309.1,1168,37.5,154,0,0,0,0,0,0
4194,M01267,M,299.4,311.0,1553,30.5,29,0,0,0,0,0,0
4195,M01268,M,301.3,312.6,1550,33.4,109,0,0,0,0,0,0
4196,L02090,L,300.5,312.1,1395,35.9,102,0,0,0,0,0,0
4197,L02091,L,302.7,313.4,1602,45.0,121,0,0,0,0,0,0
4198,L02092,L,298.8,308.8,1788,48.5,61,1,0,0,1,0,0
4199,L02093,L,301.4,313.0,1542,22.2,192,0,0,0,0,0,0
4200,M01269,M,300.3,309.6,1776,28.0,10,0,0,0,0,0,0
4201,H00839,H,296.7,305.8,1938,45.5,86,1,0,0,1,0,0
4202,L02094,L,298.2,307.6,1990,46.3,176,1,0,0,1,0,0
4203,L02095,L,299.7,310.2,1325,25.4,16,0,0,0,0,0,0
4204,H00840,H,302.2,311.4,1326,48.7,142,0,0,0,0,0,0
4205,L02096,L,300.9,310.7,1458,39.9,154,0,0,0,0,0,0
4206,L02097,L,297.7,306.1,1561,47.5,116,0,0,0,0,0,0
4207,M01270,M,299.7,310.2,1822,31.5,137,0,0,0,0,0,0
4208,M01271,M,304.0,312.5,1650,26.1,207,0,0,0,0,0,0
4209,L02098,L,300.2,309.3,1322,36.9,228,0,0,0,0,0,0
4210,L02099,L,299.3,310.5,1428,37.4,155,0,0,0,0,0,0
4211,L02100,L,301.0,312.2,1530,36.8,129,0,0,0,0,0,0
4212,M01272,M,301.5,311.9,1271,36.1,230,1,1,0,0,0,0
4213,M01273,M,299.1,309.4,1540,56.9,34,1,0,0,1,0,0
4214,L02101,L,301.0,310.5,1325,23.0,142,1,0,0,1,0,0
4215,M01274,M,299.3,308.5,1242,31.6,186,0,0,0,0,0,0
4216,H00841,H,301.4,311.0,1368,35.8,202,0,0,0,0,0,0
4217,L02102,L,300.3,308.8,1611,40.2,160,0,0,0,0,0,0
4218,L02103,L,301.0,311.3,1610,47.1,54,0,0,0,0,0,0
4219,M01275,M,298.5,308.5,1555,48.7,207,1,1,0,0,0,0
4220,L02104,L,298.4,307.5,1715,50.8,74,1,0,0,1,0,0
4221,L02105,L,301.9,313.5,1696,44.8,211,0,0,0,0,0,0
4222,M01276,M,299.8,310.4,1574,22.7,51,0,0,0,0,0,0
4223,H00842,H,300.6,311.3,1549,23.4,18,0,0,0,0,0,0
4224,H00843,H,299.4,308.9,1561,51.5,166,0,0,0,0,0,0
4225,M01277,M,301.8,311.8,1511,50.8,241,1,1,0,0,1,0
4226,M01278,M,298.8,309.4,1168,46.4,214,0,0,0,0,0,0
4227,L02106,L,299.7,309.9,1741,31.8,187,0,0,0,0,0,0
4228,M01279,M,301.6,313.2,1609,36.8,9,0,0,0,0,0,0
4229,L02107,L,302.3,312.1,1320,36.0,199,0,0,0,0,0,0
4230,L02108,L,299.0,308.5,1793,29.8,65,0,0,0,0,0,0
4231,M01280,M,303.9,314.5,1432,42.6,183,0,0,0,0,0,0
4232,M01281,M,300.6,309.3,1518,61.6,6,1,0,0,1,0,0
4233,L02109,L,297.9,308.8,1721,35.0,89,0,0,0,0,0,0
4234,H00844,H,300.7,309.4,1577,53.0,167,0,0,0,0,0,0
4235,L02110,L,299.2,309.8,1777,31.1,146,0,0,0,0,0,0
4236,L02111,L,300.9,310.3,1474,24.6,197,0,0,0,0,0,0
4237,L02112,L,299.9,310.4,1840,49.9,224,1,0,0,1,1,0
4238,M01282,M,300.1,311.0,1398,37.8,118,0,0,0,0,0,0
4239,M01283,M,298.2,308.4,1773,52.7,127,1,0,0,1,0,0
4240,L02113,L,302.0,310.8,1168,54.7,10,0,0,0,0,0,0
4241,M01284,M,297.7,306.8,1341,37.2,51,0,0,0,0,0,0
4242,L02114,L,297.8,307.1,1591,53.4,99,0,0,0,0,0,0
4243,M01285,M,300.7,308.8,1466,31.2,139,0,0,0,0,0,0
4244,L02115,L,303.2,314.3,1524,31.1,219,0,0,0,0,0,0
4245,L02116,L,299.3,309.4,1545,50.7,189,0,0,0,0,0,0
4246,H00845,H,301.4,310.3,1324,24.5,72,1,0,0,1,0,0
4247,L02117,L,302.1,313.6,1338,40.0,150,0,0,0,0,0,0
4248,L02118,L,301.6,310.9,1579,52.5,39,0,0,0,0,0,0
4249,M01286,M,299.4,309.7,1418,53.2,197,0,0,0,0,0,0
4250,H00846,H,297.8,307.0,1778,35.7,49,0,0,0,0,0,0
4251,L02119,L,295.6,303.6,1503,50.1,63,0,0,0,0,0,0
4252,L02120,L,299.5,308.1,1666,28.8,146,0,0,0,0,0,0
4253,L02121,L,302.4,312.0,1617,33.3,211,0,0,0,0,0,0
4254,M01287,M,297.8,308.7,1430,42.3,17,0,0,0,0,0,0
4255,L02122,L,301.4,311.7,1183,43.8,154,0,0,0,0,0,0
4256,M01288,M,298.1,308.2,1750,29.5,96,0,0,0,0,0,0
4257,H00847,H,300.2,308.2,1362,58.6,92,1,0,1,0,0,0
4258,L02123,L,301.4,312.7,1465,21.2,72,1,0,0,1,0,0
4259,L02124,L,298.7,308.9,1510,40.5,236,0,0,0,0,0,0
4260,L02125,L,300.3,310.2,1528,42.0,43,0,0,0,0,0,0
4261,L02126,L,299.2,310.3,1710,22.5,57,0,0,0,0,0,0
4262,H00848,H,301.4,312.6,1539,53.2,61,0,0,0,0,0,0
4263,L02127,L,300.5,311.7,1515,32.6,177,0,0,0,0,0,0
4264,L02128,L,300.1,309.9,1720,41.0,90,0,0,0,0,0,0
4265,M01289,M,303.1,312.1,1645,43.3,52,0,0,0,0,0,0
4266,L02129,L,301.3,312.3,1406,25.5,102,0,0,0,0,0,0
4267,M01290,M,298.6,307.2,1332,29.3,60,1,0,1,0,0,0
4268,L02130,L,299.8,311.7,1390,55.6,202,1,0,0,0,1,0
4269,H00849,H,299.8,309.8,1529,39.3,49,0,0,0,0,0,0
4270,H00850,H,300.2,309.1,1314,13.0,53,1,0,0,1,0,0
4271,M01291,M,305.0,313.8,1554,37.0,41,0,0,0,0,0,0
4272,H00851,H,300.7,309.4,1514,39.7,186,0,0,0,0,0,0
4273,L02131,L,295.9,306.0,1168,42.2,7,0,0,0,0,0,0
4274,L02132,L,298.9,308.9,1286,20.0,141,1,0,0,1,0,0
4275,M01292,M,296.1,304.9,1168,39.7,237,1,1,0,0,0,0
4276,M01293,M,299.3,308.9,1476,31.7,12,0,0,0,0,0,0
4277,L02133,L,296.0,304.6,1730,42.2,198,0,0,0,0,0,0
4278,L02134,L,298.3,308.9,1199,45.1,78,0,0,0,0,0,0
4279,L02135,L,297.0,306.9,1301,44.0,101,0,0,0,0,0,0
4280,L02136,L,300.8,310.4,1508,54.0,171,0,0,0,0,0,0
4281,L02137,L,300.0,308.7,1347,61.9,42,0,0,0,0,0,0
4282,M01294,M,300.6,310.3,1346,28.7,247,0,0,0,0,0,0
4283,L02138,L,299.8,309.4,1634,36.2,145,0,0,0,0,0,0
4284,L02139,L,297.2,307.5,1449,47.4,163,0,0,0,0,0,0
4285,M01295,M,301.0,311.2,1271,38.7,158,0,0,0,0,0,0
4286,M01296,M,303.8,314.6,1168,12.8,131,1,0,0,1,0,0
4287,H00852,H,300.8,310.3,1933,38.1,76,0,0,0,0,0,0
4288,M01297,M,299.1,307.2,1739,52.3,38,1,0,0,1,0,0
4289,L02140,L,297.1,308.1,1457,26.1,93,0,0,0,0,0,0
4290,H00853,H,298.2,307.3,1553,42.2,182,0,0,0,0,0,0
4291,M01298,M,300.9,309.8,1450,20.9,18,1,0,0,1,0,0
4292,L02141,L,302.1,312.1,1629,48.7,195,0,0,0,0,0,0
4293,M01299,M,300.5,310.8,1385,42.4,64,0,0,0,0,0,0
4294,H00854,H,301.6,311.1,1440,34.3,39,0,0,0,0,0,0
4295,L02142,L,301.4,310.9,1619,35.8,95,0,0,0,0,0,0
4296,L02143,L,301.0,310.6,1798,25.0,203,0,0,0,0,0,0
4297,L02144,L,298.7,310.1,1670,50.1,75,0,0,0,0,0,0
4298,L02145,L,300.3,310.3,1758,32.0,211,0,0,0,0,0,0
4299,L02146,L,298.3,307.3,1482,45.0,202,0,0,0,0,0,0
4300,M01300,M,300.0,309.0,1426,30.4,244,0,0,0,0,0,0
4301,L02147,L,300.7,310.4,1191,62.0,116,0,0,0,0,0,0
4302,H00855,H,303.4,313.6,1550,55.6,112,1,0,0,1,0,0
4303,M01301,M,297.4,307.9,1605,60.7,29,1,0,0,1,0,0
4304,M01302,M,301.0,311.1,1484,61.9,240,1,0,0,1,1,0
4305,H00856,H,303.0,312.2,1398,33.7,246,0,0,0,0,0,0
4306,L02148,L,301.5,311.1,1760,31.2,235,0,0,0,0,0,0
4307,L02149,L,301.7,312.4,1651,60.3,222,1,0,0,1,1,0
4308,M01303,M,301.2,310.1,1772,38.6,155,0,0,0,0,0,0
4309,H00857,H,302.6,312.1,1367,48.3,235,0,0,0,0,0,0
4310,M01304,M,297.8,308.4,1411,33.8,176,0,0,0,0,0,0
4311,L02150,L,297.2,308.1,1753,34.0,92,0,0,0,0,0,0
4312,H00858,H,300.0,309.8,1529,48.3,168,0,0,0,0,0,0
4313,L02151,L,295.7,305.3,1436,20.3,85,1,0,0,1,0,0
4314,H00859,H,302.5,311.2,1448,47.8,108,0,0,0,0,0,0
4315,H00860,H,302.4,312.9,1536,45.2,48,0,0,0,0,0,0
4316,L02152,L,299.1,310.4,1717,34.7,156,0,0,0,0,0,0
4317,M01305,M,299.3,311.9,1509,40.2,128,0,0,0,0,0,0
4318,L02153,L,299.9,310.3,1679,41.8,212,0,0,0,0,0,0
4319,L02154,L,300.1,310.0,1621,42.4,30,0,0,0,0,0,0
4320,M01306,M,300.3,309.4,1380,46.9,26,0,0,0,0,0,0
4321,M01307,M,301.1,309.2,1380,31.9,34,0,0,0,0,0,0
4322,H00861,H,299.7,309.9,1457,67.0,7,1,0,0,1,0,0
4323,M01308,M,301.9,314.3,1298,37.9,39,0,0,0,0,0,0
4324,L02155,L,300.9,312.2,1445,38.7,185,0,0,0,0,0,0
4325,H00862,H,298.8,309.9,1808,59.4,199,1,0,0,1,0,0
4326,H00863,H,302.7,312.9,1532,21.7,133,1,0,0,1,0,0
4327,L02156,L,297.3,307.7,1400,59.3,142,0,0,0,0,0,0
4328,H00864,H,299.8,307.4,1880,40.9,20,0,0,0,0,0,0
4329,L02157,L,301.9,312.7,1371,34.7,164,0,0,0,0,0,0
4330,H00865,H,298.6,308.0,1365,28.8,197,0,0,0,0,0,0
4331,L02158,L,300.6,309.9,1758,27.3,53,0,0,0,0,0,0
4332,L02159,L,301.1,310.8,1656,36.6,156,0,0,0,0,0,0
4333,L02160,L,298.3,307.9,1514,42.8,185,0,0,0,0,0,0
4334,M01309,M,299.9,309.2,1686,46.2,88,0,0,0,0,0,0
4335,L02161,L,299.7,309.7,1591,42.7,214,0,0,0,0,0,0
4336,L02162,L,298.9,308.3,1325,34.9,229,0,0,0,0,0,0
4337,M01310,M,304.6,314.7,1168,53.4,90,0,0,0,0,0,0
4338,H00866,H,298.5,307.0,1436,66.7,105,1,0,0,1,0,0
4339,L02163,L,302.0,311.8,1732,54.9,86,1,0,0,1,0,0
4340,L02164,L,299.2,308.1,1461,36.4,18,0,0,0,0,0,0
4341,L02165,L,297.8,307.2,1620,45.0,91,0,0,0,0,0,0
4342,L02166,L,300.2,310.3,1571,45.7,33,0,0,0,0,0,0
4343,H00867,H,301.3,309.7,1234,56.0,57,1,0,1,0,0,0
4344,H00868,H,301.8,311.0,1465,36.6,198,0,0,0,0,0,0
4345,M01311,M,303.1,313.7,1602,30.4,242,0,0,0,0,0,0
4346,L02167,L,305.9,314.5,1397,51.3,140,0,0,0,0,0,0
4347,M01312,M,300.5,312.3,1473,44.1,3,0,0,0,0,0,0
4348,M01313,M,298.7,309.9,1608,28.9,138,0,0,0,0,0,0
4349,H00869,H,300.9,310.4,1551,47.1,177,0,0,0,0,0,0
4350,M01314,M,299.5,308.7,1725,58.4,20,1,0,0,1,0,0
4351,M01315,M,301.9,312.1,1606,33.1,59,0,0,0,0,0,0
4352,M01316,M,297.4,306.0,1366,31.1,148,0,0,0,0,0,0
4353,L02168,L,304.7,312.7,1452,40.3,170,0,0,0,0,0,0
4354,H00870,H,301.7,311.2,1541,46.8,44,0,0,0,0,0,0
4355,M01317,M,296.6,306.5,1777,39.3,41,0,0,0,0,0,0
4356,M01318,M,298.6,308.7,1453,51.3,153,0,0,0,0,0,0
4357,L02169,L,301.6,311.0,1227,42.6,158,0,0,0,0,0,0
4358,M01319,M,302.4,313.7,1616,50.1,176,0,0,0,0,0,0
4359,M01320,M,297.5,306.0,1402,32.8,126,0,0,0,0,0,0
4360,L02170,L,301.4,310.3,1307,27.7,195,0,0,0,0,0,0
4361,L02171,L,296.1,306.6,1541,36.6,2,0,0,0,0,0,0
4362,M01321,M,299.8,308.6,1712,26.5,38,0,0,0,0,0,0
4363,M01322,M,302.2,311.0,1435,44.1,47,0,0,0,0,0,0
4364,M01323,M,298.9,309.0,1626,19.8,148,1,0,0,1,0,0
4365,L02172,L,297.0,305.9,1660,35.5,229,0,0,0,0,0,0
4366,M01324,M,300.3,310.2,1679,37.1,17,0,0,0,0,0,0
4367,L02173,L,298.8,308.1,1406,29.5,224,1,1,0,0,0,0
4368,L02174,L,301.3,310.4,1337,36.9,242,1,1,0,0,0,0
4369,L02175,L,298.2,306.1,1361,40.0,105,1,0,1,0,0,0
4370,L02176,L,298.5,308.6,1679,52.7,162,1,0,0,1,0,0
4371,L02177,L,296.0,304.8,1657,29.6,31,0,0,0,0,0,0
4372,L02178,L,300.3,310.1,1366,43.6,121,0,0,0,0,0,0
4373,L02179,L,299.7,309.2,1919,45.6,182,1,0,0,1,0,0
4374,L02180,L,297.6,307.4,1345,39.8,138,0,0,0,0,0,0
4375,M01325,M,300.4,310.3,1716,35.0,102,0,0,0,0,0,0
4376,L02181,L,302.1,312.3,1810,28.6,185,0,0,0,0,0,0
4377,L02182,L,299.6,308.9,1557,59.0,222,1,0,0,1,1,0
4378,H00871,H,300.5,311.7,1400,40.7,93,0,0,0,0,0,0
4379,L02183,L,300.5,308.7,1404,36.8,165,0,0,0,0,0,0
4380,M01326,M,297.6,307.4,1491,61.2,45,1,0,0,1,0,0
4381,L02184,L,304.1,314.9,1731,42.2,125,0,0,0,0,0,0
4382,L02185,L,299.1,309.6,1323,65.4,124,1,0,0,1,0,0
4383,M01327,M,301.3,310.3,1208,25.8,147,1,0,0,1,0,0
4384,M01328,M,301.5,310.7,1602,37.6,103,0,0,0,0,0,0
4385,H00872,H,299.7,308.7,1642,26.3,25,0,0,0,0,0,0
4386,M01329,M,301.2,311.8,1890,38.8,138,0,0,0,0,0,0
4387,H00873,H,300.5,309.8,1290,38.7,193,0,0,0,0,0,0
4388,L02186,L,297.2,307.5,1513,35.4,102,0,0,0,0,0,0
4389,L02187,L,299.3,309.6,1745,40.5,208,0,0,0,0,0,0
4390,L02188,L,298.8,311.2,1559,35.9,215,0,0,0,0,0,0
4391,L02189,L,299.1,309.4,1503,38.9,93,0,0,0,0,0,0
4392,M01330,M,297.4,306.6,1679,32.4,36,0,0,0,0,0,0
4393,M01331,M,302.3,310.8,1430,54.4,133,0,0,0,0,0,0
4394,L02190,L,303.2,312.9,1690,28.9,181,0,0,0,0,0,0
4395,H00874,H,302.0,311.9,1313,42.1,240,1,1,0,0,0,0
4396,H00875,H,302.5,310.3,1266,28.1,214,1,0,1,0,0,0
4397,L02191,L,299.3,308.6,1489,31.7,174,0,0,0,0,0,0
4398,L02192,L,298.7,309.0,1168,32.7,226,0,0,0,0,0,0
4399,L02193,L,298.4,307.9,1553,38.7,113,0,0,0,0,0,0
4400,L02194,L,301.3,312.3,1227,41.8,46,0,0,0,0,0,0
4401,L02195,L,300.5,308.9,1588,28.9,246,1,1,0,0,0,0
4402,M01332,M,299.8,310.5,1571,35.9,153,0,0,0,0,0,0
4403,L02196,L,302.6,313.5,1525,30.1,24,0,0,0,0,0,0
4404,L02197,L,300.8,311.8,1616,29.6,163,0,0,0,0,0,0
4405,H00876,H,298.3,306.7,1574,51.3,246,1,1,0,0,0,0
4406,M01333,M,298.6,308.9,1485,26.1,20,0,0,0,0,0,0
4407,H00877,H,301.4,310.7,1865,40.7,233,0,0,0,0,0,0
4408,L02198,L,302.1,310.7,1608,57.0,185,1,0,0,1,0,0
4409,L02199,L,301.1,310.7,1676,52.1,42,1,0,0,1,0,0
4410,M01334,M,303.8,312.9,1730,44.3,22,0,0,0,0,0,0
4411,L02200,L,303.3,314.2,1657,39.8,64,0,0,0,0,0,0
4412,L02201,L,300.9,311.4,1907,47.4,186,1,0,0,1,0,0
4413,M01335,M,298.3,307.1,1567,43.7,60,0,0,0,0,0,0
4414,M01336,M,297.4,306.7,1536,54.2,73,0,0,0,0,0,0
4415,L02202,L,299.2,308.8,1421,38.7,88,0,0,0,0,0,0
4416,L02203,L,301.5,311.4,1492,50.0,85,0,0,0,0,0,0
4417,L02204,L,303.7,314.7,1407,36.7,238,1,1,0,0,0,0
4418,L02205,L,300.8,311.5,1659,58.9,199,1,0,0,1,1,0
4419,L02206,L,302.3,312.4,1374,38.4,104,0,0,0,0,0,0
4420,L02207,L,299.5,309.2,1551,23.8,63,0,0,0,0,0,0
4421,L02208,L,301.2,309.4,1638,40.8,160,0,0,0,0,0,0
4422,H00878,H,301.6,312.9,1564,47.6,116,0,0,0,0,0,0
4423,M01337,M,296.0,305.6,1377,56.3,203,0,0,0,0,0,0
4424,M01338,M,299.2,310.8,1663,30.0,175,0,0,0,0,0,0
4425,L02209,L,301.9,312.1,1522,22.6,38,0,0,0,0,0,0
4426,L02210,L,300.5,312.5,1168,45.0,139,0,0,0,0,0,0
4427,L02211,L,297.6,308.2,1361,44.7,203,0,0,0,0,0,0
4428,L02212,L,295.1,303.7,1788,25.9,138,0,0,0,0,0,0
4429,L02213,L,299.3,308.7,1803,36.7,47,0,0,0,0,0,0
4430,M01339,M,299.9,309.7,1632,37.2,135,0,0,0,0,0,0
4431,M01340,M,298.2,307.3,1678,48.2,50,0,0,0,0,0,0
4432,M01341,M,300.3,309.9,1398,35.9,135,0,0,0,0,0,0
4433,L02214,L,301.0,309.6,1491,35.6,100,0,0,0,0,0,0
4434,H00879,H,301.3,311.3,1759,41.1,240,1,1,0,0,0,0
4435,L02215,L,295.3,305.5,1614,26.2,207,0,0,0,0,0,0
4436,L02216,L,297.4,306.4,1549,59.0,227,1,0,0,1,1,0
4437,L02217,L,299.4,311.3,1504,49.3,127,0,0,0,0,0,0
4438,M01342,M,301.1,311.2,1748,33.0,209,0,0,0,0,0,0
4439,H00880,H,301.0,310.2,1738,28.8,107,0,0,0,0,0,0
4440,L02218,L,300.9,309.3,1654,29.6,84,0,0,0,0,0,0
4441,H00881,H,299.2,309.3,1549,45.9,67,0,0,0,0,0,0
4442,H00882,H,299.3,309.0,1474,29.9,113,0,0,0,0,0,0
4443,L02219,L,298.5,309.3,1662,37.5,70,0,0,0,0,0,0
4444,L02220,L,301.5,311.4,1340,23.1,97,1,0,0,1,0,0
4445,L02221,L,298.2,307.0,1377,45.4,225,0,0,0,0,0,0
4446,H00883,H,301.7,313.4,1278,45.8,108,0,0,0,0,0,0
4447,L02222,L,300.4,310.8,1759,38.2,163,0,0,0,0,0,0
4448,M01343,M,299.9,309.6,1409,41.9,100,0,0,0,0,0,0
4449,L02223,L,298.7,308.9,1610,48.0,29,0,0,0,0,0,0
4450,M01344,M,297.3,307.8,1515,41.7,89,0,0,0,0,0,0
4451,L02224,L,298.7,307.3,2056,47.8,139,1,0,0,1,0,0
4452,M01345,M,299.3,309.5,1617,28.3,74,0,0,0,0,0,0
4453,H00884,H,295.3,304.8,1204,43.8,28,0,0,0,0,0,0
4454,H00885,H,299.6,310.1,1748,41.9,2,0,0,0,0,0,0
4455,H00886,H,301.8,311.1,1468,52.0,61,0,0,0,0,0,0
4456,L02225,L,301.1,310.5,1502,40.3,10,0,0,0,0,0,0
4457,M01346,M,299.0,310.7,1417,39.0,72,0,0,0,0,0,0
4458,L02226,L,300.1,311.3,1573,34.4,217,0,0,0,0,0,0
4459,L02227,L,298.9,305.6,1570,54.9,117,1,0,0,1,0,0
4460,M01347,M,300.3,311.5,1422,16.4,186,1,0,0,1,0,0
4461,L02228,L,303.1,313.0,1447,45.1,71,0,0,0,0,0,0
4462,M01348,M,301.9,311.2,1556,39.8,212,0,0,0,0,0,0
4463,H00887,H,301.0,310.0,1168,38.2,71,0,0,0,0,0,0
4464,L02229,L,299.0,308.1,1279,36.7,41,0,0,0,0,0,0
4465,M01349,M,301.5,310.8,1836,39.4,133,0,0,0,0,0,0
4466,L02230,L,296.6,305.5,1596,44.8,54,0,0,0,0,0,0
4467,L02231,L,299.5,308.1,1444,32.0,209,0,0,0,0,0,0
4468,L02232,L,301.2,310.2,1234,41.4,5,0,0,0,0,0,0
4469,H00888,H,301.5,311.8,1527,43.5,20,0,0,0,0,0,0
4470,H00889,H,301.3,311.4,1714,30.5,171,0,0,0,0,0,0
4471,H00890,H,300.6,311.2,2010,45.0,239,1,1,0,1,0,0
4472,H00891,H,299.6,309.5,1876,43.6,247,0,0,0,0,0,0
4473,L02233,L,301.1,309.8,1379,32.0,116,0,0,0,0,0,0
4474,L02234,L,298.1,308.6,1449,28.1,175,0,0,0,0,0,0
4475,M01350,M,298.3,307.3,1274,31.9,86,0,0,0,0,0,0
4476,L02235,L,300.1,310.7,1387,41.4,163,0,0,0,0,0,0
4477,L02236,L,300.3,309.1,1499,39.2,209,0,0,0,0,0,0
4478,L02237,L,296.3,305.6,1472,53.9,124,0,0,0,0,0,0
4479,M01351,M,300.9,310.5,1905,36.3,218,0,0,0,0,0,0
4480,M01352,M,301.5,312.2,1302,31.1,172,0,0,0,0,0,0
4481,L02238,L,299.8,310.0,1529,46.6,130,0,0,0,0,0,0
4482,L02239,L,304.7,314.7,1168,30.2,186,0,0,0,0,0,0
4483,M01353,M,298.6,310.5,1597,32.1,249,0,0,0,0,0,0
4484,M01354,M,299.3,307.5,1297,32.2,11,1,0,1,0,0,0
4485,L02240,L,299.2,308.2,1735,10.0,83,1,0,0,1,0,0
4486,M01355,M,299.8,308.7,1485,45.7,18,0,0,0,0,0,0
4487,L02241,L,299.3,307.5,1287,49.4,22,1,0,1,0,0,0
4488,L02242,L,297.2,306.5,1168,49.2,123,0,0,0,0,0,0
4489,M01356,M,298.9,309.6,1362,58.9,132,0,0,0,0,0,0
4490,M01357,M,299.8,309.2,1580,55.1,50,1,0,0,1,0,0
4491,L02243,L,302.5,312.2,1613,36.7,146,0,0,0,0,0,0
4492,M01358,M,304.4,312.7,1448,51.1,248,1,0,0,0,1,0
4493,M01359,M,302.7,311.9,1703,39.0,11,0,0,0,0,0,0
4494,M01360,M,298.4,307.9,1334,35.7,91,0,0,0,0,0,0
4495,M01361,M,298.6,309.2,1168,32.4,184,0,0,0,0,0,0
4496,M01362,M,299.7,308.0,1588,37.3,164,0,0,0,0,0,0
4497,L02244,L,303.6,313.1,1768,43.3,33,0,0,0,0,0,0
4498,L02245,L,299.7,310.8,1770,55.8,249,1,0,0,1,1,0
4499,L02246,L,297.3,306.9,1305,47.3,79,0,0,0,0,0,0
4500,L02247,L,299.0,306.9,1440,32.3,62,0,0,0,0,0,0
4501,M01363,M,301.5,312.8,1667,29.6,116,0,0,0,0,0,0
4502,M01364,M,301.4,312.1,1425,45.7,131,0,0,0,0,0,0
4503,L02248,L,299.6,310.5,1556,49.0,181,0,0,0,0,0,0
4504,L02249,L,301.4,309.7,1409,52.3,110,0,0,0,0,0,0
4505,L02250,L,295.5,307.0,1342,37.3,233,0,0,0,0,0,0
4506,L02251,L,300.2,309.4,1377,44.7,53,0,0,0,0,0,0
4507,M01365,M,301.7,311.2,1709,48.6,5,0,0,0,0,0,0
4508,L02252,L,298.3,307.6,1540,26.5,134,0,0,0,0,0,0
4509,M01366,M,298.3,309.2,1765,42.8,33,0,0,0,0,0,0
4510,H00892,H,296.3,306.1,1631,49.0,67,0,0,0,0,0,0
4511,L02253,L,303.2,313.7,1825,45.1,142,0,0,0,0,0,0
4512,L02254,L,298.6,308.7,1684,39.2,12,0,0,0,0,0,0
4513,L02255,L,300.5,310.4,1673,66.1,200,1,0,0,1,1,0
4514,M01367,M,301.2,310.3,1516,59.3,36,1,0,0,1,0,0
4515,M01368,M,303.0,314.8,2076,40.1,208,0,0,0,0,0,0
4516,L02256,L,299.7,308.2,1558,38.1,165,0,0,0,0,0,0
4517,M01369,M,298.9,309.3,1184,47.0,205,0,0,0,0,0,0
4518,H00893,H,300.3,310.7,1585,39.4,228,0,0,0,0,0,0
4519,L02257,L,302.6,313.8,1362,52.7,158,0,0,0,0,0,0
4520,L02258,L,299.7,311.1,1720,27.3,193,0,0,0,0,0,0
4521,H00894,H,298.1,308.0,1667,37.6,109,0,0,0,0,0,0
4522,M01370,M,296.9,307.4,1503,46.9,210,0,0,0,0,0,0
4523,H00895,H,297.6,309.4,1379,50.0,210,0,0,0,0,0,0
4524,M01371,M,301.7,311.6,1564,25.2,59,0,0,0,0,0,0
4525,H00896,H,299.4,308.3,1423,30.5,246,1,1,0,0,0,0
4526,L02259,L,298.8,308.4,1679,23.2,12,0,0,0,0,0,0
4527,M01372,M,298.6,307.3,1637,31.3,148,0,0,0,0,0,0
4528,H00897,H,300.2,310.6,2063,27.2,94,0,0,0,0,0,0
4529,M01373,M,299.5,310.6,1458,45.4,171,0,0,0,0,0,0
4530,L02260,L,299.5,309.4,1483,42.3,27,0,0,0,0,0,0
4531,L02261,L,302.7,311.1,1510,38.5,184,0,0,0,0,0,0
4532,L02262,L,303.1,314.1,1518,40.3,128,0,0,0,0,0,0
4533,L02263,L,296.8,305.0,1721,51.9,226,1,0,0,1,1,0
4534,L02264,L,300.7,309.2,1488,29.6,137,0,0,0,0,0,0
4535,M01374,M,298.4,308.2,1891,20.7,7,0,0,0,0,0,0
4536,M01375,M,299.5,309.8,1642,47.1,204,0,0,0,0,0,0
4537,L02265,L,300.6,311.0,1451,36.1,190,0,0,0,0,0,0
4538,M01376,M,299.6,309.5,1405,29.8,210,0,0,0,0,0,0
4539,L02266,L,300.5,312.3,1724,45.5,66,0,0,0,0,0,0
4540,L02267,L,301.3,311.4,1543,20.3,119,1,0,0,1,0,0
4541,L02268,L,300.6,311.6,1539,31.4,249,1,1,0,0,0,0
4542,M01377,M,298.7,309.5,1430,16.1,66,1,0,0,1,0,0
4543,L02269,L,298.7,307.4,1527,42.6,154,0,0,0,0,0,0
4544,L02270,L,297.1,306.9,1423,55.7,17,0,0,0,0,0,0
4545,L02271,L,298.3,310.4,1781,34.3,34,0,0,0,0,0,0
4546,H00898,H,303.9,313.4,1666,32.1,124,0,0,0,0,0,0
4547,L02272,L,298.4,307.7,1506,57.8,43,1,0,0,1,0,0
4548,M01378,M,297.6,307.8,1504,46.3,97,0,0,0,0,0,0
4549,M01379,M,300.6,310.1,1554,63.8,221,1,0,0,1,1,0
4550,M01380,M,299.8,309.0,1537,41.6,135,0,0,0,0,0,0
4551,H00899,H,299.6,309.1,1366,42.3,126,0,0,0,0,0,0
4552,L02273,L,302.8,314.2,1197,54.4,84,0,0,0,0,0,0
4553,L02274,L,301.1,311.0,1395,38.5,173,0,0,0,0,0,0
4554,H00900,H,298.9,307.6,1514,42.5,210,0,0,0,0,0,0
4555,L02275,L,299.2,307.7,1405,15.8,42,1,0,0,1,0,0
4556,M01381,M,299.0,311.2,1684,57.4,239,1,1,0,1,1,0
4557,M01382,M,301.7,311.5,1496,43.9,45,0,0,0,0,0,0
4558,M01383,M,299.4,309.8,1873,38.9,39,0,0,0,0,0,0
4559,H00901,H,296.4,305.6,1437,49.1,221,0,0,0,0,0,0
4560,H00902,H,299.9,310.2,1563,28.2,55,0,0,0,0,0,0
4561,M01384,M,296.9,308.4,1486,34.5,154,0,0,0,0,0,0
4562,L02276,L,304.4,313.7,1616,45.5,147,0,0,0,0,0,0
4563,H00903,H,298.1,308.6,1728,40.4,205,0,0,0,0,0,0
4564,L02277,L,299.7,308.3,1646,44.5,56,0,0,0,0,0,0
4565,L02278,L,300.5,312.5,1174,42.5,11,0,0,0,0,0,0
4566,H00904,H,299.4,309.7,1627,46.3,240,0,0,0,0,0,0
4567,L02279,L,299.4,309.0,1357,26.8,22,0,0,0,0,0,0
4568,L02280,L,300.8,310.5,1482,52.8,11,0,0,0,0,0,0
4569,L02281,L,303.1,312.6,1661,35.2,116,0,0,0,0,0,0
4570,H00905,H,301.5,311.0,1337,40.6,107,0,0,0,0,0,0
4571,M01385,M,303.0,310.6,1744,34.0,171,0,0,0,0,0,0
4572,M01386,M,297.9,307.8,1474,37.1,38,0,0,0,0,0,0
4573,L02282,L,300.6,310.5,1926,42.3,41,0,0,0,0,0,0
4574,M01387,M,300.3,310.8,1550,47.4,221,0,0,0,0,0,0
4575,M01388,M,300.7,310.2,1843,49.0,47,1,0,0,1,0,0
4576,L02283,L,302.8,312.0,1752,44.3,90,0,0,0,0,0,0
4577,L02284,L,299.6,309.6,1428,34.0,87,0,0,0,0,0,0
4578,L02285,L,299.2,307.6,1304,43.7,66,1,0,1,0,0,0
4579,H00906,H,301.1,311.2,1558,42.4,221,0,0,0,0,0,0
4580,M01389,M,296.4,304.5,1433,40.6,34,0,0,0,0,0,0
4581,H00907,H,299.5,310.6,1820,45.3,96,0,0,0,0,0,0
4582,L02286,L,299.7,310.4,1493,27.2,36,0,0,0,0,0,0
4583,M01390,M,298.2,307.3,1484,19.7,167,1,0,0,1,0,0
4584,M01391,M,302.1,312.8,1288,51.9,240,1,1,0,0,1,0
4585,M01392,M,297.9,308.0,1613,38.7,15,0,0,0,0,0,0
4586,H00908,H,299.7,308.7,1327,44.2,175,0,0,0,0,0,0
4587,L02287,L,300.6,308.6,1617,31.3,17,0,0,0,0,0,0
4588,L02288,L,302.7,313.0,1641,52.6,145,1,0,0,1,0,0
4589,M01393,M,300.0,309.2,1403,43.5,141,0,0,0,0,0,0
4590,M01394,M,301.9,313.0,1709,38.2,223,1,1,0,0,0,0
4591,M01395,M,301.4,311.4,1488,42.9,126,0,0,0,0,0,0
4592,L02289,L,300.2,309.5,1274,22.6,75,1,0,0,1,0,0
4593,M01396,M,297.8,309.6,1814,43.7,41,0,0,0,0,0,0
4594,L02290,L,297.1,307.7,1372,54.9,1,0,0,0,0,0,0
4595,L02291,L,300.2,306.5,1628,43.2,52,0,0,0,0,0,0
4596,M01397,M,298.9,308.4,1614,41.9,217,0,0,0,0,0,0
4597,M01398,M,301.8,310.4,1607,36.8,214,0,0,0,0,0,0
4598,L02292,L,301.5,310.7,1604,50.8,59,0,0,0,0,0,0
4599,L02293,L,299.6,309.5,1364,52.3,34,0,0,0,0,0,0
4600,L02294,L,297.7,308.1,1840,35.7,191,0,0,0,0,0,0
4601,L02295,L,301.0,311.3,1709,43.6,160,0,0,0,0,0,0
4602,M01399,M,298.0,309.1,1623,42.3,40,0,0,0,0,0,0
4603,H00909,H,298.5,309.1,1299,44.0,190,0,0,0,0,0,0
4604,L02296,L,298.0,308.6,1362,32.3,88,0,0,0,0,0,0
4605,M01400,M,299.7,309.9,1655,51.4,3,0,0,0,0,0,0
4606,H00910,H,302.3,313.6,1179,45.7,20,0,0,0,0,0,0
4607,H00911,H,300.0,309.7,1598,52.0,111,0,0,0,0,0,0
4608,L02297,L,299.1,308.8,1299,28.8,131,0,0,0,0,0,0
4609,H00912,H,296.9,305.0,1382,29.4,94,0,0,0,0,0,0
4610,L02298,L,301.1,312.2,1285,60.6,55,0,0,0,0,0,0
4611,L02299,L,298.4,308.3,1582,51.5,240,1,0,0,0,1,0
4612,L02300,L,300.2,313.1,1737,31.8,206,0,0,0,0,0,0
4613,L02301,L,299.3,308.9,1600,48.7,3,0,0,0,0,0,0
4614,L02302,L,301.7,311.8,1619,35.3,131,0,0,0,0,0,0
4615,L02303,L,299.7,310.2,1568,23.0,235,0,0,0,0,0,0
4616,L02304,L,299.9,308.8,1660,19.0,2,1,0,0,1,0,0
4617,H00913,H,301.0,311.4,1621,39.8,243,0,0,0,0,0,0
4618,H00914,H,304.2,314.2,1168,55.6,54,0,0,0,0,0,0
4619,L02305,L,301.8,311.5,1700,55.2,196,1,0,0,1,0,0
4620,H00915,H,299.8,311.0,1681,52.6,82,1,0,0,1,0,0
4621,H00916,H,300.0,309.1,1473,48.3,101,0,0,0,0,0,0
4622,M01401,M,299.0,309.3,1184,43.2,31,0,0,0,0,0,0
4623,L02306,L,298.1,309.6,1581,51.5,123,0,0,0,0,0,0
4624,M01402,M,298.9,308.2,1596,19.9,57,1,0,0,1,0,0
4625,H00917,H,298.5,308.2,1459,49.9,200,0,0,0,0,0,0
4626,M01403,M,301.3,313.6,1571,28.8,194,0,0,0,0,0,0
4627,L02307,L,297.9,308.4,1729,30.9,161,0,0,0,0,0,0
4628,M01404,M,302.7,312.2,1967,47.0,190,1,0,0,1,0,0
4629,M01405,M,301.5,312.3,1564,49.3,216,0,0,0,0,0,0
4630,M01406,M,300.0,309.4,1597,33.9,244,0,0,0,0,0,0
4631,L02308,L,300.0,308.4,1390,46.5,9,0,0,0,0,0,0
4632,L02309,L,298.9,310.3,1448,45.6,31,0,0,0,0,0,0
4633,H00918,H,300.5,309.4,1513,36.9,4,0,0,0,0,0,0
4634,H00919,H,302.2,314.7,1748,41.5,156,0,0,0,0,0,0
4635,L02310,L,298.6,308.1,1684,60.8,134,1,0,0,1,0,0
4636,H00920,H,296.9,309.0,1883,37.2,142,0,0,0,0,0,0
4637,L02311,L,301.4,310.0,1271,37.5,1,0,0,0,0,0,0
4638,M01407,M,300.6,311.6,1301,41.5,9,0,0,0,0,0,0
4639,M01408,M,297.8,308.3,1735,38.2,138,0,0,0,0,0,0
4640,H00921,H,298.5,309.3,1797,47.9,52,1,0,0,1,0,0
4641,H00922,H,298.3,309.3,1543,54.7,55,0,0,0,0,0,0
4642,L02312,L,298.6,308.1,1168,37.5,39,0,0,0,0,0,0
4643,H00923,H,299.4,308.1,1404,31.4,185,0,0,0,0,0,0
4644,L02313,L,299.5,309.4,1598,59.7,246,1,0,0,1,1,0
4645,M01409,M,298.7,308.9,1377,41.2,212,0,0,0,0,0,0
4646,M01410,M,298.5,308.0,1571,23.0,75,0,0,0,0,0,0
4647,M01411,M,299.5,309.8,1877,58.6,195,1,0,0,1,0,0
4648,L02314,L,300.3,310.6,1793,51.3,91,1,0,0,1,0,0
4649,H00924,H,299.4,308.5,1682,56.0,220,1,0,0,1,0,0
4650,L02315,L,302.3,312.7,1526,54.3,204,1,0,0,0,1,0
4651,L02316,L,301.0,310.7,1449,66.4,113,1,0,0,1,0,0
4652,M01412,M,296.8,306.1,1673,29.6,81,0,0,0,0,0,0
4653,L02317,L,301.0,311.8,1542,32.0,154,0,0,0,0,0,0
4654,H00925,H,301.2,310.4,1548,35.1,130,0,0,0,0,0,0
4655,L02318,L,299.1,308.6,1260,34.8,226,0,0,0,0,0,0
4656,L02319,L,297.0,307.1,1410,41.2,166,0,0,0,0,0,0
4657,H00926,H,300.0,311.4,1672,35.1,21,0,0,0,0,0,0
4658,M01413,M,300.0,310.2,1340,28.1,208,0,0,0,0,0,0
4659,L02320,L,297.8,308.3,1585,31.3,219,1,1,0,0,0,0
4660,M01414,M,297.1,306.8,1611,37.1,188,0,0,0,0,0,0
4661,M01415,M,299.8,309.7,1622,51.4,165,0,0,0,0,0,0
4662,M01416,M,299.5,309.5,1638,34.2,15,0,0,0,0,0,0
4663,L02321,L,299.2,309.5,1650,48.1,123,0,0,0,0,0,0
4664,H00927,H,299.8,309.5,1426,26.8,68,0,0,0,0,0,0
4665,H00928,H,297.8,309.1,1275,8.0,127,1,0,0,1,0,0
4666,M01417,M,299.1,308.7,1381,38.7,85,0,0,0,0,0,0
4667,L02322,L,301.1,309.4,1668,33.9,247,0,0,0,0,0,0
4668,H00929,H,299.3,312.0,1323,31.2,16,0,0,0,0,0,0
4669,M01418,M,296.7,306.4,1351,30.0,188,0,0,0,0,0,0
4670,M01419,M,299.1,310.4,1350,32.9,74,0,0,0,0,0,0
4671,L02323,L,297.9,309.3,1207,30.1,213,0,0,0,0,0,0
4672,H00930,H,300.5,311.4,1332,31.0,171,0,0,0,0,0,0
4673,M01420,M,300.6,310.4,1717,26.4,43,0,0,0,0,0,0
4674,L02324,L,296.7,307.0,1409,18.7,227,1,0,0,1,0,0
4675,L02325,L,301.5,310.2,1224,17.9,40,1,0,0,1,0,0
4676,H00931,H,297.8,309.8,1446,64.6,237,1,1,0,1,1,0
4677,L02326,L,303.1,312.2,1629,39.4,235,0,0,0,0,0,0
4678,H00932,H,299.9,309.6,1210,55.2,233,0,0,0,0,0,0
4679,M01421,M,297.5,307.6,1708,38.2,103,0,0,0,0,0,0
4680,M01422,M,297.7,307.6,1280,38.6,182,0,0,0,0,0,0
4681,L02327,L,300.7,310.0,1467,43.1,2,0,0,0,0,0,0
4682,L02328,L,299.2,310.6,1464,46.4,90,0,0,0,0,0,0
4683,H00933,H,299.8,310.8,1437,27.5,108,0,0,0,0,0,0
4684,L02329,L,303.2,313.5,1526,36.2,239,0,0,0,0,0,0
4685,M01423,M,298.6,308.2,1677,43.0,248,0,0,0,0,0,0
4686,L02330,L,300.1,311.2,1530,20.7,12,1,0,0,1,0,0
4687,L02331,L,302.8,312.3,1429,53.0,204,0,0,0,0,0,0
4688,L02332,L,300.5,312.1,1619,50.6,178,0,0,0,0,0,0
4689,M01424,M,296.8,306.9,1575,19.0,181,1,0,0,1,0,0
4690,H00934,H,301.0,312.2,1418,31.2,221,0,0,0,0,0,0
4691,L02333,L,297.7,307.6,1545,41.0,145,0,0,0,0,0,0
4692,L02334,L,302.8,312.9,1403,48.4,39,0,0,0,0,0,0
4693,L02335,L,298.4,309.6,1383,55.3,96,0,0,0,0,0,0
4694,M01425,M,305.9,318.1,1682,33.6,208,0,0,0,0,0,0
4695,L02336,L,302.9,314.5,1618,63.4,119,1,0,0,1,0,0
4696,H00935,H,298.4,309.3,1675,39.5,232,0,0,0,0,0,0
4697,M01426,M,300.0,310.6,1651,37.8,137,0,0,0,0,0,0
4698,M01427,M,301.5,311.0,1379,45.6,168,0,0,0,0,0,0
4699,L02337,L,301.6,311.9,1717,43.1,43,0,0,0,0,0,0
4700,H00936,H,300.9,310.0,1484,42.5,215,0,0,0,0,0,0
4701,L02338,L,302.5,312.9,1704,60.0,233,1,0,0,1,1,0
4702,L02339,L,299.8,310.2,1515,42.5,92,0,0,0,0,0,0
4703,M01428,M,299.3,307.3,1594,30.2,135,0,0,0,0,0,0
4704,M01429,M,299.3,309.3,1599,31.6,163,0,0,0,0,0,0
4705,L02340,L,301.7,312.1,1683,54.7,183,1,0,0,1,0,0
4706,L02341,L,300.7,310.6,1245,46.8,141,0,0,0,0,0,0
4707,M01430,M,300.6,311.0,1255,24.4,28,1,0,0,1,0,0
4708,L02342,L,301.6,310.3,1658,23.9,134,0,0,0,0,0,0
4709,H00937,H,295.9,305.1,1601,40.3,216,0,0,0,0,0,0
4710,M01431,M,300.6,311.6,1399,46.2,169,0,0,0,0,0,0
4711,L02343,L,300.4,310.4,1603,33.2,29,0,0,0,0,0,0
4712,L02344,L,303.3,313.6,1285,23.2,247,1,0,0,1,0,0
4713,L02345,L,296.9,306.4,2122,28.7,219,1,1,0,0,0,0
4714,M01432,M,303.1,313.1,1772,56.5,201,1,0,0,1,0,0
4715,M01433,M,300.2,307.9,1649,45.0,238,0,0,0,0,0,0
4716,L02346,L,301.0,311.8,1551,50.0,46,0,0,0,0,0,0
4717,M01434,M,303.4,315.2,1427,51.6,161,0,0,0,0,0,0
4718,H00938,H,301.1,310.0,1303,33.7,119,0,0,0,0,0,0
4719,L02347,L,300.8,309.9,1517,36.3,189,0,0,0,0,0,0
4720,H00939,H,300.5,310.9,1384,38.3,143,0,0,0,0,0,0
4721,L02348,L,299.0,310.5,1394,44.2,247,0,0,0,0,0,0
4722,L02349,L,299.9,309.9,1284,50.9,73,0,0,0,0,0,0
4723,L02350,L,298.6,307.4,1582,58.7,28,1,0,0,1,0,0
4724,L02351,L,299.9,309.7,1470,48.1,249,1,0,0,0,1,0
4725,L02352,L,295.3,304.3,1633,48.2,120,0,0,0,0,0,0
4726,L02353,L,300.9,310.2,1619,59.3,14,1,0,0,1,0,0
4727,H00940,H,299.8,309.5,1579,37.9,219,0,0,0,0,0,0
4728,H00941,H,299.3,308.4,2014,51.9,50,1,0,0,1,0,0
4729,M01435,M,300.4,309.6,1685,45.8,55,0,0,0,0,0,0
4730,L02354,L,297.1,307.2,1312,46.1,215,0,0,0,0,0,0
4731,L02355,L,303.9,314.1,1620,37.9,169,0,0,0,0,0,0
4732,L02356,L,299.8,308.4,1528,26.1,147,0,0,0,0,0,0
4733,M01436,M,299.7,310.1,1297,43.4,174,0,0,0,0,0,0
4734,H00942,H,298.1,307.7,1283,43.5,63,0,0,0,0,0,0
4735,L02357,L,300.0,310.7,1619,34.2,116,0,0,0,0,0,0
4736,L02358,L,302.8,313.6,1662,39.0,92,0,0,0,0,0,0
4737,M01437,M,302.1,311.6,1350,31.2,1,0,0,0,0,0,0
4738,L02359,L,301.7,312.3,1711,31.3,109,0,0,0,0,0,0
4739,L02360,L,301.1,310.3,1588,35.2,31,0,0,0,0,0,0
4740,M01438,M,299.3,310.6,1752,26.7,110,0,0,0,0,0,0
4741,M01439,M,297.1,306.3,1733,34.2,53,0,0,0,0,0,0
4742,L02361,L,299.6,310.0,1509,47.1,41,0,0,0,0,0,0
4743,L02362,L,299.5,309.3,1830,54.6,157,1,0,0,1,0,0
4744,H00943,H,302.1,311.1,1336,60.8,8,0,0,0,0,0,0
4745,L02363,L,300.6,311.5,1965,36.0,18,0,0,0,0,0,0
4746,L02364,L,303.2,312.6,1380,52.0,133,0,0,0,0,0,0
4747,L02365,L,302.4,310.7,1529,43.4,199,0,0,0,0,0,0
4748,L02366,L,299.1,306.2,1436,37.6,97,0,0,0,0,0,0
4749,L02367,L,296.4,305.5,1470,44.0,185,0,0,0,0,0,0
4750,H00944,H,302.8,314.2,2061,51.0,0,1,0,0,1,0,0
4751,L02368,L,302.7,314.0,1455,35.0,140,0,0,0,0,0,0
4752,L02369,L,297.3,306.6,1690,34.8,5,0,0,0,0,0,0
4753,M01440,M,303.0,312.6,1495,35.9,98,0,0,0,0,0,0
4754,M01441,M,300.8,310.3,1705,33.7,156,0,0,0,0,0,0
4755,H00945,H,300.3,309.0,1440,52.0,193,0,0,0,0,0,0
4756,H00946,H,303.2,312.3,1583,32.4,73,0,0,0,0,0,0
4757,L02370,L,302.7,313.7,1650,34.1,30,0,0,0,0,0,0
4758,M01442,M,301.3,311.8,1408,43.1,71,0,0,0,0,0,0
4759,L02371,L,300.9,311.2,2031,42.3,168,0,0,0,0,0,0
4760,H00947,H,301.2,309.9,1659,35.9,127,0,0,0,0,0,0
4761,L02372,L,299.2,309.3,1497,56.8,38,0,0,0,0,0,0
4762,H00948,H,299.9,307.6,1413,33.7,56,0,0,0,0,0,0
4763,M01443,M,298.2,309.0,1554,38.3,124,0,0,0,0,0,0
4764,L02373,L,299.3,309.6,1320,20.7,155,1,0,0,1,0,0
4765,M01444,M,299.3,308.0,1857,37.0,30,0,0,0,0,0,0
4766,H00949,H,298.7,310.3,1615,26.8,12,0,0,0,0,0,0
4767,H00950,H,300.3,308.5,1522,30.8,70,0,0,0,0,0,0
4768,L02374,L,299.4,309.9,1725,20.4,50,0,0,0,0,0,0
4769,M01445,M,301.0,311.6,1408,31.1,64,0,0,0,0,0,0
4770,L02375,L,296.8,305.6,1331,39.2,44,0,0,0,0,0,0
4771,L02376,L,299.8,309.8,1514,37.6,112,0,0,0,0,0,0
4772,L02377,L,300.3,308.7,1560,35.9,235,0,0,0,0,0,0
4773,L02378,L,299.4,306.6,1632,36.8,52,0,0,0,0,0,0
4774,H00951,H,299.7,308.6,1273,35.0,184,0,0,0,0,0,0
4775,L02379,L,296.8,306.2,1456,39.7,25,0,0,0,0,0,0
4776,H00952,H,300.7,311.3,1168,38.9,109,0,0,0,0,0,0
4777,L02380,L,301.3,311.4,1326,42.7,143,0,0,0,0,0,0
4778,L02381,L,301.0,311.1,1666,38.0,11,0,0,0,0,0,0
4779,L02382,L,302.1,311.1,1710,35.7,245,0,0,0,0,0,0
4780,L02383,L,300.4,309.9,1333,47.8,15,0,0,0,0,0,0
4781,L02384,L,301.0,310.1,1479,46.0,225,0,0,0,0,0,0
4782,L02385,L,300.3,309.1,1542,39.7,181,0,0,0,0,0,0
4783,M01446,M,301.4,310.8,1730,52.0,90,1,0,0,1,0,0
4784,L02386,L,296.8,306.9,1811,40.8,51,0,0,0,0,0,0
4785,L02387,L,298.2,307.6,1565,38.4,216,0,0,0,0,0,0
4786,L02388,L,303.2,312.9,1491,39.3,249,0,0,0,0,0,0
4787,H00953,H,295.1,305.8,1279,41.7,82,0,0,0,0,0,0
4788,H00954,H,299.7,309.2,1557,30.8,198,0,0,0,0,0,0
4789,L02389,L,302.3,311.0,1909,21.3,249,0,0,0,0,0,0
4790,L02390,L,299.8,310.4,1768,42.8,75,0,0,0,0,0,0
4791,L02391,L,299.2,309.5,1569,48.3,109,0,0,0,0,0,0
4792,H00955,H,300.3,310.6,1592,30.0,151,0,0,0,0,0,0
4793,L02392,L,299.3,309.9,1414,50.7,113,0,0,0,0,0,0
4794,L02393,L,300.1,310.6,1474,23.5,57,0,0,0,0,0,0
4795,L02394,L,298.6,308.6,1564,34.4,166,0,0,0,0,0,0
4796,L02395,L,302.2,314.6,1564,57.1,196,1,0,0,1,1,0
4797,L02396,L,302.8,311.5,1718,43.6,0,0,0,0,0,0,0
4798,M01447,M,299.7,309.1,1710,37.0,198,0,0,0,0,0,0
4799,L02397,L,297.2,308.2,1631,42.5,239,0,0,0,0,0,0
4800,M01448,M,299.0,309.1,1359,52.0,89,0,0,0,0,0,0
4801,L02398,L,299.6,310.4,1365,25.5,87,0,0,0,0,0,0
4802,L02399,L,301.0,311.2,1379,53.2,188,0,0,0,0,0,0
4803,H00956,H,298.0,309.4,1580,35.1,47,0,0,0,0,0,0
4804,L02400,L,298.5,307.5,1175,47.1,61,0,0,0,0,0,0
4805,H00957,H,301.0,312.3,1536,33.9,208,0,0,0,0,0,0
4806,M01449,M,301.9,313.1,1790,56.8,131,1,0,0,1,0,0
4807,L02401,L,298.8,307.6,1657,39.7,207,0,0,0,0,0,0
4808,H00958,H,297.3,307.9,1475,26.7,227,0,0,0,0,0,0
4809,L02402,L,306.6,316.6,1413,44.7,68,0,0,0,0,0,0
4810,H00959,H,301.6,311.0,1682,53.0,68,1,0,0,1,0,0
4811,L02403,L,299.5,307.6,1592,51.9,51,0,0,0,0,0,0
4812,H00960,H,301.7,310.7,1493,40.9,106,0,0,0,0,0,0
4813,L02404,L,299.8,310.5,1432,48.1,45,0,0,0,0,0,0
4814,M01450,M,301.7,312.5,1551,35.8,144,0,0,0,0,0,0
4815,M01451,M,300.3,310.1,1483,45.9,232,1,1,0,0,0,0
4816,H00961,H,300.2,311.0,1678,43.6,84,0,0,0,0,0,0
4817,H00962,H,299.8,310.7,1760,11.0,29,1,0,0,1,0,0
4818,H00963,H,297.1,307.3,1293,30.0,176,0,0,0,0,0,0
4819,H00964,H,303.9,313.2,1318,42.1,178,0,0,0,0,0,0
4820,L02405,L,298.1,308.5,1779,41.6,32,0,0,0,0,0,0
4821,L02406,L,297.3,307.8,1567,39.7,108,0,0,0,0,0,0
4822,L02407,L,299.6,310.3,1335,40.9,214,0,0,0,0,0,0
4823,L02408,L,298.1,309.0,1714,52.1,57,1,0,0,1,0,0
4824,L02409,L,299.9,308.5,1599,43.5,105,0,0,0,0,0,0
4825,M01452,M,301.4,310.9,1932,16.7,92,1,0,0,1,0,0
4826,L02410,L,302.0,310.1,1495,59.5,233,1,0,0,1,1,0
4827,M01453,M,301.6,312.3,1736,20.9,166,0,0,0,0,0,0
4828,L02411,L,299.4,309.2,1278,49.6,229,1,0,0,0,1,0
4829,L02412,L,300.1,310.5,1787,24.4,248,1,1,0,0,0,0
4830,M01454,M,300.8,309.3,1707,54.2,198,1,0,0,1,0,0
4831,M01455,M,296.5,307.9,1825,37.2,36,0,0,0,0,0,0
4832,M01456,M,301.1,309.9,1736,43.8,198,0,0,0,0,0,0
4833,M01457,M,297.1,307.9,1520,20.1,14,1,0,0,1,0,0
4834,L02413,L,304.1,314.2,1328,47.3,188,0,0,0,0,0,0
4835,M01458,M,299.2,309.0,1430,44.2,92,0,0,0,0,0,0
4836,L02414,L,299.6,309.3,1222,46.2,9,0,0,0,0,0,0
4837,L02415,L,298.5,307.9,1373,49.5,19,0,0,0,0,0,0
4838,L02416,L,298.7,310.0,1614,41.8,121,0,0,0,0,0,0
4839,L02417,L,304.5,314.5,1529,37.9,236,1,1,0,0,0,0
4840,L02418,L,301.9,310.6,1497,31.9,136,0,0,0,0,0,0
4841,H00965,H,296.9,306.5,1396,35.6,197,0,0,0,0,0,0
4842,H00966,H,303.0,313.1,1220,52.1,19,0,0,0,0,0,0
4843,L02419,L,302.4,313.3,1570,31.6,63,0,0,0,0,0,0
4844,L02420,L,299.4,308.8,1605,21.6,84,0,0,0,0,0,0
4845,L02421,L,300.6,310.1,1360,30.1,119,0,0,0,0,0,0
4846,L02422,L,300.0,310.0,1442,46.1,134,0,0,0,0,0,0
4847,H00967,H,303.9,314.8,1814,37.0,101,0,0,0,0,0,0
4848,L02423,L,298.4,307.0,1745,46.0,63,0,0,0,0,0,0
4849,M01459,M,300.3,310.8,1272,20.0,47,1,0,0,1,0,0
4850,L02424,L,299.1,308.6,1522,10.2,225,1,0,0,1,0,0
4851,H00968,H,297.1,306.8,1798,42.6,46,0,0,0,0,0,0
4852,L02425,L,304.4,316.4,1499,50.0,191,0,0,0,0,0,0
4853,M01460,M,297.6,307.4,1489,22.9,66,0,0,0,0,0,0
4854,L02426,L,300.4,311.2,1733,45.3,172,0,0,0,0,0,0
4855,M01461,M,296.5,307.2,1714,51.9,16,1,0,0,1,0,0
4856,L02427,L,299.2,308.0,1705,40.0,178,0,0,0,0,0,0
4857,L02428,L,300.8,309.0,1491,49.0,170,0,0,0,0,0,0
4858,H00969,H,298.4,309.2,1656,41.9,193,0,0,0,0,0,0
4859,H00970,H,301.2,310.1,1805,37.4,105,0,0,0,0,0,0
4860,H00971,H,299.5,307.8,1529,48.2,125,0,0,0,0,0,0
4861,M01462,M,302.3,313.3,1465,59.1,203,1,0,0,1,0,0
4862,H00972,H,302.7,311.7,1758,34.4,140,0,0,0,0,0,0
4863,L02429,L,298.8,308.0,1904,39.1,229,1,1,0,0,0,0
4864,L02430,L,300.2,312.2,1916,30.1,227,0,0,0,0,0,0
4865,L02431,L,300.4,308.7,1470,41.6,75,0,0,0,0,0,0
4866,M01463,M,301.2,309.9,1488,38.4,26,0,0,0,0,0,0
4867,L02432,L,300.0,309.5,1353,51.6,89,0,0,0,0,0,0
4868,L02433,L,300.4,310.2,1559,54.2,46,0,0,0,0,0,0
4869,M01464,M,299.5,308.6,1345,47.9,114,0,0,0,0,0,0
4870,H00973,H,300.2,309.0,1443,50.5,39,0,0,0,0,0,0
4871,L02434,L,302.6,314.1,1663,33.0,68,0,0,0,0,0,0
4872,L02435,L,301.3,311.6,1607,30.5,159,0,0,0,0,0,0
4873,L02436,L,301.4,312.0,1213,44.4,99,0,0,0,0,0,0
4874,L02437,L,301.4,311.3,1819,40.2,44,0,0,0,0,0,0
4875,L02438,L,299.7,310.0,1343,60.0,101,0,0,0,0,0,0
4876,M01465,M,300.6,311.5,1365,20.8,243,1,0,0,1,0,0
4877,M01466,M,297.8,306.8,1316,46.2,79,0,0,0,0,0,0
4878,M01467,M,302.5,312.8,1419,46.0,73,0,0,0,0,0,0
4879,L02439,L,294.4,305.1,1377,32.4,249,1,1,0,0,0,0
4880,H00974,H,299.8,311.3,1381,30.3,123,0,0,0,0,0,0
4881,L02440,L,302.3,314.2,1168,36.6,36,0,0,0,0,0,0
4882,L02441,L,297.3,307.4,1561,23.6,142,0,0,0,0,0,0
4883,H00975,H,300.8,311.9,1579,54.6,74,1,0,0,1,0,0
4884,L02442,L,298.6,305.9,1939,67.0,243,1,1,0,1,1,0
4885,L02443,L,299.3,310.9,1625,36.6,8,0,0,0,0,0,0
4886,H00976,H,301.9,311.2,1449,33.6,81,0,0,0,0,0,0
4887,L02444,L,300.4,310.2,1323,26.9,224,0,0,0,0,0,0
4888,M01468,M,295.9,306.3,1520,29.0,54,0,0,0,0,0,0
4889,L02445,L,298.0,307.8,1618,34.1,136,0,0,0,0,0,0
4890,M01469,M,302.0,312.2,1447,52.1,63,0,0,0,0,0,0
4891,L02446,L,300.9,312.5,1548,71.9,40,1,0,0,1,0,0
4892,L02447,L,303.5,313.1,1877,32.8,14,0,0,0,0,0,0
4893,M01470,M,303.4,312.3,1469,31.0,35,0,0,0,0,0,0
4894,L02448,L,299.3,311.1,1200,28.3,163,0,0,0,0,0,0
4895,L02449,L,305.0,315.5,1694,44.5,64,0,0,0,0,0,0
4896,L02450,L,300.0,311.9,1594,43.4,155,0,0,0,0,0,0
4897,L02451,L,298.1,309.0,1232,41.0,32,0,0,0,0,0,0
4898,L02452,L,298.7,307.4,1614,35.6,64,0,0,0,0,0,0
4899,L02453,L,295.5,306.1,1359,53.6,181,0,0,0,0,0,0
4900,H00977,H,303.2,312.2,1616,47.6,122,0,0,0,0,0,0
4901,L02454,L,303.2,313.2,1879,47.2,133,1,0,0,1,0,0
4902,L02455,L,298.0,307.9,1506,43.7,126,0,0,0,0,0,0
4903,L02456,L,299.5,307.9,1731,38.1,74,0,0,0,0,0,0
4904,L02457,L,300.2,309.4,1318,32.8,175,0,0,0,0,0,0
4905,H00978,H,298.1,310.3,1266,45.2,90,0,0,0,0,0,0
4906,L02458,L,296.5,306.7,1899,44.2,196,0,0,0,0,0,0
4907,H00979,H,299.6,309.4,1593,45.7,73,0,0,0,0,0,0
4908,L02459,L,299.4,311.2,1651,24.4,155,0,0,0,0,0,0
4909,M01471,M,299.2,308.8,1744,43.4,15,0,0,0,0,0,0
4910,M01472,M,300.4,310.3,1443,36.9,106,0,0,0,0,0,0
4911,H00980,H,302.9,313.9,1685,31.2,25,0,0,0,0,0,0
4912,M01473,M,299.4,309.0,1658,47.3,177,0,0,0,0,0,0
4913,M01474,M,300.3,309.6,1306,41.8,53,0,0,0,0,0,0
4914,L02460,L,301.5,309.2,1808,63.5,91,1,0,0,1,0,0
4915,L02461,L,301.1,310.2,1771,44.8,205,0,0,0,0,0,0
4916,H00981,H,298.8,307.9,1308,37.0,140,0,0,0,0,0,0
4917,L02462,L,300.2,310.4,1573,38.9,192,0,0,0,0,0,0
4918,L02463,L,301.1,310.5,1496,28.3,34,0,0,0,0,0,0
4919,M01475,M,297.7,309.9,1791,52.3,206,1,1,0,1,0,0
4920,L02464,L,302.5,311.4,1285,43.1,28,0,0,0,0,0,0
4921,H00982,H,302.9,314.3,2182,43.3,158,1,0,0,1,0,0
4922,M01476,M,298.6,308.8,1506,29.4,11,0,0,0,0,0,0
4923,M01477,M,300.4,311.2,1670,47.8,68,0,0,0,0,0,0
4924,H00983,H,301.3,312.0,1786,30.6,239,1,1,0,0,0,0
4925,L02465,L,298.9,306.7,1502,34.5,237,1,1,0,0,0,0
4926,L02466,L,301.0,311.0,1517,41.3,31,0,0,0,0,0,0
4927,L02467,L,300.3,310.0,1447,34.2,9,0,0,0,0,0,0
4928,L02468,L,297.1,306.0,1379,32.1,132,0,0,0,0,0,0
4929,M01478,M,300.9,311.4,1586,39.5,26,0,0,0,0,0,0
4930,H00984,H,297.8,309.5,1513,50.1,166,0,0,0,0,0,0
4931,L02469,L,301.9,309.2,1446,49.0,20,0,0,0,0,0,0
4932,L02470,L,298.7,308.2,1457,47.1,15,0,0,0,0,0,0
4933,H00985,H,299.7,308.5,1641,44.9,28,0,0,0,0,0,0
4934,L02471,L,302.7,312.8,1395,35.2,249,0,0,0,0,0,0
4935,L02472,L,301.0,310.7,1493,51.2,206,1,1,0,0,0,0
4936,L02473,L,297.8,307.2,1698,22.6,101,0,0,0,0,0,0
4937,H00986,H,298.0,308.7,1582,44.3,124,0,0,0,0,0,0
4938,M01479,M,298.8,310.4,1350,48.4,70,0,0,0,0,0,0
4939,M01480,M,300.8,313.5,1533,39.1,209,0,0,0,0,0,0
4940,H00987,H,300.7,310.0,1616,32.8,242,0,0,0,0,0,0
4941,L02474,L,298.3,306.5,1715,39.6,82,0,0,0,0,0,0
4942,L02475,L,297.7,308.3,1402,32.4,208,0,0,0,0,0,0
4943,H00988,H,300.6,312.2,1438,45.1,13,0,0,0,0,0,0
4944,L02476,L,299.6,310.4,1413,49.5,40,0,0,0,0,0,0
4945,M01481,M,304.3,315.9,1422,44.5,111,0,0,0,0,0,0
4946,H00989,H,300.1,309.9,1610,43.9,73,0,0,0,0,0,0
4947,M01482,M,303.6,313.0,1644,47.6,216,0,0,0,0,0,0
4948,M01483,M,297.7,307.8,1726,48.8,168,0,0,0,0,0,0
4949,H00990,H,296.9,306.6,1521,32.2,171,0,0,0,0,0,0
4950,H00991,H,297.8,308.5,1286,24.6,72,1,0,0,1,0,0
4951,L02477,L,302.4,313.4,1657,42.8,15,0,0,0,0,0,0
4952,L02478,L,303.5,314.5,1566,49.2,125,0,0,0,0,0,0
4953,L02479,L,298.4,308.9,1548,24.2,111,0,0,0,0,0,0
4954,M01484,M,299.1,309.3,1308,40.7,23,0,0,0,0,0,0
4955,L02480,L,297.7,308.5,1502,51.3,20,0,0,0,0,0,0
4956,M01485,M,296.4,304.4,1324,38.8,186,1,0,1,0,0,0
4957,L02481,L,301.4,311.6,1624,55.2,248,1,1,0,1,1,0
4958,M01486,M,300.4,310.5,1461,53.3,118,0,0,0,0,0,0
4959,L02482,L,300.0,310.2,1445,38.2,225,0,0,0,0,0,0
4960,M01487,M,297.2,307.1,1262,36.3,166,0,0,0,0,0,0
4961,M01488,M,303.3,313.7,1721,36.5,115,0,0,0,0,0,0
4962,L02483,L,299.0,308.4,1491,41.3,70,0,0,0,0,0,0
4963,L02484,L,301.1,312.2,1553,28.3,134,0,0,0,0,0,0
4964,M01489,M,297.1,307.6,1406,26.4,155,0,0,0,0,0,0
4965,L02485,L,299.6,309.8,1242,17.3,178,1,0,0,1,0,0
4966,L02486,L,300.6,309.9,1442,39.8,162,0,0,0,0,0,0
4967,H00992,H,300.7,311.5,1471,60.4,185,1,0,0,1,0,0
4968,M01490,M,300.3,310.5,1590,20.1,9,1,0,0,1,0,0
4969,H00993,H,301.0,310.2,1474,38.2,165,0,0,0,0,0,0
4970,L02487,L,297.7,307.6,1409,37.9,31,0,0,0,0,0,0
4971,L02488,L,300.4,311.0,1268,38.5,61,0,0,0,0,0,0
4972,H00994,H,300.2,310.8,1546,52.6,97,0,0,0,0,0,0
4973,M01491,M,300.5,311.0,1395,31.1,87,0,0,0,0,0,0
4974,M01492,M,300.1,310.2,1774,20.5,119,0,0,0,0,0,0
4975,L02489,L,297.5,308.5,1564,34.7,115,0,0,0,0,0,0
4976,L02490,L,297.4,308.6,1638,33.3,49,0,0,0,0,0,0
4977,L02491,L,295.6,306.3,1493,17.7,40,1,0,0,1,0,0
4978,L02492,L,301.6,311.0,1574,42.5,46,0,0,0,0,0,0
4979,L02493,L,301.7,310.6,1378,28.1,237,0,0,0,0,0,0
4980,L02494,L,301.7,311.2,1327,39.2,232,1,1,0,0,0,0
4981,H00995,H,300.6,312.6,1540,36.4,1,0,0,0,0,0,0
4982,L02495,L,295.7,306.0,1640,29.3,169,0,0,0,0,0,0
4983,M01493,M,297.9,310.0,1189,48.9,3,0,0,0,0,0,0
4984,H00996,H,300.3,310.2,1448,37.2,0,0,0,0,0,0,0
4985,M01494,M,300.3,310.0,1867,40.5,149,0,0,0,0,0,0
4986,L02496,L,299.6,309.5,1623,45.9,10,0,0,0,0,0,0
4987,M01495,M,300.7,310.6,1813,42.9,111,0,0,0,0,0,0
4988,M01496,M,300.0,309.2,1424,41.5,10,0,0,0,0,0,0
4989,M01497,M,300.2,309.1,1456,31.8,108,0,0,0,0,0,0
4990,M01498,M,298.7,309.2,1711,28.9,13,0,0,0,0,0,0
4991,H00997,H,302.0,313.1,1649,41.6,90,0,0,0,0,0,0
4992,M01499,M,299.1,311.5,1521,30.4,224,0,0,0,0,0,0
4993,L02497,L,297.3,306.9,1312,47.9,219,0,0,0,0,0,0
4994,M01500,M,298.5,308.1,1745,38.7,86,0,0,0,0,0,0
4995,L02498,L,299.3,308.5,1987,46.5,248,1,0,0,1,1,0
4996,H00998,H,302.0,313.1,1256,30.1,72,0,0,0,0,0,0
4997,L02499,L,299.9,310.7,1789,28.6,58,0,0,0,0,0,0
4998,L02500,L,299.6,308.7,1454,56.8,145,0,0,0,0,0,0
4999,H00999,H,297.5,306.6,1478,38.5,60,0,0,0,0,0,0
5000,M01501,M,301.6,312.6,1586,49.1,234,0,0,0,0,0,0
5001,L02501,L,298.7,309.1,1322,25.9,23,0,0,0,0,0,0
5002,L02502,L,299.8,310.6,1531,37.2,26,0,0,0,0,0,0
5003,H01000,H,303.0,312.1,1249,53.0,34,0,0,0,0,0,0
5004,L02503,L,301.0,309.1,1623,24.4,244,0,0,0,0,0,0
5005,H01001,H,296.7,305.8,1937,62.8,195,1,0,0,1,0,0
5006,L02504,L,296.5,307.2,1423,42.0,21,0,0,0,0,0,0
5007,M01502,M,299.9,312.0,1507,31.8,10,0,0,0,0,0,0
5008,H01002,H,297.6,307.2,1516,43.5,123,0,0,0,0,0,0
5009,L02505,L,301.3,313.6,1714,51.1,123,1,0,0,1,0,0
5010,L02506,L,300.1,310.9,1610,31.7,198,0,0,0,0,0,0
5011,L02507,L,300.3,308.9,1702,33.2,104,0,0,0,0,0,0
5012,M01503,M,298.6,308.8,1447,42.5,185,0,0,0,0,0,0
5013,M01504,M,303.5,314.4,1615,44.6,228,1,1,0,0,0,0
5014,M01505,M,305.7,313.3,1168,38.0,97,1,0,1,0,0,0
5015,L02508,L,299.4,310.0,1657,44.0,75,0,0,0,0,0,0
5016,L02509,L,300.7,311.9,1320,48.5,131,0,0,0,0,0,0
5017,L02510,L,300.2,310.6,1479,41.7,236,0,0,0,0,0,0
5018,L02511,L,299.5,309.4,1671,33.1,193,0,0,0,0,0,0
5019,M01506,M,298.3,308.1,1263,39.8,110,0,0,0,0,0,0
5020,H01003,H,297.8,307.6,1733,57.6,64,1,0,0,1,0,0
5021,M01507,M,297.7,306.5,1515,43.3,145,0,0,0,0,0,0
5022,L02512,L,300.8,310.1,1798,52.4,58,1,0,0,1,0,0
5023,H01004,H,299.0,308.6,1376,34.9,22,0,0,0,0,0,0
5024,M01508,M,294.8,304.9,1213,42.6,97,0,0,0,0,0,0
5025,H01005,H,300.9,310.3,1532,47.9,3,0,0,0,0,0,0
5026,M01509,M,299.9,309.0,1643,55.0,180,1,0,0,1,0,0
5027,L02513,L,302.7,313.5,1658,52.3,242,1,0,0,1,1,0
5028,L02514,L,300.7,311.1,1334,28.8,243,0,0,0,0,0,0
5029,M01510,M,297.0,306.5,1247,51.5,233,1,1,0,0,0,0
5030,L02515,L,295.5,306.0,1482,56.9,108,0,0,0,0,0,0
5031,L02516,L,298.6,308.1,1630,34.3,210,0,0,0,0,0,0
5032,M01511,M,298.7,308.8,1621,31.1,39,0,0,0,0,0,0
5033,M01512,M,301.9,312.9,1819,39.8,105,0,0,0,0,0,0
5034,M01513,M,300.0,309.4,1471,41.8,167,0,0,0,0,0,0
5035,L02517,L,302.3,311.1,1207,36.5,178,0,0,0,0,0,0
5036,L02518,L,297.4,307.3,1752,28.1,232,0,0,0,0,0,0
5037,M01514,M,301.9,310.5,1572,54.7,136,1,0,0,1,0,0
5038,H01006,H,301.4,311.1,1588,31.4,150,0,0,0,0,0,0
5039,M01515,M,296.0,305.7,1675,34.9,140,0,0,0,0,0,0
5040,H01007,H,302.6,310.1,1764,41.1,0,0,0,0,0,0,0
5041,M01516,M,300.2,310.7,1533,25.3,75,0,0,0,0,0,0
5042,M01517,M,300.8,310.6,1748,24.5,137,0,0,0,0,0,0
5043,L02519,L,298.3,309.5,1636,35.7,154,0,0,0,0,0,0
5044,M01518,M,302.6,312.8,1420,48.3,146,0,0,0,0,0,0
5045,M01519,M,297.6,308.3,1496,41.9,103,0,0,0,0,0,0
5046,M01520,M,301.7,312.9,1648,19.4,223,1,0,0,1,0,0
5047,L02520,L,301.6,311.5,1411,53.9,21,0,0,0,0,0,0
5048,M01521,M,298.1,308.1,1696,48.0,88,0,0,0,0,0,0
5049,L02521,L,304.0,312.4,1566,41.9,10,0,0,0,0,0,0
5050,M01522,M,300.5,311.7,1606,41.6,74,0,0,0,0,0,0
5051,L02522,L,301.3,311.2,1795,46.7,89,0,0,0,0,0,0
5052,H01008,H,296.9,305.9,1601,63.3,15,1,0,0,1,0,0
5053,L02523,L,304.2,314.9,1550,48.8,127,0,0,0,0,0,0
5054,L02524,L,297.6,305.4,1523,43.0,156,0,0,0,0,0,0
5055,L02525,L,302.0,311.6,1513,27.7,157,0,0,0,0,0,0
5056,M01523,M,298.0,308.9,1593,41.6,138,0,0,0,0,0,0
5057,L02526,L,298.8,308.4,1782,47.7,56,0,0,0,0,0,0
5058,L02527,L,301.6,310.9,1428,38.8,64,0,0,0,0,0,0
5059,M01524,M,302.1,311.7,1414,34.8,5,0,0,0,0,0,0
5060,L02528,L,297.5,305.5,1768,45.5,76,0,0,0,0,0,0
5061,H01009,H,302.2,312.9,1436,30.1,90,0,0,0,0,0,0
5062,H01010,H,302.1,312.0,1576,48.7,234,1,1,0,0,0,0
5063,M01525,M,298.1,307.8,1432,35.6,34,0,0,0,0,0,0
5064,L02529,L,303.2,312.9,1237,18.8,127,1,0,0,1,0,0
5065,M01526,M,297.1,307.1,1573,35.5,116,0,0,0,0,0,0
5066,L02530,L,298.8,309.5,1737,39.4,224,0,0,0,0,0,0
5067,L02531,L,301.0,310.9,1526,45.5,58,0,0,0,0,0,0
5068,L02532,L,298.3,306.9,1272,44.4,127,1,0,1,0,0,0
5069,H01011,H,300.5,311.1,1557,27.1,13,0,0,0,0,0,0
5070,L02533,L,300.5,311.0,1402,41.2,170,0,0,0,0,0,0
5071,M01527,M,299.6,309.8,1168,34.7,173,0,0,0,0,0,0
5072,M01528,M,301.7,312.8,1523,36.4,118,0,0,0,0,0,0
5073,L02534,L,299.5,309.5,1630,30.0,149,0,0,0,0,0,0
5074,L02535,L,300.5,311.6,1748,39.5,187,0,0,0,0,0,0
5075,H01012,H,302.3,313.7,1852,71.3,233,1,0,0,1,1,0
5076,M01529,M,301.6,312.2,1654,58.6,84,1,0,0,1,0,0
5077,M01530,M,301.6,310.9,1705,30.0,129,0,0,0,0,0,0
5078,L02536,L,297.7,307.6,1308,40.7,119,0,0,0,0,0,0
5079,L02537,L,301.0,312.2,1828,36.9,68,0,0,0,0,0,0
5080,L02538,L,298.2,306.7,1764,41.4,142,0,0,0,0,0,0
5081,L02539,L,297.4,307.0,1472,49.2,49,0,0,0,0,0,0
5082,L02540,L,299.9,309.6,1660,38.7,239,1,1,0,0,0,0
5083,H01013,H,298.2,307.3,1642,32.9,211,0,0,0,0,0,0
5084,L02541,L,301.6,312.5,1801,51.6,217,1,1,0,1,1,0
5085,L02542,L,301.6,312.0,1510,27.7,183,0,0,0,0,0,0
5086,M01531,M,296.2,305.5,1404,41.9,190,0,0,0,0,0,0
5087,M01532,M,298.3,308.9,1450,25.1,215,1,1,0,0,0,0
5088,L02543,L,297.1,306.9,1698,29.7,162,0,0,0,0,0,0
5089,M01533,M,299.1,308.2,1194,47.4,249,1,1,0,0,0,0
5090,L02544,L,300.9,310.2,1168,33.2,87,0,0,0,0,0,0
5091,L02545,L,299.5,309.9,1698,21.2,25,0,0,0,0,0,0
5092,L02546,L,298.8,309.7,1587,32.8,104,0,0,0,0,0,0
5093,H01014,H,302.6,312.1,1541,31.7,124,0,0,0,0,0,0
5094,L02547,L,295.4,305.9,1304,27.4,241,1,1,0,0,0,0
5095,L02548,L,302.5,314.1,1231,45.5,85,0,0,0,0,0,0
5096,L02549,L,298.9,307.6,1424,24.5,26,0,0,0,0,0,0
5097,H01015,H,299.8,310.2,1602,34.1,18,0,0,0,0,0,0
5098,L02550,L,298.9,309.7,1433,41.3,36,0,0,0,0,0,0
5099,L02551,L,303.1,313.0,1699,36.6,35,0,0,0,0,0,0
5100,L02552,L,297.5,308.7,1367,36.0,220,0,0,0,0,0,0
5101,L02553,L,300.0,312.2,1445,32.8,167,0,0,0,0,0,0
5102,M01534,M,301.1,311.4,1663,27.8,62,0,0,0,0,0,0
5103,M01535,M,296.8,306.6,1470,33.6,38,0,0,0,0,0,0
5104,L02554,L,298.2,309.2,1479,46.6,246,1,0,0,0,1,0
5105,L02555,L,299.7,310.5,1422,35.7,127,0,0,0,0,0,0
5106,L02556,L,298.2,305.7,1389,41.7,106,0,0,0,0,0,0
5107,L02557,L,298.4,308.4,1601,51.2,139,0,0,0,0,0,0
5108,L02558,L,299.3,308.9,1624,46.0,171,0,0,0,0,0,0
5109,M01536,M,301.3,311.7,1578,27.2,79,0,0,0,0,0,0
5110,H01016,H,299.3,309.1,1427,44.5,175,0,0,0,0,0,0
5111,H01017,H,302.2,312.1,1501,50.5,222,0,0,0,0,0,0
5112,H01018,H,298.0,307.1,1823,34.2,78,0,0,0,0,0,0
5113,M01537,M,297.5,308.2,1283,24.1,160,1,0,0,1,0,0
5114,M01538,M,303.9,315.6,1875,35.6,206,0,0,0,0,0,0
5115,L02559,L,298.7,307.9,1555,41.9,31,0,0,0,0,0,0
5116,M01539,M,297.4,306.0,1505,45.9,149,0,0,0,0,0,0
5117,L02560,L,296.5,306.5,1708,34.8,241,0,0,0,0,0,0
5118,L02561,L,302.2,312.2,1168,19.6,119,1,0,0,1,0,0
5119,M01540,M,299.3,310.5,1785,27.2,5,0,0,0,0,0,0
5120,L02562,L,299.5,308.3,1870,43.6,157,0,0,0,0,0,0
5121,L02563,L,299.7,309.2,1732,59.9,104,1,0,0,1,0,0
5122,H01019,H,302.0,309.9,1168,39.8,121,1,0,1,0,0,0
5123,L02564,L,299.6,311.0,1674,53.1,144,1,0,0,1,0,0
5124,L02565,L,304.7,315.0,1832,29.4,247,0,0,0,0,0,0
5125,H01020,H,300.3,309.8,1814,33.5,235,1,1,0,0,0,0
5126,M01541,M,302.1,310.8,1285,16.6,1,1,0,0,1,0,0
5127,M01542,M,301.6,310.4,1719,43.7,79,0,0,0,0,0,0
5128,L02566,L,299.9,310.3,1859,31.1,54,0,0,0,0,0,0
5129,L02567,L,298.8,307.7,1543,46.0,110,0,0,0,0,0,0
5130,H01021,H,300.7,310.8,1277,35.0,11,0,0,0,0,0,0
5131,M01543,M,301.0,313.0,1686,60.2,238,1,0,0,1,1,0
5132,M01544,M,298.9,308.6,1726,57.9,108,1,0,0,1,0,0
5133,L02568,L,300.3,309.3,1513,17.0,139,1,0,0,1,0,0
5134,L02569,L,302.5,312.9,1324,45.9,50,0,0,0,0,0,0
5135,H01022,H,304.1,312.9,1713,32.6,47,0,0,0,0,0,0
5136,L02570,L,301.7,313.4,1400,46.5,166,0,0,0,0,0,0
5137,M01545,M,303.7,315.1,1609,26.6,208,0,0,0,0,0,0
5138,L02571,L,298.7,308.5,1816,54.4,233,1,0,0,1,1,0
5139,M01546,M,301.4,310.5,1241,50.3,104,0,0,0,0,0,0
5140,H01023,H,302.7,312.3,1700,25.9,69,0,0,0,0,0,0
5141,M01547,M,298.2,307.9,1501,38.2,118,0,0,0,0,0,0
5142,L02572,L,299.0,309.4,1505,41.6,104,0,0,0,0,0,0
5143,M01548,M,303.5,314.5,1630,47.2,89,0,0,0,0,0,0
5144,M01549,M,298.0,307.0,1399,39.9,0,0,0,0,0,0,0
5145,L02573,L,297.3,308.3,1327,47.9,143,0,0,0,0,0,0
5146,H01024,H,303.1,313.7,1218,39.3,45,0,0,0,0,0,0
5147,M01550,M,302.4,311.9,1758,46.1,62,0,0,0,0,0,0
5148,H01025,H,300.9,309.8,1471,26.3,231,0,0,0,0,0,0
5149,M01551,M,299.9,310.0,1640,39.7,58,0,0,0,0,0,0
5150,L02574,L,299.1,308.0,1451,51.5,46,0,0,0,0,0,0
5151,L02575,L,300.6,311.6,1330,54.1,15,0,0,0,0,0,0
5152,L02576,L,303.2,312.1,1654,41.7,45,0,0,0,0,0,0
5153,H01026,H,300.5,311.0,1596,39.0,79,0,0,0,0,0,0
5154,M01552,M,304.3,314.2,1495,53.7,166,0,0,0,0,0,0
5155,M01553,M,298.2,307.6,1592,39.0,220,0,0,0,0,0,0
5156,L02577,L,300.0,309.9,1366,51.4,49,0,0,0,0,0,0
5157,L02578,L,299.3,310.4,1727,38.9,48,0,0,0,0,0,0
5158,M01554,M,297.8,306.6,1769,40.4,153,0,0,0,0,0,0
5159,L02579,L,299.7,309.3,1673,29.0,221,0,0,0,0,0,0
5160,L02580,L,300.8,310.0,1471,27.5,160,0,0,0,0,0,0
5161,M01555,M,301.0,311.0,1548,49.8,106,0,0,0,0,0,0
5162,L02581,L,304.3,313.6,1818,57.2,19,1,0,0,1,0,0
5163,L02582,L,300.9,309.1,1767,41.1,228,1,1,0,0,0,0
5164,L02583,L,302.3,311.2,1894,38.3,118,0,0,0,0,0,0
5165,L02584,L,300.1,311.7,1398,50.2,76,0,0,0,0,0,0
5166,H01027,H,303.4,313.6,1382,43.4,71,0,0,0,0,0,0
5167,L02585,L,304.8,315.0,1562,16.0,223,1,0,0,1,0,0
5168,L02586,L,301.1,310.8,1610,49.9,209,0,0,0,0,0,0
5169,L02587,L,298.0,307.9,1512,26.6,236,0,0,0,0,0,0
5170,M01556,M,298.9,308.5,1468,39.9,168,0,0,0,0,0,0
5171,L02588,L,300.6,311.1,1764,35.6,125,0,0,0,0,0,0
5172,M01557,M,300.9,311.0,1521,33.6,10,0,0,0,0,0,0
5173,L02589,L,301.4,310.2,1320,40.5,54,0,0,0,0,0,0
5174,L02590,L,300.9,311.2,1341,48.9,229,1,1,0,0,1,0
5175,L02591,L,300.0,307.5,1582,40.3,234,0,0,0,0,0,0
5176,H01028,H,298.7,309.1,2075,54.1,46,1,0,0,1,0,0
5177,H01029,H,300.8,309.4,1363,55.3,126,1,0,1,0,0,0
5178,L02592,L,303.7,313.6,1481,55.2,77,0,0,0,0,0,0
5179,M01558,M,302.0,310.8,1968,39.4,103,0,0,0,0,0,0
5180,H01030,H,301.1,311.1,1451,35.2,49,0,0,0,0,0,0
5181,L02593,L,302.1,312.7,1619,39.7,96,0,0,0,0,0,0
5182,H01031,H,299.3,310.8,1873,51.3,116,1,0,0,1,0,0
5183,L02594,L,299.0,307.5,1367,50.7,104,1,0,1,0,0,0
5184,H01032,H,298.5,309.5,1482,14.0,22,1,0,0,1,0,0
5185,M01559,M,299.7,309.8,1451,43.1,60,0,0,0,0,0,0
5186,H01033,H,299.2,308.7,1266,16.3,6,1,0,0,1,0,0
5187,M01560,M,302.4,313.2,1818,39.8,14,0,0,0,0,0,0
5188,L02595,L,299.0,308.8,1433,34.7,78,0,0,0,0,0,0
5189,H01034,H,298.4,309.1,1381,31.6,8,0,0,0,0,0,0
5190,L02596,L,303.9,312.9,1458,48.5,212,0,0,0,0,0,0
5191,L02597,L,299.1,308.5,1704,33.5,164,0,0,0,0,0,0
5192,M01561,M,300.3,311.2,1558,39.9,230,0,0,0,0,0,0
5193,M01562,M,300.9,312.4,1396,30.7,58,0,0,0,0,0,0
5194,H01035,H,297.7,307.7,1611,40.7,155,0,0,0,0,0,0
5195,L02598,L,302.5,309.7,1683,49.6,107,0,0,0,0,0,0
5196,M01563,M,301.3,311.1,1533,31.2,133,0,0,0,0,0,0
5197,M01564,M,303.1,313.1,1495,46.4,137,0,0,0,0,0,0
5198,L02599,L,298.6,308.4,1719,40.6,14,0,0,0,0,0,0
5199,L02600,L,300.2,310.5,1505,40.5,117,0,0,0,0,0,0
5200,L02601,L,300.1,309.6,1825,36.5,87,0,0,0,0,0,0
5201,L02602,L,300.5,311.3,1402,47.7,3,0,0,0,0,0,0
5202,H01036,H,297.1,305.9,1398,46.7,238,1,1,0,0,0,0
5203,M01565,M,300.2,311.4,1376,38.7,113,0,0,0,0,0,0
5204,M01566,M,297.1,308.7,1495,42.0,226,0,0,0,0,0,0
5205,H01037,H,300.7,309.8,1538,47.4,57,0,0,0,0,0,0
5206,L02603,L,295.7,304.8,1300,45.4,142,0,0,0,0,0,0
5207,H01038,H,296.3,306.7,1555,36.9,243,1,1,0,0,0,0
5208,L02604,L,301.6,310.4,1639,51.7,164,0,0,0,0,0,0
5209,H01039,H,298.9,308.4,1275,48.6,1,0,0,0,0,0,0
5210,L02605,L,298.0,309.1,1444,61.1,174,1,0,0,1,0,0
5211,H01040,H,302.5,313.2,1639,24.3,103,0,0,0,0,0,0
5212,L02606,L,300.7,312.7,1342,47.0,123,0,0,0,0,0,0
5213,L02607,L,301.7,311.9,1481,51.5,155,0,0,0,0,0,0
5214,M01567,M,299.7,309.1,1732,50.1,68,1,0,0,1,0,0
5215,L02608,L,305.4,315.5,1859,37.5,214,0,0,0,0,0,0
5216,M01568,M,298.8,308.6,1616,26.4,200,0,0,0,0,0,0
5217,L02609,L,303.5,313.4,1507,55.4,70,0,0,0,0,0,0
5218,M01569,M,299.9,309.9,1448,35.2,67,0,0,0,0,0,0
5219,L02610,L,296.7,305.8,1701,37.0,146,0,0,0,0,0,0
5220,L02611,L,301.0,311.3,1740,60.7,7,1,0,0,1,0,0
5221,L02612,L,300.6,309.2,1330,27.3,30,1,0,1,0,0,0
5222,L02613,L,297.9,307.2,1700,48.2,13,0,0,0,0,0,0
5223,L02614,L,298.2,308.1,1429,32.5,28,0,0,0,0,0,0
5224,L02615,L,300.0,307.7,1384,32.2,136,0,0,0,0,0,0
5225,L02616,L,300.7,311.5,1510,41.7,100,0,0,0,0,0,0
5226,L02617,L,295.1,303.0,1715,46.8,69,0,0,0,0,0,0
5227,M01570,M,302.1,312.8,1593,49.5,233,0,0,0,0,0,0
5228,H01041,H,299.0,307.7,1588,50.8,187,0,0,0,0,0,0
5229,L02618,L,297.3,306.9,1601,32.9,91,0,0,0,0,0,0
5230,M01571,M,301.9,312.4,1621,28.6,44,0,0,0,0,0,0
5231,M01572,M,300.0,312.2,1517,36.6,73,0,0,0,0,0,0
5232,L02619,L,302.4,312.5,1651,43.5,53,0,0,0,0,0,0
5233,M01573,M,300.9,308.9,1419,37.9,44,0,0,0,0,0,0
5234,L02620,L,300.0,311.0,1654,3.8,2,1,0,0,1,0,0
5235,M01574,M,299.7,309.5,1691,21.7,75,0,0,0,0,0,0
5236,L02621,L,301.0,311.1,1663,37.6,35,0,0,0,0,0,0
5237,M01575,M,299.2,309.8,1672,48.6,138,0,0,0,0,0,0
5238,M01576,M,298.3,306.1,1621,31.0,200,0,0,0,0,0,0
5239,L02622,L,301.2,311.2,1748,47.3,133,0,0,0,0,0,0
5240,L02623,L,299.7,309.3,1168,25.0,203,1,0,0,1,0,0
5241,H01042,H,300.1,311.3,1690,42.6,237,0,0,0,0,0,0
5242,L02624,L,302.2,312.9,1891,42.6,116,0,0,0,0,0,0
5243,M01577,M,299.8,308.2,1426,44.7,40,0,0,0,0,0,0
5244,H01043,H,300.0,311.3,1406,29.9,71,0,0,0,0,0,0
5245,M01578,M,298.8,309.2,1768,24.5,168,0,0,0,0,0,0
5246,M01579,M,300.9,309.4,1372,47.3,204,1,0,1,0,0,0
5247,M01580,M,300.7,310.8,1418,24.7,189,0,0,0,0,0,0
5248,H01044,H,301.8,312.8,1568,32.3,106,0,0,0,0,0,0
5249,L02625,L,298.8,307.6,1394,53.9,136,0,0,0,0,0,0
5250,L02626,L,299.1,310.5,1694,41.7,83,0,0,0,0,0,0
5251,L02627,L,301.6,310.1,1396,43.7,103,0,0,0,0,0,0
5252,H01045,H,300.5,309.7,1602,46.2,137,0,0,0,0,0,0
5253,M01581,M,298.2,307.3,1588,45.9,40,0,0,0,0,0,0
5254,L02628,L,302.6,314.0,1835,39.8,154,0,0,0,0,0,0
5255,H01046,H,296.6,306.1,1746,31.0,180,0,0,0,0,0,0
5256,L02629,L,301.6,310.4,1443,66.8,3,1,0,0,1,0,0
5257,L02630,L,297.5,307.9,1311,37.1,9,0,0,0,0,0,0
5258,M01582,M,303.8,314.5,1687,43.3,48,0,0,0,0,0,0
5259,L02631,L,296.9,307.6,1421,44.4,146,0,0,0,0,0,0
5260,H01047,H,302.3,312.0,1477,34.7,73,0,0,0,0,0,0
5261,L02632,L,299.8,310.1,1348,35.7,177,0,0,0,0,0,0
5262,H01048,H,299.3,308.6,1659,54.9,47,1,0,0,1,0,0
5263,M01583,M,300.4,312.1,1422,32.6,123,0,0,0,0,0,0
5264,L02633,L,301.3,312.4,1531,44.1,150,0,0,0,0,0,0
5265,H01049,H,298.2,309.3,1534,49.0,99,0,0,0,0,0,0
5266,M01584,M,298.4,309.2,1570,37.9,232,0,0,0,0,0,0
5267,L02634,L,301.3,311.8,1656,39.1,136,0,0,0,0,0,0
5268,L02635,L,296.6,305.4,1494,49.6,193,0,0,0,0,0,0
5269,H01050,H,298.8,309.4,1405,38.6,18,0,0,0,0,0,0
5270,L02636,L,306.1,316.2,1205,19.2,199,1,0,0,1,0,0
5271,L02637,L,298.1,309.4,1556,55.0,217,1,0,0,0,1,0
5272,L02638,L,302.3,313.1,1509,30.2,125,0,0,0,0,0,0
5273,L02639,L,298.8,309.4,1410,42.2,178,0,0,0,0,0,0
5274,M01585,M,301.0,309.3,1549,26.8,227,0,0,0,0,0,0
5275,L02640,L,301.3,311.2,1691,34.9,10,0,0,0,0,0,0
5276,L02641,L,302.3,311.7,1737,35.6,2,0,0,0,0,0,0
5277,L02642,L,299.6,309.9,1263,41.7,188,0,0,0,0,0,0
5278,L02643,L,304.0,313.6,1473,31.2,221,0,0,0,0,0,0
5279,H01051,H,298.8,308.5,1710,59.8,209,1,0,0,1,0,0
5280,L02644,L,300.5,311.0,1823,40.2,144,0,0,0,0,0,0
5281,H01052,H,300.5,310.1,1391,48.8,114,0,0,0,0,0,0
5282,L02645,L,297.8,307.9,1784,39.9,72,0,0,0,0,0,0
5283,L02646,L,299.4,307.9,1296,50.0,29,1,0,1,0,0,0
5284,H01053,H,300.3,309.5,1743,19.0,79,1,0,0,1,0,0
5285,L02647,L,299.1,309.8,1487,33.0,7,0,0,0,0,0,0
5286,M01586,M,304.9,313.7,1817,34.8,168,0,0,0,0,0,0
5287,H01054,H,298.3,309.5,1454,34.7,153,0,0,0,0,0,0
5288,L02648,L,302.4,313.4,1482,45.2,4,0,0,0,0,0,0
5289,L02649,L,301.7,311.4,1514,45.9,68,0,0,0,0,0,0
5290,M01587,M,300.0,313.0,1262,39.3,237,0,0,0,0,0,0
5291,L02650,L,298.3,309.5,1222,39.5,151,0,0,0,0,0,0
5292,L02651,L,298.5,307.6,1629,64.4,77,1,0,0,1,0,0
5293,L02652,L,299.0,309.7,1714,43.2,124,0,0,0,0,0,0
5294,L02653,L,296.4,306.5,1646,17.7,68,1,0,0,1,0,0
5295,M01588,M,298.0,307.2,1313,47.7,163,0,0,0,0,0,0
5296,L02654,L,297.0,305.9,1623,45.6,216,0,0,0,0,0,0
5297,L02655,L,302.7,313.7,1360,51.6,144,0,0,0,0,0,0
5298,M01589,M,301.2,310.6,1610,46.0,197,0,0,0,0,0,0
5299,L02656,L,301.6,311.5,1740,31.0,70,0,0,0,0,0,0
5300,L02657,L,301.2,310.3,1603,48.9,173,0,0,0,0,0,0
5301,M01590,M,300.3,309.6,1800,41.0,78,0,0,0,0,0,0
5302,L02658,L,302.9,312.8,1511,50.5,69,0,0,0,0,0,0
5303,M01591,M,298.8,309.2,1499,55.5,31,0,0,0,0,0,0
5304,H01055,H,300.2,307.6,1550,38.8,59,0,0,0,0,0,0
5305,L02659,L,301.5,311.5,1297,48.8,127,0,0,0,0,0,0
5306,M01592,M,297.4,306.7,1465,50.3,126,0,0,0,0,0,0
5307,L02660,L,306.2,317.6,1481,41.6,169,0,0,0,0,0,0
5308,L02661,L,300.1,313.0,1487,59.6,39,1,0,0,1,0,0
5309,H01056,H,300.3,309.9,1586,50.5,26,0,0,0,0,0,0
5310,H01057,H,302.5,310.8,1273,34.1,103,1,0,1,0,0,0
5311,L02662,L,301.8,311.9,1332,42.6,4,0,0,0,0,0,0
5312,M01593,M,300.1,309.9,1740,48.6,188,0,0,0,0,0,0
5313,H01058,H,300.3,312.3,1178,59.2,126,0,0,0,0,0,0
5314,H01059,H,297.0,308.7,1648,46.2,188,0,0,0,0,0,0
5315,M01594,M,298.9,309.8,1471,42.9,207,0,0,0,0,0,0
5316,L02663,L,301.0,310.4,1566,52.6,51,0,0,0,0,0,0
5317,L02664,L,300.9,311.6,1816,37.8,74,0,0,0,0,0,0
5318,H01060,H,302.4,312.7,1514,30.1,230,1,1,0,0,0,0
5319,L02665,L,299.8,310.0,1649,47.0,88,0,0,0,0,0,0
5320,M01595,M,297.2,305.6,1548,36.2,127,0,0,0,0,0,0
5321,L02666,L,302.1,313.2,1518,67.2,65,1,0,0,1,0,0
5322,L02667,L,302.9,313.0,1496,42.5,219,0,0,0,0,0,0
5323,L02668,L,301.8,311.7,1663,47.1,134,0,0,0,0,0,0
5324,H01061,H,299.7,309.1,1407,33.7,165,0,0,0,0,0,0
5325,L02669,L,302.1,311.3,1335,52.6,178,0,0,0,0,0,0
5326,M01596,M,306.9,317.2,1551,39.7,126,0,0,0,0,0,0
5327,L02670,L,300.2,308.5,1572,38.8,113,0,0,0,0,0,0
5328,L02671,L,297.4,308.2,1211,39.0,0,0,0,0,0,0,0
5329,L02672,L,298.8,307.7,1536,27.1,209,0,0,0,0,0,0
5330,M01597,M,301.3,309.2,1318,37.5,75,1,0,1,0,0,0
5331,L02673,L,296.8,308.6,1650,45.5,244,1,0,0,0,1,0
5332,L02674,L,300.3,309.4,1215,24.5,176,1,0,0,1,0,0
5333,L02675,L,300.8,310.1,1882,50.2,199,1,0,0,1,0,0
5334,L02676,L,303.1,314.2,1477,37.3,19,0,0,0,0,0,0
5335,H01062,H,302.6,314.5,1383,42.4,98,0,0,0,0,0,0
5336,H01063,H,301.7,310.2,1487,17.7,41,1,0,0,1,0,0
5337,L02677,L,295.7,304.7,1637,42.2,143,0,0,0,0,0,0
5338,M01598,M,301.8,310.9,1697,29.6,241,0,0,0,0,0,0
5339,H01064,H,301.4,312.3,1488,36.5,32,0,0,0,0,0,0
5340,L02678,L,300.5,312.1,1280,24.3,231,1,0,0,1,0,0
5341,H01065,H,296.5,305.4,1320,31.2,88,0,0,0,0,0,0
5342,H01066,H,298.4,309.8,1589,38.4,82,0,0,0,0,0,0
5343,L02679,L,297.7,307.0,1714,37.3,226,1,1,0,0,0,0
5344,L02680,L,296.0,306.3,1738,48.8,15,0,0,0,0,0,0
5345,H01067,H,300.0,308.7,1568,21.3,143,1,0,0,1,0,0
5346,M01599,M,298.4,308.3,1711,39.5,175,0,0,0,0,0,0
5347,L02681,L,305.3,315.2,1880,39.0,88,0,0,0,0,0,0
5348,L02682,L,299.7,309.4,1751,35.4,223,0,0,0,0,0,0
5349,L02683,L,302.6,313.0,1703,30.9,54,0,0,0,0,0,0
5350,M01600,M,296.9,305.9,1393,51.0,235,0,0,0,0,0,0
5351,M01601,M,298.9,308.0,1710,60.5,155,1,0,0,1,0,0
5352,H01068,H,300.2,310.6,1620,22.9,200,0,0,0,0,0,0
5353,L02684,L,298.2,309.5,1654,30.8,209,0,0,0,0,0,0
5354,M01602,M,299.2,309.2,1763,30.0,150,0,0,0,0,0,0
5355,M01603,M,299.6,310.1,1602,37.2,29,0,0,0,0,0,0
5356,L02685,L,299.5,310.3,1519,52.6,188,0,0,0,0,0,0
5357,L02686,L,303.7,314.5,1346,45.3,95,0,0,0,0,0,0
5358,H01069,H,300.8,309.8,1484,38.5,87,0,0,0,0,0,0
5359,H01070,H,301.0,310.2,1576,40.2,202,0,0,0,0,0,0
5360,L02687,L,301.1,310.4,1587,36.8,243,1,1,0,0,0,0
5361,M01604,M,301.2,313.1,1581,47.4,124,0,0,0,0,0,0
5362,L02688,L,299.8,310.3,1709,48.6,25,0,0,0,0,0,0
5363,M01605,M,299.4,309.9,1692,45.9,138,0,0,0,0,0,0
5364,M01606,M,300.3,310.7,1526,18.0,19,1,0,0,1,0,0
5365,M01607,M,302.3,311.0,1386,40.1,43,0,0,0,0,0,0
5366,H01071,H,302.3,314.2,1606,38.1,17,0,0,0,0,0,0
5367,M01608,M,299.5,310.0,1940,49.9,161,1,0,0,1,0,0
5368,L02689,L,301.5,312.2,1595,42.4,99,0,0,0,0,0,0
5369,M01609,M,299.6,307.8,1485,45.6,3,0,0,0,0,0,0
5370,L02690,L,300.1,310.9,1633,35.0,212,0,0,0,0,0,0
5371,L02691,L,299.1,308.7,1644,49.4,89,0,0,0,0,0,0
5372,L02692,L,299.6,308.3,1642,52.3,141,0,0,0,0,0,0
5373,L02693,L,302.7,311.7,1783,23.7,89,0,0,0,0,0,0
5374,M01610,M,300.2,308.9,1607,27.0,140,0,0,0,0,0,0
5375,L02694,L,300.3,309.0,1775,47.6,89,0,0,0,0,0,0
5376,M01611,M,297.1,307.2,1579,38.3,40,0,0,0,0,0,0
5377,M01612,M,299.4,309.0,1808,50.3,206,1,0,0,1,0,0
5378,L02695,L,299.5,309.8,1754,42.4,90,0,0,0,0,0,0
5379,H01072,H,298.3,310.0,1703,46.9,184,0,0,0,0,0,0
5380,L02696,L,300.0,309.9,1679,32.5,214,0,0,0,0,0,0
5381,L02697,L,299.1,306.9,1949,43.4,21,0,0,0,0,0,0
5382,M01613,M,300.2,310.0,1730,43.4,137,0,0,0,0,0,0
5383,L02698,L,300.2,311.4,1385,33.1,196,0,0,0,0,0,0
5384,L02699,L,298.1,308.0,1582,50.0,195,0,0,0,0,0,0
5385,M01614,M,299.2,310.7,1490,21.0,49,1,0,0,1,0,0
5386,M01615,M,300.2,310.7,1907,42.1,99,0,0,0,0,0,0
5387,L02700,L,302.4,310.6,1762,27.1,15,0,0,0,0,0,0
5388,H01073,H,300.5,310.6,1901,29.8,223,0,0,0,0,0,0
5389,M01616,M,298.7,309.0,1401,49.9,138,0,0,0,0,0,0
5390,H01074,H,300.8,311.9,1735,29.0,102,0,0,0,0,0,0
5391,L02701,L,303.4,315.2,1293,28.6,224,0,0,0,0,0,0
5392,M01617,M,301.8,312.7,1253,45.8,226,1,1,0,0,0,0
5393,H01075,H,301.1,311.5,1466,28.9,239,0,0,0,0,0,0
5394,M01618,M,301.5,312.2,1808,50.2,195,1,0,0,1,0,0
5395,M01619,M,302.9,312.7,1360,46.4,214,0,0,0,0,0,0
5396,L02702,L,302.2,310.7,1534,32.2,66,0,0,0,0,0,0
5397,L02703,L,301.1,311.1,1750,49.8,19,1,0,0,1,0,0
5398,L02704,L,302.1,312.5,1689,20.6,192,0,0,0,0,0,0
5399,L02705,L,297.8,306.6,1934,44.7,32,1,0,0,1,0,0
5400,H01076,H,297.0,308.3,1538,27.5,137,0,0,0,0,0,0
5401,L02706,L,300.3,311.3,1458,34.8,235,0,0,0,0,0,0
5402,H01077,H,300.1,308.7,1342,35.4,194,1,0,1,0,0,0
5403,H01078,H,298.9,310.3,1472,52.8,54,0,0,0,0,0,0
5404,L02707,L,301.7,311.4,1340,35.0,159,0,0,0,0,0,0
5405,L02708,L,296.3,305.5,1216,39.2,44,0,0,0,0,0,0
5406,H01079,H,298.9,310.0,1889,35.6,186,0,0,0,0,0,0
5407,H01080,H,299.0,308.9,1546,30.2,101,0,0,0,0,0,0
5408,L02709,L,296.7,308.6,2001,29.7,30,0,0,0,0,0,0
5409,L02710,L,303.0,312.1,1387,43.1,212,0,0,0,0,0,0
5410,M01620,M,297.3,305.6,1461,39.7,215,0,0,0,0,0,0
5411,M01621,M,298.8,308.5,1399,47.6,122,0,0,0,0,0,0
5412,L02711,L,301.8,312.6,1423,37.6,87,0,0,0,0,0,0
5413,M01622,M,301.3,310.4,1694,37.9,179,0,0,0,0,0,0
5414,L02712,L,297.8,306.5,1639,47.7,137,0,0,0,0,0,0
5415,L02713,L,301.4,311.6,1694,36.3,5,0,0,0,0,0,0
5416,L02714,L,300.6,309.1,1778,25.6,219,0,0,0,0,0,0
5417,L02715,L,304.7,315.0,1736,48.5,128,0,0,0,0,0,0
5418,L02716,L,300.8,310.5,1357,33.2,249,0,0,0,0,0,0
5419,L02717,L,299.7,310.2,1444,40.7,110,0,0,0,0,0,0
5420,L02718,L,298.3,306.9,1559,33.7,173,0,0,0,0,0,0
5421,L02719,L,298.5,309.8,2205,30.3,107,0,0,0,0,0,0
5422,L02720,L,298.3,308.1,1676,21.0,73,0,0,0,0,0,0
5423,H01081,H,302.7,313.5,1557,43.4,104,0,0,0,0,0,0
5424,L02721,L,300.0,311.0,1658,6.1,157,1,0,0,1,0,0
5425,L02722,L,301.1,309.9,1430,53.0,116,0,0,0,0,0,0
5426,M01623,M,303.0,313.9,1584,50.3,78,0,0,0,0,0,0
5427,H01082,H,295.3,303.9,1708,30.9,205,0,0,0,0,0,0
5428,L02723,L,302.6,311.2,1532,55.9,190,0,0,0,0,0,0
5429,M01624,M,300.1,312.1,1402,60.6,87,0,0,0,0,0,0
5430,M01625,M,300.9,312.0,1524,37.3,62,0,0,0,0,0,0
5431,M01626,M,298.3,310.4,1480,44.1,73,0,0,0,0,0,0
5432,L02724,L,298.5,308.1,1295,41.4,217,0,0,0,0,0,0
5433,M01627,M,301.0,311.1,1435,55.1,128,0,0,0,0,0,0
5434,L02725,L,304.8,315.3,1288,26.1,125,0,0,0,0,0,0
5435,M01628,M,302.0,312.0,1316,37.7,19,0,0,0,0,0,0
5436,M01629,M,302.5,311.8,1333,49.2,28,0,0,0,0,0,0
5437,L02726,L,299.6,308.7,1708,48.1,161,0,0,0,0,0,0
5438,H01083,H,298.8,309.0,1804,39.6,193,0,0,0,0,0,0
5439,L02727,L,298.4,307.3,1263,53.9,193,0,0,0,0,0,0
5440,H01084,H,299.0,307.9,1820,42.3,129,0,0,0,0,0,0
5441,L02728,L,295.9,306.3,1336,41.1,199,0,0,0,0,0,0
5442,L02729,L,298.6,308.5,1671,47.0,53,0,0,0,0,0,0
5443,L02730,L,298.9,309.8,1584,39.4,88,0,0,0,0,0,0
5444,H01085,H,299.6,309.2,1651,40.5,17,0,0,0,0,0,0
5445,L02731,L,300.3,309.7,1329,32.1,236,0,0,0,0,0,0
5446,L02732,L,300.7,311.1,1213,69.3,208,1,0,0,0,1,0
5447,L02733,L,300.0,309.2,1394,35.3,29,0,0,0,0,0,0
5448,M01630,M,298.8,308.1,1614,47.3,7,0,0,0,0,0,0
5449,M01631,M,296.1,305.5,1888,59.1,169,1,0,0,1,0,0
5450,L02734,L,298.8,308.6,1353,26.6,237,0,0,0,0,0,0
5451,L02735,L,298.1,309.9,1520,46.1,156,0,0,0,0,0,0
5452,L02736,L,300.9,309.5,1403,40.2,50,0,0,0,0,0,0
5453,L02737,L,301.8,313.1,1534,57.9,82,1,0,0,1,0,0
5454,L02738,L,301.9,312.6,1192,30.9,119,0,0,0,0,0,0
5455,M01632,M,301.5,313.1,1806,32.5,100,0,0,0,0,0,0
5456,L02739,L,299.7,312.8,1542,39.5,151,0,0,0,0,0,0
5457,L02740,L,299.0,310.4,1702,35.1,209,1,1,0,0,0,0
5458,L02741,L,298.5,309.4,1496,35.4,137,0,0,0,0,0,0
5459,H01086,H,297.0,305.7,1572,60.3,143,1,0,0,1,0,0
5460,H01087,H,302.0,310.8,1740,41.3,120,0,0,0,0,0,0
5461,H01088,H,299.7,310.1,1561,32.2,49,0,0,0,0,0,0
5462,L02742,L,297.5,305.8,1568,36.1,40,0,0,0,0,0,0
5463,L02743,L,298.3,308.9,1395,44.0,233,0,0,0,0,0,0
5464,L02744,L,298.3,306.2,1442,43.4,53,0,0,0,0,0,0
5465,L02745,L,300.1,311.3,1356,34.2,43,0,0,0,0,0,0
5466,M01633,M,302.1,311.8,1405,23.7,59,1,0,0,1,0,0
5467,M01634,M,299.3,309.4,1761,39.5,68,0,0,0,0,0,0
5468,H01089,H,295.5,304.8,1861,39.2,78,0,0,0,0,0,0
5469,H01090,H,299.6,307.7,1314,33.5,22,1,0,1,0,0,0
5470,L02746,L,299.7,310.9,1608,52.8,222,1,0,0,0,1,0
5471,M01635,M,299.6,310.9,1481,45.7,93,0,0,0,0,0,0
5472,L02747,L,298.7,308.3,1788,41.3,70,0,0,0,0,0,0
5473,L02748,L,300.4,311.1,1562,36.4,19,0,0,0,0,0,0
5474,M01636,M,300.1,309.7,1536,57.3,38,1,0,0,1,0,0
5475,L02749,L,300.0,310.3,1404,28.5,2,0,0,0,0,0,0
5476,L02750,L,300.8,311.6,1263,35.0,2,0,0,0,0,0,0
5477,L02751,L,299.1,309.7,1674,35.5,158,0,0,0,0,0,0
5478,M01637,M,299.0,310.3,1601,43.0,6,0,0,0,0,0,0
5479,M01638,M,302.8,313.3,1605,46.6,128,0,0,0,0,0,0
5480,L02752,L,301.1,311.1,1430,26.6,183,0,0,0,0,0,0
5481,H01091,H,301.7,310.9,1511,33.2,154,0,0,0,0,0,0
5482,L02753,L,302.5,312.0,1679,44.5,241,0,0,0,0,0,0
5483,L02754,L,301.1,311.9,1713,33.3,192,0,0,0,0,0,0
5484,M01639,M,301.9,310.4,1327,36.0,69,1,0,1,0,0,0
5485,M01640,M,296.8,307.9,1424,41.7,211,1,1,0,0,0,0
5486,H01092,H,300.4,310.1,1289,30.2,166,0,0,0,0,0,0
5487,L02755,L,299.6,308.8,1574,42.8,107,0,0,0,0,0,0
5488,M01641,M,303.4,312.3,1696,46.1,2,0,0,0,0,0,0
5489,M01642,M,301.9,312.6,1488,40.4,186,0,0,0,0,0,0
5490,H01093,H,298.7,308.7,1419,54.3,1,0,0,0,0,0,0
5491,L02756,L,300.7,312.3,1477,47.3,174,0,0,0,0,0,0
5492,M01643,M,300.3,309.0,1950,39.6,95,0,0,0,0,0,0
5493,M01644,M,300.9,310.3,1751,36.8,19,0,0,0,0,0,0
5494,L02757,L,298.0,307.9,1668,57.5,227,1,0,0,1,1,0
5495,L02758,L,300.7,309.9,1595,33.4,26,0,0,0,0,0,0
5496,L02759,L,299.5,309.5,1535,37.3,83,0,0,0,0,0,0
5497,M01645,M,300.6,310.9,1375,35.9,18,0,0,0,0,0,0
5498,H01094,H,298.6,309.1,1347,44.0,182,0,0,0,0,0,0
5499,M01646,M,298.8,310.3,1436,62.6,62,1,0,0,1,0,0
5500,M01647,M,302.3,311.0,1367,42.5,212,0,0,0,0,0,0
5501,M01648,M,297.9,308.2,1429,36.8,42,0,0,0,0,0,0
5502,L02760,L,298.0,307.4,1519,41.9,211,0,0,0,0,0,0
5503,L02761,L,299.9,310.3,1533,26.9,132,0,0,0,0,0,0
5504,L02762,L,298.5,308.9,1426,38.1,118,0,0,0,0,0,0
5505,L02763,L,298.2,307.2,1626,57.0,147,1,0,0,1,0,0
5506,L02764,L,300.2,309.3,1504,46.6,203,0,0,0,0,0,0
5507,M01649,M,297.0,307.5,1576,52.3,111,0,0,0,0,0,0
5508,L02765,L,298.0,308.0,1404,50.1,188,0,0,0,0,0,0
5509,L02766,L,304.1,313.9,1662,32.9,189,0,0,0,0,0,0
5510,L02767,L,300.9,311.6,1442,59.1,73,0,0,0,0,0,0
5511,L02768,L,298.5,309.2,1825,22.2,244,0,0,0,0,0,0
5512,H01095,H,300.8,310.3,1497,43.3,190,0,0,0,0,0,0
5513,H01096,H,301.1,310.2,1521,19.4,149,1,0,0,1,0,0
5514,M01650,M,302.0,310.7,1644,22.9,37,0,0,0,0,0,0
5515,L02769,L,299.7,309.7,1683,49.4,91,0,0,0,0,0,0
5516,M01651,M,302.0,310.6,1702,33.1,139,0,0,0,0,0,0
5517,H01097,H,295.9,306.0,1855,52.4,102,1,0,0,1,0,0
5518,M01652,M,297.9,309.1,1656,18.3,201,1,0,0,1,0,0
5519,L02770,L,300.3,309.9,1526,39.1,239,0,0,0,0,0,0
5520,M01653,M,300.7,310.2,1443,27.8,60,0,0,0,0,0,0
5521,H01098,H,298.2,310.2,1514,36.7,98,0,0,0,0,0,0
5522,M01654,M,300.5,312.0,1803,55.5,47,1,0,0,1,0,0
5523,M01655,M,298.8,308.0,1289,57.9,235,1,0,0,0,1,0
5524,L02771,L,299.4,309.5,1391,45.1,231,0,0,0,0,0,0
5525,M01656,M,302.0,312.3,1498,24.1,228,0,0,0,0,0,0
5526,L02772,L,301.8,312.0,1389,27.9,144,0,0,0,0,0,0
5527,M01657,M,298.0,309.8,1464,41.6,243,0,0,0,0,0,0
5528,L02773,L,297.9,308.0,1861,31.9,218,0,0,0,0,0,0
5529,L02774,L,299.2,309.4,1484,46.6,51,0,0,0,0,0,0
5530,L02775,L,299.9,310.6,1611,56.8,45,1,0,0,1,0,0
5531,M01658,M,298.7,309.9,1241,30.2,55,0,0,0,0,0,0
5532,L02776,L,302.1,313.0,1340,31.0,28,0,0,0,0,0,0
5533,M01659,M,300.7,311.2,1704,28.2,217,0,0,0,0,0,0
5534,M01660,M,300.8,309.2,1836,37.5,72,0,0,0,0,0,0
5535,L02777,L,297.5,307.0,1577,40.5,178,0,0,0,0,0,0
5536,L02778,L,302.3,313.1,1483,40.2,126,0,0,0,0,0,0
5537,L02779,L,294.4,304.7,1626,49.0,203,0,0,0,0,0,0
5538,H01099,H,301.7,312.5,1168,43.9,234,0,0,0,0,0,0
5539,M01661,M,301.9,313.8,1579,39.4,153,0,0,0,0,0,0
5540,L02780,L,299.1,307.9,1350,40.4,224,0,0,0,0,0,0
5541,L02781,L,302.5,313.6,1680,40.9,223,0,0,0,0,0,0
5542,M01662,M,299.9,309.6,1168,39.4,74,0,0,0,0,0,0
5543,H01100,H,300.1,311.0,1425,33.2,28,0,0,0,0,0,0
5544,H01101,H,300.7,310.7,1530,28.0,186,0,0,0,0,0,0
5545,M01663,M,306.4,318.5,1401,41.4,7,0,0,0,0,0,0
5546,L02782,L,302.7,312.8,1470,35.0,24,0,0,0,0,0,0
5547,L02783,L,301.4,310.8,1699,45.3,211,0,0,0,0,0,0
5548,L02784,L,298.2,308.6,1533,40.7,148,0,0,0,0,0,0
5549,L02785,L,300.3,310.6,1371,40.1,3,0,0,0,0,0,0
5550,L02786,L,298.4,309.5,1706,49.8,35,0,0,0,0,0,0
5551,L02787,L,301.6,312.0,1582,26.0,170,0,0,0,0,0,0
5552,L02788,L,300.3,312.8,1590,57.7,220,1,0,0,1,1,0
5553,H01102,H,297.8,307.7,1378,18.2,82,1,0,0,1,0,0
5554,M01664,M,300.2,310.1,1168,54.5,153,0,0,0,0,0,0
5555,H01103,H,298.3,307.7,1375,42.0,35,0,0,0,0,0,0
5556,M01665,M,300.3,310.4,1357,34.8,216,0,0,0,0,0,0
5557,L02789,L,298.3,308.5,1428,25.3,150,0,0,0,0,0,0
5558,M01666,M,300.1,310.4,1387,34.0,229,1,1,0,0,0,0
5559,L02790,L,301.5,311.6,1558,38.4,219,0,0,0,0,0,0
5560,M01667,M,299.9,309.3,1695,41.9,168,0,0,0,0,0,0
5561,L02791,L,299.2,308.3,1730,54.5,74,1,0,0,1,0,0
5562,H01104,H,300.4,310.0,1687,40.7,92,0,0,0,0,0,0
5563,L02792,L,301.4,312.5,1377,43.2,171,0,0,0,0,0,0
5564,L02793,L,297.8,309.2,1548,43.5,49,0,0,0,0,0,0
5565,H01105,H,300.5,310.4,1818,36.7,211,0,0,0,0,0,0
5566,L02794,L,302.6,311.7,1254,38.1,8,0,0,0,0,0,0
5567,M01668,M,301.1,311.0,1779,38.9,215,1,1,0,0,0,0
5568,M01669,M,300.1,312.2,1359,46.3,174,0,0,0,0,0,0
5569,H01106,H,301.3,312.3,1590,30.9,112,0,0,0,0,0,0
5570,H01107,H,300.9,311.5,1611,34.9,168,0,0,0,0,0,0
5571,H01108,H,301.5,312.5,1571,43.6,12,0,0,0,0,0,0
5572,L02795,L,296.0,307.5,1936,29.2,185,0,0,0,0,0,0
5573,H01109,H,296.9,305.7,1484,41.1,193,0,0,0,0,0,0
5574,M01670,M,302.0,311.6,1244,34.5,80,0,0,0,0,0,0
5575,M01671,M,297.0,306.5,1601,45.1,241,0,0,0,0,0,0
5576,L02796,L,300.8,311.4,1507,53.7,185,0,0,0,0,0,0
5577,M01672,M,299.3,309.5,1637,34.6,218,0,0,0,0,0,0
5578,H01110,H,298.0,308.8,1695,47.6,101,0,0,0,0,0,0
5579,H01111,H,300.7,310.2,1531,42.0,65,0,0,0,0,0,0
5580,L02797,L,300.4,311.8,1616,36.2,160,0,0,0,0,0,0
5581,L02798,L,304.2,314.1,1563,40.1,196,0,0,0,0,0,0
5582,L02799,L,298.8,309.5,1858,53.0,77,1,0,0,1,0,0
5583,H01112,H,302.9,314.1,1471,38.3,26,0,0,0,0,0,0
5584,M01673,M,300.7,311.8,1415,53.1,49,0,0,0,0,0,0
5585,L02800,L,298.7,309.1,1695,38.8,58,0,0,0,0,0,0
5586,L02801,L,301.6,312.4,1371,25.9,99,0,0,0,0,0,0
5587,L02802,L,301.1,312.8,1608,38.5,218,0,0,0,0,0,0
5588,L02803,L,300.1,310.6,1507,25.1,77,0,0,0,0,0,0
5589,H01113,H,300.5,309.8,1519,36.8,206,0,0,0,0,0,0
5590,M01674,M,298.8,309.4,1974,36.4,154,0,0,0,0,0,0
5591,L02804,L,298.3,308.3,1758,58.2,186,1,0,0,1,0,0
5592,M01675,M,301.5,309.2,1720,56.1,183,1,0,0,1,0,0
5593,L02805,L,299.6,310.1,1632,40.9,249,0,0,0,0,0,0
5594,H01114,H,299.8,309.9,1414,52.1,122,0,0,0,0,0,0
5595,L02806,L,300.6,311.8,1584,36.0,245,0,0,0,0,0,0
5596,L02807,L,300.5,309.7,1642,25.7,71,0,0,0,0,0,0
5597,L02808,L,297.1,305.6,1573,45.3,212,0,0,0,0,0,0
5598,M01676,M,302.6,312.8,1554,43.6,161,0,0,0,0,0,0
5599,M01677,M,300.2,310.6,1466,30.6,48,0,0,0,0,0,0
5600,M01678,M,299.6,309.7,1586,31.1,219,0,0,0,0,0,0
5601,L02809,L,300.9,310.9,1443,49.4,215,0,0,0,0,0,0
5602,L02810,L,300.5,309.4,1663,23.2,144,0,0,0,0,0,0
5603,L02811,L,301.5,311.4,1177,45.6,121,0,0,0,0,0,0
5604,M01679,M,301.1,310.8,1781,36.9,248,0,0,0,0,0,0
5605,L02812,L,301.4,312.5,1303,45.6,115,0,0,0,0,0,0
5606,M01680,M,302.7,313.1,1346,49.9,69,0,0,0,0,0,0
5607,H01115,H,301.8,311.5,1611,31.3,165,0,0,0,0,0,0
5608,H01116,H,299.7,311.4,1634,28.6,210,0,0,0,0,0,0
5609,L02813,L,297.8,307.5,1910,54.7,0,1,0,0,1,0,0
5610,L02814,L,303.3,313.9,1591,39.4,165,0,0,0,0,0,0
5611,L02815,L,299.5,309.3,1530,43.3,25,0,0,0,0,0,0
5612,M01681,M,299.1,310.7,1572,49.1,196,0,0,0,0,0,0
5613,H01117,H,296.5,306.6,1822,30.4,195,0,0,0,0,0,0
5614,L02816,L,300.7,310.8,1971,49.0,24,1,0,0,1,0,0
5615,L02817,L,300.3,310.2,1504,46.4,108,0,0,0,0,0,0
5616,H01118,H,297.0,307.2,1635,54.7,115,1,0,0,1,0,0
5617,H01119,H,300.9,312.1,1524,54.5,240,1,0,0,0,1,0
5618,L02818,L,299.0,309.8,1521,40.6,57,0,0,0,0,0,0
5619,M01682,M,305.4,315.4,1874,47.5,172,1,0,0,1,0,0
5620,L02819,L,298.9,310.6,1372,40.4,21,0,0,0,0,0,0
5621,L02820,L,299.1,310.0,1168,41.5,175,0,0,0,0,0,0
5622,H01120,H,298.3,307.9,1594,28.7,12,0,0,0,0,0,0
5623,H01121,H,302.6,311.2,1752,37.8,214,0,0,0,0,0,0
5624,M01683,M,299.3,308.9,1577,22.1,96,0,0,0,0,0,0
5625,L02821,L,298.6,309.0,1627,38.6,152,0,0,0,0,0,0
5626,H01122,H,301.4,312.0,1672,53.2,9,1,0,0,1,0,0
5627,L02822,L,297.2,308.6,1557,47.8,17,0,0,0,0,0,0
5628,L02823,L,301.3,310.2,1637,41.1,54,0,0,0,0,0,0
5629,M01684,M,303.6,313.2,1634,38.0,154,0,0,0,0,0,0
5630,L02824,L,301.1,309.9,1187,34.6,55,0,0,0,0,0,0
5631,M01685,M,301.3,310.0,1558,30.8,55,0,0,0,0,0,0
5632,M01686,M,301.7,311.1,1256,48.2,48,0,0,0,0,0,0
5633,L02825,L,303.4,313.8,1531,24.6,153,0,0,0,0,0,0
5634,L02826,L,302.4,313.2,1449,24.4,112,0,0,0,0,0,0
5635,L02827,L,300.9,310.0,1723,49.0,233,1,0,0,0,1,0
5636,L02828,L,301.8,311.0,1581,42.1,115,0,0,0,0,0,0
5637,M01687,M,298.2,306.4,1622,40.4,1,0,0,0,0,0,0
5638,H01123,H,301.6,311.8,1503,42.1,73,0,0,0,0,0,0
5639,L02829,L,298.0,307.3,1726,60.1,187,1,0,0,1,1,0
5640,L02830,L,299.3,311.0,1252,40.6,83,0,0,0,0,0,0
5641,M01688,M,293.8,304.2,1377,42.9,37,0,0,0,0,0,0
5642,H01124,H,300.8,310.6,1768,60.6,130,1,0,0,1,0,0
5643,L02831,L,298.7,308.1,1460,39.4,201,0,0,0,0,0,0
5644,L02832,L,302.2,310.7,1168,57.3,219,1,0,1,0,1,0
5645,M01689,M,300.8,309.4,1798,18.9,210,0,0,0,0,0,0
5646,L02833,L,302.2,311.6,1730,28.4,122,0,0,0,0,0,0
5647,L02834,L,297.8,307.1,1665,33.3,208,0,0,0,0,0,0
5648,M01690,M,302.1,311.1,1554,45.8,107,0,0,0,0,0,0
5649,M01691,M,304.2,314.6,1835,57.7,52,1,0,0,1,0,0
5650,M01692,M,301.5,312.0,1763,34.1,171,0,0,0,0,0,0
5651,M01693,M,301.6,311.1,1815,49.8,126,1,0,0,1,0,0
5652,M01694,M,300.3,312.2,1662,62.4,22,1,0,0,1,0,0
5653,L02835,L,299.0,307.3,1559,55.6,27,1,0,0,1,0,0
5654,L02836,L,301.5,311.6,1466,36.0,90,0,0,0,0,0,0
5655,L02837,L,297.0,306.8,1310,48.7,159,0,0,0,0,0,0
5656,L02838,L,299.2,308.6,1627,43.4,229,0,0,0,0,0,0
5657,M01695,M,296.5,305.8,1642,33.4,203,0,0,0,0,0,0
5658,H01125,H,298.6,308.6,1475,44.3,19,0,0,0,0,0,0
5659,H01126,H,301.3,311.1,1647,35.3,133,0,0,0,0,0,0
5660,M01696,M,301.0,310.6,1478,41.2,2,0,0,0,0,0,0
5661,L02839,L,300.1,308.8,1693,26.2,2,0,0,0,0,0,0
5662,L02840,L,300.3,308.7,1380,22.4,22,1,0,0,1,0,0
5663,H01127,H,296.2,305.9,1349,37.1,72,0,0,0,0,0,0
5664,M01697,M,299.3,308.9,1494,43.2,32,0,0,0,0,0,0
5665,M01698,M,298.6,308.4,1686,28.7,163,0,0,0,0,0,0
5666,M01699,M,298.7,308.6,1330,45.3,63,0,0,0,0,0,0
5667,M01700,M,301.2,310.7,1725,40.4,139,0,0,0,0,0,0
5668,H01128,H,298.3,308.1,1243,46.5,189,0,0,0,0,0,0
5669,L02841,L,298.8,307.9,1493,49.5,25,0,0,0,0,0,0
5670,M01701,M,295.8,307.3,1285,53.4,36,0,0,0,0,0,0
5671,H01129,H,299.4,308.6,1168,46.0,113,0,0,0,0,0,0
5672,L02842,L,297.8,307.4,1603,37.0,175,0,0,0,0,0,0
5673,M01702,M,300.2,309.5,1506,41.9,73,0,0,0,0,0,0
5674,L02843,L,298.1,307.4,1287,63.3,43,0,0,0,0,0,0
5675,H01130,H,300.2,310.2,1445,49.9,138,0,0,0,0,0,0
5676,L02844,L,299.7,309.6,1617,40.7,210,0,0,0,0,0,0
5677,M01703,M,303.3,312.8,1472,38.5,196,0,0,0,0,0,0
5678,L02845,L,301.0,310.7,1502,34.0,23,0,0,0,0,0,0
5679,M01704,M,296.3,305.6,1466,28.1,226,0,0,0,0,0,0
5680,L02846,L,297.5,307.9,1433,57.1,91,0,0,0,0,0,0
5681,L02847,L,300.1,312.2,1431,44.8,93,0,0,0,0,0,0
5682,L02848,L,298.1,307.2,1426,27.3,18,0,0,0,0,0,0
5683,H01131,H,294.1,304.5,1403,38.7,197,0,0,0,0,0,0
5684,L02849,L,302.7,312.7,1355,52.7,55,0,0,0,0,0,0
5685,L02850,L,301.4,312.1,1470,35.5,48,0,0,0,0,0,0
5686,M01705,M,301.0,311.7,1423,31.9,118,0,0,0,0,0,0
5687,M01706,M,298.8,309.0,1346,43.6,108,0,0,0,0,0,0
5688,H01132,H,300.9,310.9,1675,46.6,230,0,0,0,0,0,0
5689,L02851,L,298.6,308.2,1758,35.5,210,0,0,0,0,0,0
5690,M01707,M,300.4,309.6,1537,34.0,242,0,0,0,0,0,0
5691,L02852,L,298.2,308.1,1549,44.6,56,0,0,0,0,0,0
5692,L02853,L,303.0,311.7,1414,28.8,94,0,0,0,0,0,0
5693,M01708,M,296.9,306.3,1728,34.6,121,0,0,0,0,0,0
5694,M01709,M,302.5,313.6,1849,38.8,235,0,0,0,0,0,0
5695,M01710,M,300.1,310.2,1508,47.4,10,0,0,0,0,0,0
5696,L02854,L,299.0,309.9,1444,35.7,190,0,0,0,0,0,0
5697,L02855,L,300.3,311.8,1599,45.6,80,0,0,0,0,0,0
5698,L02856,L,301.5,311.3,1561,51.7,144,0,0,0,0,0,0
5699,H01133,H,302.7,312.9,1448,34.9,113,0,0,0,0,0,0
5700,L02857,L,300.6,310.3,1622,72.2,14,1,0,0,1,0,0
5701,L02858,L,298.2,307.4,1705,54.2,197,1,0,0,1,0,0
5702,L02859,L,300.1,309.1,1397,42.7,189,0,0,0,0,0,0
5703,M01711,M,303.6,314.4,1993,38.2,159,0,0,0,0,0,0
5704,L02860,L,302.7,312.9,1263,34.4,167,0,0,0,0,0,0
5705,H01134,H,301.8,313.6,1385,56.6,138,0,0,0,0,0,0
5706,L02861,L,301.6,312.6,1579,42.1,121,0,0,0,0,0,0
5707,H01135,H,301.4,310.7,1940,25.6,12,0,0,0,0,0,0
5708,L02862,L,302.3,313.1,1437,22.9,80,1,0,0,1,0,0
5709,M01712,M,299.1,308.8,1347,41.1,27,0,0,0,0,0,0
5710,H01136,H,297.3,308.5,1636,41.3,240,1,1,0,0,0,0
5711,L02863,L,300.1,309.6,1493,30.8,209,0,0,0,0,0,0
5712,H01137,H,298.4,307.3,1657,24.9,155,0,0,0,0,0,0
5713,L02864,L,297.9,307.1,1525,20.4,175,1,0,0,1,0,0
5714,H01138,H,298.6,307.9,1384,32.4,182,0,0,0,0,0,0
5715,M01713,M,305.0,314.2,1958,36.4,15,0,0,0,0,0,0
5716,L02865,L,300.3,309.7,1168,46.9,35,0,0,0,0,0,0
5717,L02866,L,300.7,311.6,1863,38.7,240,1,1,0,0,0,0
5718,L02867,L,297.6,309.4,1705,50.6,167,1,0,0,1,0,0
5719,L02868,L,296.3,305.0,1404,46.1,147,0,0,0,0,0,0
5720,L02869,L,298.4,309.7,1873,45.1,230,0,0,0,0,0,0
5721,L02870,L,302.9,312.4,1292,49.8,90,0,0,0,0,0,0
5722,L02871,L,300.7,311.0,1718,26.1,231,0,0,0,0,0,0
5723,M01714,M,301.2,309.5,1168,34.6,96,1,0,1,0,0,0
5724,L02872,L,301.5,312.0,1332,64.0,1,0,0,0,0,0,0
5725,L02873,L,298.8,306.8,1332,20.9,204,1,0,1,1,0,0
5726,M01715,M,302.8,313.1,1403,37.0,1,0,0,0,0,0,0
5727,L02874,L,298.7,309.0,1540,44.8,127,0,0,0,0,0,0
5728,L02875,L,302.8,313.0,1390,21.2,100,1,0,0,1,0,0
5729,L02876,L,300.9,310.2,1173,32.5,68,0,0,0,0,0,0
5730,H01139,H,296.4,306.9,1620,60.0,69,1,0,0,1,0,0
5731,H01140,H,298.5,308.9,1546,41.7,49,0,0,0,0,0,0
5732,L02877,L,296.4,306.2,1611,34.3,95,0,0,0,0,0,0
5733,M01716,M,302.3,313.0,1568,42.1,175,0,0,0,0,0,0
5734,M01717,M,300.0,309.9,1708,34.2,151,0,0,0,0,0,0
5735,M01718,M,295.5,306.0,1524,57.1,208,1,0,0,1,0,0
5736,M01719,M,300.8,310.7,1719,30.1,136,0,0,0,0,0,0
5737,M01720,M,298.9,309.1,1399,34.8,244,1,1,0,0,0,0
5738,L02878,L,297.0,307.6,1409,25.1,121,0,0,0,0,0,0
5739,L02879,L,303.4,313.0,1784,37.0,167,0,0,0,0,0,0
5740,L02880,L,300.2,309.0,1780,38.3,167,0,0,0,0,0,0
5741,H01141,H,299.4,309.7,1640,52.0,129,0,0,0,0,0,0
5742,M01721,M,299.2,310.4,1378,29.8,72,0,0,0,0,0,0
5743,H01142,H,297.0,307.3,1364,44.8,133,0,0,0,0,0,0
5744,H01143,H,297.4,307.7,1775,40.9,146,0,0,0,0,0,0
5745,L02881,L,302.6,312.6,1765,21.1,96,0,0,0,0,0,0
5746,M01722,M,299.1,309.8,1526,32.7,120,0,0,0,0,0,0
5747,M01723,M,300.0,309.8,1957,32.3,18,0,0,0,0,0,0
5748,H01144,H,295.9,305.4,1620,56.8,160,1,0,0,1,0,0
5749,H01145,H,297.4,308.5,1339,45.5,116,0,0,0,0,0,0
5750,M01724,M,301.2,310.7,1488,41.4,247,1,1,0,0,0,0
5751,L02882,L,300.8,311.7,1538,3.8,236,1,0,0,1,0,0
5752,M01725,M,303.5,314.6,1553,20.9,60,1,0,0,1,0,0
5753,L02883,L,302.7,313.3,1761,47.3,29,0,0,0,0,0,0
5754,M01726,M,299.5,308.3,1366,47.8,230,1,1,0,0,0,0
5755,H01146,H,300.9,310.9,1299,32.6,116,0,0,0,0,0,0
5756,L02884,L,299.4,309.2,1645,40.3,189,0,0,0,0,0,0
5757,M01727,M,304.1,313.6,1447,39.6,140,0,0,0,0,0,0
5758,L02885,L,302.3,312.4,1971,41.7,145,0,0,0,0,0,0
5759,L02886,L,300.3,311.1,1706,36.3,129,0,0,0,0,0,0
5760,L02887,L,300.4,309.9,1443,48.2,2,0,0,0,0,0,0
5761,M01728,M,302.9,312.7,1755,51.1,133,1,0,0,1,0,0
5762,H01147,H,301.2,311.0,1668,30.4,155,0,0,0,0,0,0
5763,H01148,H,303.1,314.3,1651,28.1,76,0,0,0,0,0,0
5764,L02888,L,295.6,305.3,1516,32.0,83,0,0,0,0,0,0
5765,H01149,H,300.9,309.7,1613,40.5,159,0,0,0,0,0,0
5766,M01729,M,299.0,307.4,1168,43.6,126,1,0,1,0,0,0
5767,L02889,L,303.5,313.9,1773,47.9,59,0,0,0,0,0,0
5768,L02890,L,303.1,312.3,1168,49.7,158,0,0,0,0,0,0
5769,L02891,L,300.1,310.8,1458,43.6,60,0,0,0,0,0,0
5770,H01150,H,303.1,311.8,1252,42.3,8,0,0,0,0,0,0
5771,M01730,M,303.6,313.1,1448,56.5,66,0,0,0,0,0,0
5772,M01731,M,300.1,308.8,1524,40.1,181,0,0,0,0,0,0
5773,L02892,L,304.9,315.3,1323,45.9,94,0,0,0,0,0,0
5774,M01732,M,299.9,310.5,1168,43.2,206,0,0,0,0,0,0
5775,L02893,L,299.6,309.9,1575,38.3,67,0,0,0,0,0,0
5776,L02894,L,301.7,310.6,1911,38.3,240,0,0,0,0,0,0
5777,M01733,M,299.3,308.6,1475,53.2,16,0,0,0,0,0,0
5778,L02895,L,300.2,310.4,1709,39.1,236,0,0,0,0,0,0
5779,H01151,H,302.8,311.1,1807,36.5,58,0,0,0,0,0,0
5780,L02896,L,300.0,309.8,1197,32.6,158,0,0,0,0,0,0
5781,M01734,M,296.6,308.1,1456,44.2,220,0,0,0,0,0,0
5782,L02897,L,300.7,310.5,1309,34.9,202,0,0,0,0,0,0
5783,M01735,M,298.6,307.1,1393,43.3,188,0,0,0,0,0,0
5784,L02898,L,301.7,311.1,1842,41.8,95,0,0,0,0,0,0
5785,L02899,L,301.4,310.8,1578,35.7,39,0,0,0,0,0,0
5786,H01152,H,302.9,315.0,1679,26.0,130,0,0,0,0,0,0
5787,L02900,L,301.8,313.5,1530,29.7,177,0,0,0,0,0,0
5788,H01153,H,302.2,312.9,1321,31.3,128,0,0,0,0,0,0
5789,H01154,H,298.7,308.4,1659,30.0,7,0,0,0,0,0,0
5790,L02901,L,301.6,312.8,1762,44.6,61,0,0,0,0,0,0
5791,L02902,L,303.9,312.8,1594,61.3,191,1,0,0,1,1,0
5792,M01736,M,298.6,309.7,1625,34.9,168,0,0,0,0,0,0
5793,H01155,H,303.6,314.5,1316,36.2,16,0,0,0,0,0,0
5794,H01156,H,298.9,308.7,1664,34.2,199,0,0,0,0,0,0
5795,M01737,M,298.3,309.4,1778,48.6,42,1,0,0,1,0,0
5796,M01738,M,300.6,310.2,1610,44.3,224,0,0,0,0,0,0
5797,L02903,L,301.4,310.1,1216,39.8,217,0,0,0,0,0,0
5798,H01157,H,301.8,312.8,1830,27.9,1,0,0,0,0,0,0
5799,H01158,H,298.1,308.0,1368,30.3,174,0,0,0,0,0,0
5800,L02904,L,300.9,311.5,1607,41.8,59,0,0,0,0,0,0
5801,L02905,L,298.6,310.4,1708,42.2,176,0,0,0,0,0,0
5802,L02906,L,297.0,306.3,1731,39.8,92,0,0,0,0,0,0
5803,L02907,L,298.1,308.0,1215,46.6,14,0,0,0,0,0,0
5804,H01159,H,298.5,310.1,1558,27.8,124,0,0,0,0,0,0
5805,L02908,L,301.0,311.7,1547,43.0,93,0,0,0,0,0,0
5806,L02909,L,302.3,311.6,1795,42.5,177,0,0,0,0,0,0
5807,L02910,L,297.1,306.1,1620,30.4,235,1,1,0,0,0,0
5808,H01160,H,300.7,310.2,1797,34.0,173,0,0,0,0,0,0
5809,M01739,M,297.6,306.9,1634,46.9,203,0,0,0,0,0,0
5810,L02911,L,301.3,311.5,1524,28.6,1,0,0,0,0,0,0
5811,L02912,L,298.8,308.9,1572,64.6,123,1,0,0,1,0,0
5812,H01161,H,297.9,308.2,1810,45.6,212,0,0,0,0,0,0
5813,H01162,H,301.6,310.8,1305,39.4,156,0,0,0,0,0,0
5814,L02913,L,298.8,308.7,1700,37.5,121,0,0,0,0,0,0
5815,L02914,L,299.4,307.3,1425,47.9,156,0,0,0,0,0,0
5816,L02915,L,295.6,305.7,1387,35.9,79,0,0,0,0,0,0
5817,L02916,L,301.9,313.1,1721,36.3,114,0,0,0,0,0,0
5818,M01740,M,301.6,310.2,1379,54.5,94,1,0,1,0,0,0
5819,H01163,H,300.0,310.5,1605,35.3,188,0,0,0,0,0,0
5820,L02917,L,296.9,306.3,1450,41.4,96,0,0,0,0,0,0
5821,H01164,H,302.4,313.2,1168,32.4,121,0,0,0,0,0,0
5822,L02918,L,298.7,308.9,1623,42.6,65,0,0,0,0,0,0
5823,M01741,M,299.1,309.5,1560,45.8,43,0,0,0,0,0,0
5824,M01742,M,304.6,314.7,1196,56.8,3,0,0,0,0,0,0
5825,L02919,L,298.6,309.9,1412,30.6,38,0,0,0,0,0,0
5826,L02920,L,301.5,311.8,1214,25.5,187,1,0,0,1,0,0
5827,M01743,M,301.1,310.4,1668,37.3,48,0,0,0,0,0,0
5828,L02921,L,300.8,310.9,1786,33.8,4,0,0,0,0,0,0
5829,L02922,L,300.6,310.2,1690,39.8,193,0,0,0,0,0,0
5830,M01744,M,300.8,311.0,1715,45.2,44,0,0,0,0,0,0
5831,H01165,H,300.5,310.1,1445,62.7,59,1,0,0,1,0,0
5832,L02923,L,299.9,309.2,1635,35.5,7,0,0,0,0,0,0
5833,H01166,H,303.0,313.2,1536,17.9,49,1,0,0,1,0,0
5834,L02924,L,297.4,307.5,1571,37.6,35,0,0,0,0,0,0
5835,M01745,M,302.0,313.1,1709,43.5,69,0,0,0,0,0,0
5836,M01746,M,301.6,311.2,1748,30.3,168,0,0,0,0,0,0
5837,H01167,H,301.4,309.4,1468,42.3,9,0,0,0,0,0,0
5838,L02925,L,302.2,311.8,1286,41.4,35,0,0,0,0,0,0
5839,M01747,M,299.8,308.2,1504,42.6,67,0,0,0,0,0,0
5840,M01748,M,296.3,306.7,1498,47.9,102,0,0,0,0,0,0
5841,L02926,L,299.9,308.2,1588,39.2,141,0,0,0,0,0,0
5842,L02927,L,298.0,307.0,1687,45.5,75,0,0,0,0,0,0
5843,L02928,L,298.5,308.1,1195,22.0,110,1,0,0,1,0,0
5844,L02929,L,297.5,309.0,1417,30.4,16,0,0,0,0,0,0
5845,H01168,H,299.0,307.9,1365,36.6,20,0,0,0,0,0,0
5846,L02930,L,298.8,308.8,1761,29.9,244,0,0,0,0,0,0
5847,L02931,L,295.2,305.8,1500,40.1,204,0,0,0,0,0,0
5848,M01749,M,301.4,312.9,1446,36.6,96,0,0,0,0,0,0
5849,L02932,L,304.4,315.2,1634,35.4,53,0,0,0,0,0,0
5850,M01750,M,301.2,312.3,1431,48.8,140,0,0,0,0,0,0
5851,L02933,L,299.6,310.5,1535,40.8,127,0,0,0,0,0,0
5852,H01169,H,299.9,308.7,1862,29.2,175,0,0,0,0,0,0
5853,H01170,H,299.2,309.6,1857,34.0,44,0,0,0,0,0,0
5854,H01171,H,300.2,311.0,1465,47.5,136,0,0,0,0,0,0
5855,L02934,L,299.9,308.9,1505,42.0,54,0,0,0,0,0,0
5856,M01751,M,298.3,307.7,1427,52.0,49,0,0,0,0,0,0
5857,L02935,L,303.4,312.6,1193,48.5,239,1,0,0,0,1,0
5858,L02936,L,297.0,307.8,1723,36.1,19,0,0,0,0,0,0
5859,L02937,L,301.4,311.3,1971,54.4,107,1,0,0,1,0,0
5860,M01752,M,299.8,309.5,1458,55.2,167,0,0,0,0,0,0
5861,L02938,L,303.8,312.5,1391,22.1,0,1,0,0,1,0,0
5862,M01753,M,300.7,310.6,1489,40.3,204,0,0,0,0,0,0
5863,L02939,L,299.3,308.7,1553,34.5,85,0,0,0,0,0,0
5864,L02940,L,299.5,309.7,1334,37.4,242,0,0,0,0,0,0
5865,M01754,M,300.1,309.0,1455,31.8,204,0,0,0,0,0,0
5866,L02941,L,297.7,307.9,1719,30.6,191,0,0,0,0,0,0
5867,M01755,M,298.5,308.1,1560,49.0,34,0,0,0,0,0,0
5868,L02942,L,296.4,305.2,1765,28.3,123,0,0,0,0,0,0
5869,H01172,H,298.2,306.9,1603,40.9,125,0,0,0,0,0,0
5870,M01756,M,300.2,309.0,1343,26.5,192,0,0,0,0,0,0
5871,L02943,L,300.6,310.4,1434,52.7,237,1,1,0,0,1,0
5872,L02944,L,296.0,306.1,1582,40.3,247,0,0,0,0,0,0
5873,M01757,M,299.7,310.0,1337,47.5,52,0,0,0,0,0,0
5874,H01173,H,301.1,311.4,1313,42.0,224,0,0,0,0,0,0
5875,L02945,L,299.7,308.9,1324,37.5,188,0,0,0,0,0,0
5876,L02946,L,298.7,309.8,1630,40.7,4,0,0,0,0,0,0
5877,H01174,H,299.2,308.8,1472,55.1,221,0,0,0,0,0,0
5878,M01758,M,298.9,309.4,1749,31.0,196,0,0,0,0,0,0
5879,L02947,L,298.7,308.5,1377,14.5,106,1,0,0,1,0,0
5880,L02948,L,300.3,310.7,1168,32.1,88,0,0,0,0,0,0
5881,L02949,L,304.6,314.4,1514,27.9,187,0,0,0,0,0,0
5882,M01759,M,298.5,308.9,1832,49.7,89,1,0,0,1,0,0
5883,L02950,L,299.4,309.4,1544,38.2,146,0,0,0,0,0,0
5884,H01175,H,299.9,310.7,1292,48.3,203,0,0,0,0,0,0
5885,L02951,L,298.6,307.8,1247,40.3,56,0,0,0,0,0,0
5886,L02952,L,302.2,310.4,1752,40.1,7,0,0,0,0,0,0
5887,M01760,M,295.3,304.3,1393,41.6,201,0,0,0,0,0,0
5888,H01176,H,298.9,310.0,1813,54.8,145,1,0,0,1,0,0
5889,H01177,H,301.6,311.4,1655,41.9,104,0,0,0,0,0,0
5890,L02953,L,299.4,309.5,1400,51.1,138,0,0,0,0,0,0
5891,M01761,M,298.4,307.3,1746,50.5,189,1,0,0,1,0,0
5892,M01762,M,300.9,311.0,1372,38.4,157,0,0,0,0,0,0
5893,L02954,L,301.8,310.8,1278,39.3,126,0,0,0,0,0,0
5894,L02955,L,300.4,309.5,1382,36.2,4,0,0,0,0,0,0
5895,L02956,L,298.4,308.0,1675,52.8,215,1,0,0,1,1,0
5896,L02957,L,300.9,311.3,1741,30.6,236,0,0,0,0,0,0
5897,H01178,H,299.2,309.8,1467,32.8,76,0,0,0,0,0,0
5898,L02958,L,301.5,312.1,1203,37.2,55,0,0,0,0,0,0
5899,H01179,H,303.0,311.4,1259,28.5,35,1,0,1,0,0,0
5900,M01763,M,294.8,304.8,1346,34.1,112,0,0,0,0,0,0
5901,M01764,M,300.2,310.0,1306,51.4,154,0,0,0,0,0,0
5902,M01765,M,296.5,305.0,1585,46.5,31,0,0,0,0,0,0
5903,L02959,L,304.9,314.9,1884,35.8,141,0,0,0,0,0,0
5904,L02960,L,299.1,308.8,1680,48.0,168,0,0,0,0,0,0
5905,L02961,L,301.5,312.0,1336,60.8,117,0,0,0,0,0,0
5906,M01766,M,299.9,310.0,1413,43.1,65,0,0,0,0,0,0
5907,L02962,L,298.4,307.9,1448,54.2,3,0,0,0,0,0,0
5908,M01767,M,298.2,309.1,1607,48.5,10,0,0,0,0,0,0
5909,L02963,L,303.2,311.0,1819,37.1,105,0,0,0,0,0,0
5910,L02964,L,301.9,311.8,1454,42.0,228,0,0,0,0,0,0
5911,L02965,L,303.9,312.1,1813,45.3,47,0,0,0,0,0,0
5912,H01180,H,300.1,309.2,1914,32.6,229,0,0,0,0,0,0
5913,M01768,M,300.6,311.1,1475,13.9,164,1,0,0,1,0,0
5914,L02966,L,299.5,308.2,1470,31.7,140,0,0,0,0,0,0
5915,M01769,M,299.4,308.0,1473,18.4,200,1,0,0,1,0,0
5916,L02967,L,297.9,310.3,1549,32.5,41,0,0,0,0,0,0
5917,H01181,H,300.2,308.8,1473,22.9,154,0,0,0,0,0,0
5918,M01770,M,298.4,310.1,1696,48.8,65,0,0,0,0,0,0
5919,L02968,L,300.9,310.7,1260,28.2,46,0,0,0,0,0,0
5920,M01771,M,300.3,309.8,1442,45.4,218,0,0,0,0,0,0
5921,L02969,L,300.6,311.2,1596,47.7,75,0,0,0,0,0,0
5922,H01182,H,303.4,314.7,1693,47.0,11,0,0,0,0,0,0
5923,L02970,L,299.9,308.8,1930,21.3,194,0,0,0,0,0,0
5924,M01772,M,301.5,311.0,1307,51.2,25,0,0,0,0,0,0
5925,L02971,L,304.1,314.9,1421,44.2,206,0,0,0,0,0,0
5926,M01773,M,302.6,312.9,1168,48.0,154,0,0,0,0,0,0
5927,M01774,M,302.3,313.4,1339,58.3,242,1,0,0,0,1,0
5928,M01775,M,299.4,309.9,1221,47.9,108,0,0,0,0,0,0
5929,M01776,M,300.5,312.3,1444,28.2,162,0,0,0,0,0,0
5930,H01183,H,297.4,307.6,1497,46.5,12,0,0,0,0,0,0
5931,L02972,L,301.0,311.2,1622,25.0,126,0,0,0,0,0,0
5932,L02973,L,300.5,310.8,1484,39.4,245,1,1,0,0,0,0
5933,L02974,L,300.0,309.9,1622,35.0,55,0,0,0,0,0,0
5934,H01184,H,302.1,312.9,1558,40.1,196,0,0,0,0,0,0
5935,L02975,L,297.6,307.8,1353,24.9,170,0,0,0,0,0,0
5936,M01777,M,303.3,314.1,1236,26.1,117,1,0,0,1,0,0
5937,M01778,M,301.8,312.7,1642,35.5,208,0,0,0,0,0,0
5938,L02976,L,299.9,310.3,1832,37.8,249,0,0,0,0,0,0
5939,L02977,L,299.7,310.2,1991,35.7,82,0,0,0,0,0,0
5940,L02978,L,301.0,310.0,1705,54.5,83,1,0,0,1,0,0
5941,L02979,L,303.0,312.4,1798,44.2,58,0,0,0,0,0,0
5942,L02980,L,300.2,311.0,1620,44.0,214,0,0,0,0,0,0
5943,L02981,L,300.3,311.7,1592,36.2,11,0,0,0,0,0,0
5944,H01185,H,300.0,308.1,1557,26.1,223,0,0,0,0,0,0
5945,H01186,H,303.6,313.0,1519,40.0,156,0,0,0,0,0,0
5946,L02982,L,299.3,309.3,1646,58.1,4,1,0,0,1,0,0
5947,L02983,L,299.9,309.0,1444,42.2,176,0,0,0,0,0,0
5948,L02984,L,302.9,312.1,1511,51.1,191,0,0,0,0,0,0
5949,M01779,M,300.3,310.8,1327,52.4,114,0,0,0,0,0,0
5950,H01187,H,302.3,313.9,1623,45.6,42,0,0,0,0,0,0
5951,L02985,L,298.2,306.2,1366,42.2,65,1,0,1,0,0,0
5952,L02986,L,299.6,309.4,1544,30.1,133,0,0,0,0,0,0
5953,M01780,M,303.0,313.5,1627,37.9,212,0,0,0,0,0,0
5954,M01781,M,298.6,309.4,1642,36.4,98,0,0,0,0,0,0
5955,L02987,L,299.7,310.0,1676,43.3,14,0,0,0,0,0,0
5956,M01782,M,300.5,312.3,1499,25.9,145,0,0,0,0,0,0
5957,L02988,L,298.0,308.0,1625,34.6,48,0,0,0,0,0,0
5958,L02989,L,299.2,310.5,1450,44.0,174,0,0,0,0,0,0
5959,M01783,M,300.2,309.6,1185,33.0,1,0,0,0,0,0,0
5960,H01188,H,300.1,310.2,1632,30.8,132,0,0,0,0,0,0
5961,L02990,L,302.6,311.4,1591,32.1,36,0,0,0,0,0,0
5962,H01189,H,303.1,314.0,1719,37.3,232,0,0,0,0,0,0
5963,L02991,L,298.3,308.2,1533,16.2,5,1,0,0,1,0,0
5964,M01784,M,300.2,310.6,1251,32.5,242,0,0,0,0,0,0
5965,L02992,L,301.3,311.0,1521,49.5,41,0,0,0,0,0,0
5966,H01190,H,303.0,313.6,1696,43.2,50,0,0,0,0,0,0
5967,H01191,H,301.4,311.8,1623,44.2,210,0,0,0,0,0,0
5968,L02993,L,300.6,309.6,1511,21.7,15,1,0,0,1,0,0
5969,H01192,H,301.3,310.4,1240,35.9,203,0,0,0,0,0,0
5970,H01193,H,301.3,311.3,1354,38.8,215,0,0,0,0,0,0
5971,M01785,M,298.1,308.8,1623,44.6,72,0,0,0,0,0,0
5972,L02994,L,300.4,312.3,1239,51.1,66,0,0,0,0,0,0
5973,H01194,H,302.9,313.2,1481,49.5,80,0,0,0,0,0,0
5974,H01195,H,299.6,310.6,1544,34.1,29,0,0,0,0,0,0
5975,L02995,L,300.3,308.7,1743,34.4,26,0,0,0,0,0,0
5976,H01196,H,299.5,311.5,1647,54.1,87,1,0,0,1,0,0
5977,L02996,L,295.4,306.0,1710,36.4,169,0,0,0,0,0,0
5978,L02997,L,300.0,310.0,1592,29.2,63,0,0,0,0,0,0
5979,M01786,M,300.6,310.4,1386,37.9,177,0,0,0,0,0,0
5980,M01787,M,299.0,307.9,1428,53.5,38,0,0,0,0,0,0
5981,M01788,M,297.7,306.9,1371,31.0,134,0,0,0,0,0,0
5982,L02998,L,298.2,310.1,1643,35.7,72,0,0,0,0,0,0
5983,H01197,H,301.5,310.5,1413,31.4,143,0,0,0,0,0,0
5984,L02999,L,303.9,312.9,1467,49.6,55,0,0,0,0,0,0
5985,L03000,L,302.8,312.1,1542,42.9,10,0,0,0,0,0,0
5986,L03001,L,297.3,306.1,1831,49.3,136,1,0,0,1,0,0
5987,M01789,M,301.7,311.7,1655,55.7,0,1,0,0,1,0,0
5988,H01198,H,298.7,309.8,1399,24.9,43,0,0,0,0,0,0
5989,M01790,M,298.8,308.2,1565,32.4,34,0,0,0,0,0,0
5990,H01199,H,299.1,307.7,1833,35.7,83,0,0,0,0,0,0
5991,L03002,L,301.4,311.7,1648,40.7,178,0,0,0,0,0,0
5992,M01791,M,301.9,311.8,1251,45.1,7,0,0,0,0,0,0
5993,L03003,L,299.8,310.8,1374,35.1,70,0,0,0,0,0,0
5994,L03004,L,299.8,309.3,1360,33.1,36,0,0,0,0,0,0
5995,L03005,L,300.9,310.6,1795,49.6,100,1,0,0,1,0,0
5996,M01792,M,301.1,311.0,1762,45.5,211,0,0,0,0,0,0
5997,M01793,M,302.4,312.5,1426,43.2,132,0,0,0,0,0,0
5998,M01794,M,297.4,307.0,1422,18.5,203,1,0,0,1,0,0
5999,L03006,L,300.0,309.4,1545,52.1,20,0,0,0,0,0,0
6000,L03007,L,297.9,306.0,1551,41.8,211,0,0,0,0,0,0
6001,M01795,M,299.9,309.3,1365,38.4,4,0,0,0,0,0,0
6002,L03008,L,299.5,310.2,1493,31.8,22,0,0,0,0,0,0
6003,H01200,H,299.9,310.8,1277,33.7,184,0,0,0,0,0,0
6004,M01796,M,298.4,307.9,1765,31.1,70,0,0,0,0,0,0
6005,L03009,L,297.0,308.3,1222,20.0,64,1,0,0,1,0,0
6006,H01201,H,295.8,305.8,1220,31.8,152,0,0,0,0,0,0
6007,M01797,M,299.7,308.4,1615,24.0,146,0,0,0,0,0,0
6008,L03010,L,299.1,307.4,1316,39.4,1,1,0,1,0,0,0
6009,M01798,M,298.6,309.8,1448,28.5,139,0,0,0,0,0,0
6010,L03011,L,302.6,312.2,1549,47.3,169,0,0,0,0,0,0
6011,H01202,H,298.3,307.1,1658,23.4,24,0,0,0,0,0,0
6012,H01203,H,302.8,310.5,1498,51.9,123,0,0,0,0,0,0
6013,H01204,H,303.2,312.8,1856,48.4,223,1,0,0,1,0,0
6014,M01799,M,296.1,306.5,1537,29.3,175,0,0,0,0,0,0
6015,L03012,L,300.2,309.5,1751,39.1,234,0,0,0,0,0,0
6016,M01800,M,299.2,308.1,1587,31.5,81,0,0,0,0,0,0
6017,L03013,L,294.2,303.7,1919,45.8,125,1,0,0,1,0,0
6018,M01801,M,297.1,308.3,1727,58.0,158,1,0,0,1,0,0
6019,M01802,M,301.5,310.1,1545,51.8,185,0,0,0,0,0,0
6020,L03014,L,304.0,313.4,1650,33.1,60,0,0,0,0,0,0
6021,L03015,L,301.8,313.0,1491,41.1,43,0,0,0,0,0,0
6022,H01205,H,300.6,311.1,1489,55.2,8,0,0,0,0,0,0
6023,H01206,H,300.0,310.2,1304,45.2,148,0,0,0,0,0,0
6024,L03016,L,303.4,312.8,1393,50.1,181,0,0,0,0,0,0
6025,L03017,L,304.3,314.3,1906,46.5,102,1,0,0,1,0,0
6026,L03018,L,298.8,308.3,1322,40.8,198,0,0,0,0,0,0
6027,H01207,H,296.0,305.1,1420,39.3,140,0,0,0,0,0,0
6028,L03019,L,295.8,304.7,1521,27.9,211,0,0,0,0,0,0
6029,M01803,M,302.6,313.4,1527,32.3,140,0,0,0,0,0,0
6030,L03020,L,299.9,309.8,1606,31.0,51,0,0,0,0,0,0
6031,M01804,M,300.4,310.7,1454,36.5,27,0,0,0,0,0,0
6032,L03021,L,296.4,306.6,1617,41.0,100,0,0,0,0,0,0
6033,M01805,M,298.5,308.9,1742,38.9,88,0,0,0,0,0,0
6034,L03022,L,299.4,309.1,1764,42.2,173,0,0,0,0,0,0
6035,M01806,M,300.4,309.9,1490,46.6,175,0,0,0,0,0,0
6036,L03023,L,299.2,308.4,1647,35.8,108,0,0,0,0,0,0
6037,M01807,M,297.9,306.5,1332,47.4,217,0,0,0,0,0,0
6038,H01208,H,298.4,307.3,1408,51.4,235,0,0,0,0,0,0
6039,L03024,L,302.4,312.0,1327,44.2,224,1,1,0,0,0,0
6040,H01209,H,300.5,308.9,1529,34.6,103,0,0,0,0,0,0
6041,M01808,M,301.2,309.8,1384,49.5,167,0,0,0,0,0,0
6042,L03025,L,298.2,309.2,1265,44.8,246,1,0,0,0,1,0
6043,L03026,L,294.1,304.3,1468,46.2,53,0,0,0,0,0,0
6044,L03027,L,299.0,308.5,1228,55.4,154,0,0,0,0,0,0
6045,M01809,M,298.3,310.6,1775,47.1,78,0,0,0,0,0,0
6046,M01810,M,300.7,309.1,1438,55.7,130,0,0,0,0,0,0
6047,L03028,L,306.6,317.6,1714,38.5,92,0,0,0,0,0,0
6048,M01811,M,301.4,311.3,1449,35.7,94,0,0,0,0,0,0
6049,H01210,H,305.5,316.3,1324,51.5,58,0,0,0,0,0,0
6050,H01211,H,301.1,311.2,1748,30.1,231,0,0,0,0,0,0
6051,M01812,M,298.7,306.8,1553,58.9,118,1,0,0,1,0,0
6052,H01212,H,300.7,310.8,1875,53.0,119,1,0,0,1,0,0
6053,M01813,M,303.6,313.9,1454,40.9,17,0,0,0,0,0,0
6054,L03029,L,303.7,311.5,1458,52.0,151,0,0,0,0,0,0
6055,H01213,H,298.8,310.7,1717,46.6,60,0,0,0,0,0,0
6056,L03030,L,300.5,310.8,1719,27.1,230,0,0,0,0,0,0
6057,L03031,L,297.1,307.8,1565,31.8,124,0,0,0,0,0,0
6058,L03032,L,301.6,310.4,2135,42.9,117,1,0,0,1,0,0
6059,H01214,H,303.1,313.8,1487,41.6,184,0,0,0,0,0,0
6060,H01215,H,300.1,311.2,1310,53.1,43,0,0,0,0,0,0
6061,L03033,L,298.7,309.0,1358,43.0,174,0,0,0,0,0,0
6062,L03034,L,300.7,310.7,1488,27.3,199,0,0,0,0,0,0
6063,L03035,L,300.8,309.9,1809,34.5,220,1,1,0,0,0,0
6064,M01814,M,300.2,310.0,1504,47.4,111,0,0,0,0,0,0
6065,L03036,L,300.4,309.9,1818,21.8,164,0,0,0,0,0,0
6066,M01815,M,299.7,310.3,1615,25.9,36,0,0,0,0,0,0
6067,L03037,L,302.0,311.2,1731,36.3,72,0,0,0,0,0,0
6068,L03038,L,301.5,312.1,1607,49.3,172,0,0,0,0,0,0
6069,L03039,L,298.0,307.2,1605,37.8,157,0,0,0,0,0,0
6070,L03040,L,298.0,307.7,1672,44.6,142,0,0,0,0,0,0
6071,H01216,H,299.5,310.1,1436,40.0,231,0,0,0,0,0,0
6072,L03041,L,301.5,310.8,1438,38.6,203,0,0,0,0,0,0
6073,L03042,L,300.3,311.0,1600,33.5,115,0,0,0,0,0,0
6074,L03043,L,298.7,309.3,1885,48.4,124,1,0,0,1,0,0
6075,L03044,L,300.5,310.2,1262,27.5,232,0,0,0,0,0,0
6076,L03045,L,299.3,310.5,1174,37.7,154,0,0,0,0,0,0
6077,L03046,L,301.8,311.9,1490,51.5,46,0,0,0,0,0,0
6078,M01816,M,300.7,311.8,1722,32.4,46,0,0,0,0,0,0
6079,M01817,M,299.4,311.2,1547,24.4,158,0,0,0,0,0,0
6080,L03047,L,300.5,310.3,1328,18.8,204,1,0,0,1,0,0
6081,L03048,L,302.6,313.2,1552,46.7,14,0,0,0,0,0,0
6082,H01217,H,298.9,308.3,1227,47.3,181,0,0,0,0,0,0
6083,L03049,L,300.8,309.8,1650,36.6,196,0,0,0,0,0,0
6084,L03050,L,299.9,309.7,1482,27.3,41,0,0,0,0,0,0
6085,L03051,L,300.9,309.5,1523,38.5,118,0,0,0,0,0,0
6086,L03052,L,298.7,307.8,1614,51.8,61,0,0,0,0,0,0
6087,M01818,M,300.2,310.8,1574,27.3,24,0,0,0,0,0,0
6088,L03053,L,302.2,311.7,1441,50.6,11,0,0,0,0,0,0
6089,M01819,M,298.1,308.8,1723,23.0,240,0,0,0,0,0,0
6090,L03054,L,297.3,307.6,1680,28.6,8,0,0,0,0,0,0
6091,L03055,L,297.4,309.3,1220,41.1,124,0,0,0,0,0,0
6092,M01820,M,297.7,308.2,1496,49.5,89,0,0,0,0,0,0
6093,L03056,L,301.2,312.3,1344,54.7,36,0,0,0,0,0,0
6094,M01821,M,297.2,307.6,1311,49.9,136,0,0,0,0,0,0
6095,L03057,L,299.4,309.7,1633,55.5,196,1,0,0,1,0,0
6096,M01822,M,301.2,312.4,1462,41.8,182,0,0,0,0,0,0
6097,L03058,L,300.8,311.5,1512,33.8,45,0,0,0,0,0,0
6098,H01218,H,299.2,309.4,1418,51.8,198,0,0,0,0,0,0
6099,L03059,L,300.4,310.6,1604,53.6,168,1,0,0,1,0,0
6100,H01219,H,300.2,310.7,1659,49.3,94,0,0,0,0,0,0
6101,L03060,L,299.6,308.9,1926,46.1,235,1,0,0,1,0,0
6102,M01823,M,299.6,308.9,1505,53.9,100,0,0,0,0,0,0
6103,L03061,L,304.5,315.9,1278,43.4,6,0,0,0,0,0,0
6104,H01220,H,301.6,313.5,1447,39.8,132,0,0,0,0,0,0
6105,L03062,L,305.0,314.1,1689,47.3,179,0,0,0,0,0,0
6106,L03063,L,299.0,308.3,1399,44.8,124,0,0,0,0,0,0
6107,L03064,L,299.8,310.9,1272,48.9,208,0,0,0,0,0,0
6108,L03065,L,297.3,307.8,1403,38.7,202,0,0,0,0,0,0
6109,L03066,L,298.4,309.1,1442,49.1,164,0,0,0,0,0,0
6110,H01221,H,303.8,314.7,1344,48.6,59,0,0,0,0,0,0
6111,H01222,H,299.0,308.8,1576,42.1,35,0,0,0,0,0,0
6112,L03067,L,303.8,314.1,1523,32.5,218,0,0,0,0,0,0
6113,H01223,H,297.5,307.8,1679,52.4,0,1,0,0,1,0,0
6114,M01824,M,297.9,307.0,1458,27.9,249,0,0,0,0,0,0
6115,L03068,L,299.3,309.6,1637,30.4,128,0,0,0,0,0,0
6116,M01825,M,299.9,311.1,1449,41.7,205,0,0,0,0,0,0
6117,M01826,M,301.8,311.5,1335,14.9,244,1,1,0,1,0,0
6118,H01224,H,300.9,311.1,1440,55.4,187,0,0,0,0,0,0
6119,L03069,L,299.2,309.4,1248,40.1,219,1,1,0,0,0,0
6120,M01827,M,299.7,309.4,1858,55.4,40,1,0,0,1,0,0
6121,L03070,L,299.4,310.1,1563,58.0,192,1,0,0,1,1,0
6122,L03071,L,298.2,307.5,1395,38.5,135,0,0,0,0,0,0
6123,L03072,L,298.2,309.5,1470,53.5,236,1,1,0,0,1,0
6124,H01225,H,302.1,312.7,1168,29.4,40,0,0,0,0,0,0
6125,H01226,H,296.3,305.4,1794,44.3,174,0,0,0,0,0,0
6126,M01828,M,303.2,314.9,1777,35.3,122,0,0,0,0,0,0
6127,M01829,M,299.3,309.5,1557,47.0,106,0,0,0,0,0,0
6128,L03073,L,298.5,307.8,1595,48.8,89,0,0,0,0,0,0
6129,L03074,L,301.5,312.6,1311,38.4,163,0,0,0,0,0,0
6130,L03075,L,303.0,313.5,1324,45.4,92,0,0,0,0,0,0
6131,L03076,L,302.2,310.4,1234,49.4,103,1,0,1,0,0,0
6132,M01830,M,301.0,310.5,1509,41.9,108,0,0,0,0,0,0
6133,M01831,M,302.2,312.5,1727,65.4,240,1,0,0,1,1,0
6134,L03077,L,296.6,304.4,1469,38.6,3,0,0,0,0,0,0
6135,L03078,L,299.0,309.1,1600,56.6,169,1,0,0,1,0,0
6136,L03079,L,298.2,308.4,1713,51.5,1,1,0,0,1,0,0
6137,L03080,L,302.4,311.2,1247,21.4,249,1,1,0,1,0,0
6138,H01227,H,299.2,309.5,1868,54.9,221,1,1,0,1,0,0
6139,M01832,M,301.7,311.7,1745,50.7,46,1,0,0,1,0,0
6140,H01228,H,301.1,309.9,1629,41.1,147,0,0,0,0,0,0
6141,L03081,L,298.3,309.2,1703,43.7,29,0,0,0,0,0,0
6142,L03082,L,298.8,309.6,1711,44.9,81,0,0,0,0,0,0
6143,L03083,L,302.6,312.3,1590,53.8,29,0,0,0,0,0,0
6144,H01229,H,298.4,308.2,1793,35.9,109,0,0,0,0,0,0
6145,M01833,M,300.2,310.9,1456,55.9,98,0,0,0,0,0,0
6146,L03084,L,298.4,308.2,1620,29.2,0,0,0,0,0,0,0
6147,M01834,M,299.4,307.5,1774,22.4,57,0,0,0,0,0,0
6148,L03085,L,299.9,310.4,1168,45.9,66,0,0,0,0,0,0
6149,M01835,M,298.4,307.6,1616,52.6,22,0,0,0,0,0,0
6150,H01230,H,298.1,307.7,1667,38.2,172,0,0,0,0,0,0
6151,M01836,M,300.6,312.1,1232,17.4,231,1,1,0,1,0,0
6152,M01837,M,298.3,308.2,1588,25.1,149,0,0,0,0,0,0
6153,L03086,L,298.4,308.4,1395,44.4,48,0,0,0,0,0,0
6154,L03087,L,298.1,308.6,1609,39.9,118,0,0,0,0,0,0
6155,L03088,L,299.8,310.3,1520,52.8,175,0,0,0,0,0,0
6156,L03089,L,301.9,311.0,1368,40.7,62,0,0,0,0,0,0
6157,M01838,M,303.0,312.9,1736,32.6,47,0,0,0,0,0,0
6158,M01839,M,298.5,308.5,1463,43.1,43,0,0,0,0,0,0
6159,L03090,L,304.3,314.6,1586,50.2,50,0,0,0,0,0,0
6160,H01231,H,298.0,308.3,1773,53.5,189,1,0,0,1,0,0
6161,L03091,L,302.2,314.8,1373,38.9,239,0,0,0,0,0,0
6162,L03092,L,298.6,307.4,1539,40.7,206,0,0,0,0,0,0
6163,L03093,L,298.3,309.3,1449,47.8,124,0,0,0,0,0,0
6164,L03094,L,298.5,309.7,1489,32.5,40,0,0,0,0,0,0
6165,L03095,L,299.9,310.4,1923,47.4,207,1,0,0,1,0,0
6166,L03096,L,301.2,310.5,1619,37.7,154,0,0,0,0,0,0
6167,L03097,L,301.3,313.0,1594,39.2,223,0,0,0,0,0,0
6168,H01232,H,298.1,305.9,1631,40.0,97,0,0,0,0,0,0
6169,L03098,L,298.0,307.3,1615,41.3,56,0,0,0,0,0,0
6170,L03099,L,298.2,309.4,1211,59.1,169,0,0,0,0,0,0
6171,L03100,L,299.8,309.4,1949,35.3,11,0,0,0,0,0,0
6172,M01840,M,299.6,311.2,1275,35.8,209,0,0,0,0,0,0
6173,L03101,L,298.1,306.6,1848,54.5,81,1,0,0,1,0,0
6174,H01233,H,300.5,309.4,1648,44.4,59,0,0,0,0,0,0
6175,M01841,M,304.5,314.0,1570,47.7,63,0,0,0,0,0,0
6176,M01842,M,299.0,309.4,1483,29.7,3,0,0,0,0,0,0
6177,M01843,M,299.1,308.9,2004,42.5,225,0,0,0,0,0,0
6178,L03102,L,301.1,310.6,1646,48.1,166,0,0,0,0,0,0
6179,L03103,L,298.9,310.3,1541,33.3,146,0,0,0,0,0,0
6180,L03104,L,301.3,312.8,1442,46.3,106,0,0,0,0,0,0
6181,M01844,M,298.6,308.2,1420,38.0,189,0,0,0,0,0,0
6182,L03105,L,303.7,312.0,1547,33.5,172,0,0,0,0,0,0
6183,L03106,L,300.7,308.5,1371,50.1,60,1,0,1,0,0,0
6184,H01234,H,298.8,309.0,1659,51.4,243,0,0,0,0,0,0
6185,L03107,L,298.8,309.5,1422,41.3,158,0,0,0,0,0,0
6186,H01235,H,299.0,309.1,1717,44.5,176,0,0,0,0,0,0
6187,M01845,M,302.7,312.6,1713,53.2,158,1,0,0,1,0,0
6188,L03108,L,297.5,306.7,1528,36.0,41,0,0,0,0,0,0
6189,L03109,L,298.7,309.4,1641,43.5,175,0,0,0,0,0,0
6190,L03110,L,298.9,310.6,1650,36.1,19,0,0,0,0,0,0
6191,M01846,M,300.0,307.8,1276,29.8,111,1,0,1,0,0,0
6192,M01847,M,299.5,309.4,1847,36.1,211,0,0,0,0,0,0
6193,M01848,M,297.0,306.0,1492,28.8,95,0,0,0,0,0,0
6194,H01236,H,299.2,307.7,1662,44.3,19,0,0,0,0,0,0
6195,M01849,M,299.8,308.7,1667,32.3,15,0,0,0,0,0,0
6196,L03111,L,298.7,309.1,1168,26.0,56,1,0,0,1,0,0
6197,L03112,L,301.4,311.8,1420,47.4,18,0,0,0,0,0,0
6198,H01237,H,301.8,313.3,1688,46.8,222,0,0,0,0,0,0
6199,L03113,L,299.8,309.8,1549,36.7,12,0,0,0,0,0,0
6200,L03114,L,300.5,308.7,1661,47.0,246,1,0,0,0,1,0
6201,M01850,M,295.7,305.5,1554,31.9,19,0,0,0,0,0,0
6202,L03115,L,299.2,307.8,1758,36.3,106,0,0,0,0,0,0
6203,H01238,H,302.0,310.8,1558,44.1,75,0,0,0,0,0,0
6204,M01851,M,299.2,309.8,1792,50.3,176,1,0,0,1,0,0
6205,L03116,L,298.5,308.7,1362,36.2,238,0,0,0,0,0,0
6206,H01239,H,304.6,315.2,1515,34.0,153,0,0,0,0,0,0
6207,L03117,L,303.6,313.2,1431,49.8,34,0,0,0,0,0,0
6208,L03118,L,300.9,311.7,1607,46.1,168,0,0,0,0,0,0
6209,L03119,L,302.3,311.9,1488,41.5,137,0,0,0,0,0,0
6210,L03120,L,295.5,306.6,1496,51.8,75,0,0,0,0,0,0
6211,L03121,L,298.4,308.7,1411,59.5,245,1,0,0,0,1,0
6212,L03122,L,299.1,308.9,1455,43.7,23,0,0,0,0,0,0
6213,L03123,L,299.5,309.7,1536,34.1,200,0,0,0,0,0,0
6214,L03124,L,299.0,309.0,1176,45.0,247,1,0,0,0,1,0
6215,M01852,M,294.9,306.5,1168,31.8,68,0,0,0,0,0,0
6216,H01240,H,300.8,311.0,1548,52.4,158,0,0,0,0,0,0
6217,L03125,L,301.1,311.1,1168,33.0,181,0,0,0,0,0,0
6218,L03126,L,303.2,313.0,1503,38.1,57,0,0,0,0,0,0
6219,L03127,L,298.4,309.2,1470,31.6,97,0,0,0,0,0,0
6220,L03128,L,298.3,309.0,1635,41.8,59,0,0,0,0,0,0
6221,M01853,M,294.6,304.3,1417,42.2,108,0,0,0,0,0,0
6222,M01854,M,299.4,308.2,1818,47.4,10,1,0,0,1,0,0
6223,L03129,L,301.8,310.9,1689,41.2,72,0,0,0,0,0,0
6224,L03130,L,298.8,308.6,1267,40.5,213,0,0,0,0,0,0
6225,L03131,L,304.3,315.6,1487,34.3,39,0,0,0,0,0,0
6226,M01855,M,299.5,309.2,1811,37.1,182,0,0,0,0,0,0
6227,L03132,L,300.3,309.7,1413,26.1,174,0,0,0,0,0,0
6228,H01241,H,297.3,305.5,1528,53.9,219,0,0,0,0,0,0
6229,M01856,M,300.6,312.1,1789,39.1,188,0,0,0,0,0,0
6230,L03133,L,296.0,306.6,1441,56.4,207,1,0,0,0,1,0
6231,M01857,M,301.4,312.2,1739,38.8,73,0,0,0,0,0,0
6232,H01242,H,301.4,312.4,1375,21.0,33,1,0,0,1,0,0
6233,M01858,M,302.7,312.5,1168,35.5,61,0,0,0,0,0,0
6234,L03134,L,298.0,308.1,1757,40.0,78,0,0,0,0,0,0
6235,L03135,L,300.3,311.8,1616,40.7,209,0,0,0,0,0,0
6236,H01243,H,301.1,311.3,1628,46.8,172,0,0,0,0,0,0
6237,M01859,M,300.9,311.5,1342,41.7,94,0,0,0,0,0,0
6238,M01860,M,298.3,309.2,1356,36.6,4,0,0,0,0,0,0
6239,H01244,H,295.2,305.8,1743,30.9,50,0,0,0,0,0,0
6240,H01245,H,300.7,310.6,1581,35.9,96,0,0,0,0,0,0
6241,H01246,H,299.7,309.7,1516,46.0,57,0,0,0,0,0,0
6242,L03136,L,298.9,309.7,1577,48.6,122,0,0,0,0,0,0
6243,M01861,M,301.5,312.3,1808,33.3,92,0,0,0,0,0,0
6244,M01862,M,299.9,311.1,1667,50.1,2,0,0,0,0,0,0
6245,M01863,M,297.4,308.0,1453,45.7,22,0,0,0,0,0,0
6246,M01864,M,296.1,306.7,1286,31.1,9,0,0,0,0,0,0
6247,L03137,L,297.7,307.3,1643,42.5,46,0,0,0,0,0,0
6248,M01865,M,304.8,314.2,1372,43.7,31,0,0,0,0,0,0
6249,M01866,M,301.4,312.2,1326,29.4,120,0,0,0,0,0,0
6250,L03138,L,300.4,309.8,1773,26.4,47,0,0,0,0,0,0
6251,L03139,L,299.6,309.6,1694,44.7,154,0,0,0,0,0,0
6252,L03140,L,299.5,310.9,1607,35.5,35,0,0,0,0,0,0
6253,L03141,L,302.3,313.5,1316,55.1,87,0,0,0,0,0,0
6254,L03142,L,299.0,309.3,1858,57.2,53,1,0,0,1,0,0
6255,L03143,L,301.2,310.9,1722,44.7,19,0,0,0,0,0,0
6256,M01867,M,299.3,309.2,1483,49.5,130,0,0,0,0,0,0
6257,M01868,M,303.9,314.8,1445,29.8,196,0,0,0,0,0,0
6258,M01869,M,301.5,311.5,1552,26.7,130,0,0,0,0,0,0
6259,H01247,H,302.5,311.9,1452,38.6,167,0,0,0,0,0,0
6260,L03144,L,298.8,310.0,1933,27.1,59,0,0,0,0,0,0
6261,L03145,L,302.1,312.3,1468,43.1,197,0,0,0,0,0,0
6262,H01248,H,299.4,308.8,1346,32.2,206,0,0,0,0,0,0
6263,L03146,L,300.2,310.7,1822,41.9,122,0,0,0,0,0,0
6264,H01249,H,303.3,314.3,1436,38.3,197,0,0,0,0,0,0
6265,H01250,H,297.9,306.9,1678,46.4,22,0,0,0,0,0,0
6266,M01870,M,300.4,310.2,1658,43.3,187,0,0,0,0,0,0
6267,H01251,H,300.9,310.7,1527,36.0,29,0,0,0,0,0,0
6268,L03147,L,301.0,311.5,1363,26.3,166,0,0,0,0,0,0
6269,L03148,L,299.1,309.7,1529,41.6,167,0,0,0,0,0,0
6270,M01871,M,304.2,313.6,1328,22.6,47,1,0,0,1,0,0
6271,L03149,L,297.4,305.9,1533,52.5,212,1,0,0,0,1,0
6272,H01252,H,302.9,313.9,1676,45.3,44,0,0,0,0,0,0
6273,L03150,L,302.4,311.3,1845,48.4,36,1,0,0,1,0,0
6274,M01872,M,303.8,314.1,1343,30.3,149,0,0,0,0,0,0
6275,M01873,M,296.8,306.7,1493,43.6,51,0,0,0,0,0,0
6276,M01874,M,298.3,308.5,1444,33.3,1,0,0,0,0,0,0
6277,L03151,L,303.0,314.7,1586,41.5,13,0,0,0,0,0,0
6278,L03152,L,296.2,309.2,1265,30.0,17,0,0,0,0,0,0
6279,H01253,H,296.8,305.2,1371,39.2,113,1,0,1,0,0,0
6280,L03153,L,299.0,310.0,1235,26.2,177,1,0,0,1,0,0
6281,H01254,H,300.4,310.2,1280,38.4,14,0,0,0,0,0,0
6282,M01875,M,303.2,314.2,1419,23.6,36,0,0,0,0,0,0
6283,M01876,M,299.6,310.6,1837,57.5,129,1,0,0,1,0,0
6284,M01877,M,298.8,310.2,1600,41.6,118,0,0,0,0,0,0
6285,L03154,L,300.6,310.9,1549,40.1,106,0,0,0,0,0,0
6286,M01878,M,300.9,310.0,1779,46.8,83,0,0,0,0,0,0
6287,H01255,H,300.9,311.8,1606,27.0,73,0,0,0,0,0,0
6288,L03155,L,299.6,309.7,1623,32.2,68,0,0,0,0,0,0
6289,H01256,H,296.1,305.9,1453,45.3,31,0,0,0,0,0,0
6290,L03156,L,298.2,307.7,1423,41.6,193,0,0,0,0,0,0
6291,L03157,L,302.8,313.8,1303,32.8,235,0,0,0,0,0,0
6292,L03158,L,300.4,312.0,1430,46.5,240,1,1,0,0,1,0
6293,H01257,H,299.4,308.2,1487,43.0,56,0,0,0,0,0,0
6294,L03159,L,302.2,312.8,1599,45.1,245,1,0,0,0,1,0
6295,H01258,H,297.7,307.3,1531,43.9,60,0,0,0,0,0,0
6296,H01259,H,299.5,308.0,1472,33.2,4,0,0,0,0,0,0
6297,L03160,L,300.3,310.4,1374,39.2,84,0,0,0,0,0,0
6298,L03161,L,299.1,308.3,1609,21.4,145,0,0,0,0,0,0
6299,M01879,M,300.2,308.6,1448,34.9,47,0,0,0,0,0,0
6300,L03162,L,299.6,308.8,1601,37.5,39,0,0,0,0,0,0
6301,M01880,M,297.2,306.2,1195,46.3,67,0,0,0,0,0,0
6302,L03163,L,300.4,309.8,1598,45.1,95,0,0,0,0,0,0
6303,L03164,L,297.3,306.0,1671,32.5,227,0,0,0,0,0,0
6304,M01881,M,300.3,309.9,1648,32.3,55,0,0,0,0,0,0
6305,L03165,L,302.7,312.0,1502,53.1,131,0,0,0,0,0,0
6306,L03166,L,299.4,309.8,1701,37.1,144,0,0,0,0,0,0
6307,L03167,L,297.7,308.3,1310,41.1,51,0,0,0,0,0,0
6308,L03168,L,299.7,310.0,1522,47.9,124,0,0,0,0,0,0
6309,M01882,M,298.3,308.1,1503,39.2,190,0,0,0,0,0,0
6310,H01260,H,301.2,310.9,1723,38.5,169,0,0,0,0,0,0
6311,L03169,L,299.7,308.9,1176,36.8,160,0,0,0,0,0,0
6312,M01883,M,303.4,312.6,1348,34.9,213,0,0,0,0,0,0
6313,M01884,M,302.3,313.0,1850,41.4,17,0,0,0,0,0,0
6314,L03170,L,299.7,307.9,1168,21.8,154,1,0,1,1,0,0
6315,L03171,L,301.4,311.3,1683,36.4,127,0,0,0,0,0,0
6316,H01261,H,299.2,308.9,1412,45.4,206,0,0,0,0,0,0
6317,M01885,M,300.1,310.7,1583,44.2,188,0,0,0,0,0,0
6318,M01886,M,299.3,307.9,1791,54.1,24,1,0,0,1,0,0
6319,M01887,M,301.5,311.5,1590,48.4,60,0,0,0,0,0,0
6320,L03172,L,302.9,313.2,1794,44.1,137,0,0,0,0,0,0
6321,M01888,M,301.6,309.7,1449,40.3,79,0,0,0,0,0,0
6322,M01889,M,301.8,310.7,1473,35.4,131,0,0,0,0,0,0
6323,M01890,M,301.8,311.7,1678,45.0,127,0,0,0,0,0,0
6324,L03173,L,301.1,311.6,1459,43.2,158,0,0,0,0,0,0
6325,L03174,L,297.7,307.9,1644,36.3,31,0,0,0,0,0,0
6326,L03175,L,303.4,314.0,1749,31.3,151,0,0,0,0,0,0
6327,H01262,H,303.6,312.5,1693,39.5,58,0,0,0,0,0,0
6328,L03176,L,299.5,307.9,1255,51.6,145,1,0,1,0,0,0
6329,L03177,L,299.3,309.4,1476,41.1,223,0,0,0,0,0,0
6330,L03178,L,301.2,310.0,1588,40.3,116,0,0,0,0,0,0
6331,L03179,L,301.1,310.2,1494,44.2,91,0,0,0,0,0,0
6332,M01891,M,299.6,310.5,1552,44.8,202,0,0,0,0,0,0
6333,M01892,M,297.5,307.7,1590,42.5,199,0,0,0,0,0,0
6334,M01893,M,300.6,310.0,1443,39.6,192,0,0,0,0,0,0
6335,L03180,L,301.1,310.4,1503,34.9,117,0,0,0,0,0,0
6336,M01894,M,301.5,312.1,1326,50.0,129,0,0,0,0,0,0
6337,L03181,L,300.7,310.9,1452,35.7,148,0,0,0,0,0,0
6338,L03182,L,299.5,308.3,1264,55.7,240,1,0,0,0,1,0
6339,L03183,L,302.0,310.1,1558,41.5,123,0,0,0,0,0,0
6340,L03184,L,300.1,312.0,1503,40.5,115,0,0,0,0,0,0
6341,L03185,L,299.1,307.9,1374,47.6,210,0,0,0,0,0,0
6342,M01895,M,299.6,310.1,1857,33.5,169,0,0,0,0,0,0
6343,M01896,M,296.5,308.0,1494,45.7,221,0,0,0,0,0,0
6344,H01263,H,299.6,309.7,1589,41.2,244,1,1,0,0,0,0
6345,L03186,L,301.4,310.8,1423,44.1,126,0,0,0,0,0,0
6346,L03187,L,300.7,309.3,1463,33.2,103,0,0,0,0,0,0
6347,L03188,L,303.0,311.6,1596,33.1,152,0,0,0,0,0,0
6348,H01264,H,299.5,309.9,1478,21.7,52,1,0,0,1,0,0
6349,M01897,M,301.0,312.5,1538,35.4,136,0,0,0,0,0,0
6350,M01898,M,301.6,311.2,1682,34.9,169,0,0,0,0,0,0
6351,L03189,L,304.7,314.1,1445,33.3,243,1,1,0,0,0,0
6352,M01899,M,300.3,311.0,1299,38.8,27,0,0,0,0,0,0
6353,L03190,L,297.9,307.2,1264,40.6,164,0,0,0,0,0,0
6354,M01900,M,301.7,312.0,1795,45.0,60,0,0,0,0,0,0
6355,H01265,H,303.7,313.7,1704,45.7,58,0,0,0,0,0,0
6356,H01266,H,299.4,309.0,1655,46.5,159,0,0,0,0,0,0
6357,M01901,M,301.7,311.7,1459,46.9,168,0,0,0,0,0,0
6358,L03191,L,302.5,314.3,1299,42.8,74,0,0,0,0,0,0
6359,H01267,H,302.0,312.6,1487,40.6,248,0,0,0,0,0,0
6360,M01902,M,300.3,311.4,1521,49.3,113,0,0,0,0,0,0
6361,L03192,L,298.6,307.7,1335,46.9,212,0,0,0,0,0,0
6362,L03193,L,299.8,310.9,1274,25.2,125,1,0,0,1,0,0
6363,L03194,L,300.9,311.5,1228,38.3,151,0,0,0,0,0,0
6364,L03195,L,301.8,310.3,1655,22.0,64,0,0,0,0,0,0
6365,L03196,L,300.7,311.2,1322,21.8,207,1,0,0,1,0,0
6366,M01903,M,299.2,308.7,1593,34.9,115,0,0,0,0,0,0
6367,L03197,L,301.1,309.6,1466,38.7,87,0,0,0,0,0,0
6368,L03198,L,301.7,311.8,1643,35.8,9,0,0,0,0,0,0
6369,M01904,M,300.8,311.3,1598,22.2,223,1,1,0,0,0,0
6370,H01268,H,298.3,308.5,1496,47.8,91,0,0,0,0,0,0
6371,M01905,M,299.6,309.5,1561,32.9,49,0,0,0,0,0,0
6372,L03199,L,301.9,311.6,1518,44.9,96,0,0,0,0,0,0
6373,H01269,H,297.2,309.7,1427,33.2,62,0,0,0,0,0,0
6374,H01270,H,295.8,304.6,1713,35.0,229,1,1,0,0,0,0
6375,L03200,L,303.0,313.9,1462,44.3,85,0,0,0,0,0,0
6376,L03201,L,301.0,311.0,1522,36.5,192,0,0,0,0,0,0
6377,M01906,M,301.2,310.3,1284,41.7,98,0,0,0,0,0,0
6378,H01271,H,297.8,307.8,1587,42.8,57,0,0,0,0,0,0
6379,H01272,H,301.5,310.1,1428,25.7,236,0,0,0,0,0,0
6380,H01273,H,300.6,310.0,1452,44.8,203,0,0,0,0,0,0
6381,M01907,M,296.8,306.8,1387,30.6,247,1,1,0,0,0,0
6382,M01908,M,302.8,311.2,1515,28.9,45,0,0,0,0,0,0
6383,L03202,L,300.3,310.8,1178,32.7,88,0,0,0,0,0,0
6384,L03203,L,299.2,308.2,1660,48.1,27,0,0,0,0,0,0
6385,L03204,L,299.2,307.7,1531,24.0,119,0,0,0,0,0,0
6386,M01909,M,296.0,304.9,1454,46.5,208,0,0,0,0,0,0
6387,M01910,M,301.2,313.4,1260,43.4,207,0,0,0,0,0,0
6388,M01911,M,300.5,308.5,1615,40.7,223,1,1,0,0,0,0
6389,L03205,L,299.6,310.0,1424,42.5,58,0,0,0,0,0,0
6390,M01912,M,302.6,311.8,1771,37.1,236,0,0,0,0,0,0
6391,L03206,L,297.2,306.8,1625,46.8,3,0,0,0,0,0,0
6392,L03207,L,298.8,309.4,1812,35.7,110,0,0,0,0,0,0
6393,M01913,M,298.3,308.9,1562,23.8,123,0,0,0,0,0,0
6394,M01914,M,299.4,308.7,1730,39.2,168,0,0,0,0,0,0
6395,H01274,H,300.1,308.7,1620,48.0,112,0,0,0,0,0,0
6396,L03208,L,300.9,311.5,1457,44.9,59,0,0,0,0,0,0
6397,L03209,L,299.3,309.9,1571,58.1,61,1,0,0,1,0,0
6398,L03210,L,298.2,307.9,1388,37.5,10,0,0,0,0,0,0
6399,L03211,L,303.4,313.8,1908,38.4,19,0,0,0,0,0,0
6400,H01275,H,304.8,314.4,1519,37.7,217,0,0,0,0,0,0
6401,M01915,M,300.3,309.5,1542,32.2,134,0,0,0,0,0,0
6402,H01276,H,298.5,308.5,1607,35.3,94,0,0,0,0,0,0
6403,L03212,L,303.0,313.5,1343,29.6,61,0,0,0,0,0,0
6404,H01277,H,297.1,307.4,1774,17.1,134,1,0,0,1,0,0
6405,L03213,L,299.3,309.8,1354,34.2,118,0,0,0,0,0,0
6406,H01278,H,298.6,307.8,1313,40.2,63,0,0,0,0,0,0
6407,L03214,L,297.7,309.3,1508,46.3,185,0,0,0,0,0,0
6408,L03215,L,299.4,309.1,1309,34.2,131,0,0,0,0,0,0
6409,M01916,M,298.3,308.2,1817,34.4,199,0,0,0,0,0,0
6410,H01279,H,300.0,308.7,1496,50.3,242,0,0,0,0,0,0
6411,L03216,L,300.1,309.9,1168,26.7,141,1,0,0,1,0,0
6412,L03217,L,298.8,309.3,1573,38.4,248,1,1,0,0,0,0
6413,H01280,H,299.3,310.1,1637,49.6,85,0,0,0,0,0,0
6414,L03218,L,299.5,311.1,1462,32.9,150,0,0,0,0,0,0
6415,L03219,L,301.6,312.1,1295,24.7,88,1,0,0,1,0,0
6416,L03220,L,299.7,310.0,1519,57.1,35,1,0,0,1,0,0
6417,L03221,L,301.6,311.2,1451,48.0,244,1,1,0,0,1,0
6418,H01281,H,301.2,310.5,1363,48.3,240,0,0,0,0,0,0
6419,M01917,M,301.1,312.1,1347,39.1,89,0,0,0,0,0,0
6420,M01918,M,302.8,313.8,1565,46.4,23,0,0,0,0,0,0
6421,H01282,H,297.8,306.7,1699,15.1,81,1,0,0,1,0,0
6422,L03222,L,299.1,309.8,1620,35.6,20,0,0,0,0,0,0
6423,L03223,L,303.5,314.2,1228,49.5,62,0,0,0,0,0,0
6424,L03224,L,299.5,308.4,1648,26.0,46,0,0,0,0,0,0
6425,L03225,L,294.4,304.9,1676,36.7,68,0,0,0,0,0,0
6426,L03226,L,299.6,308.6,1787,43.2,14,0,0,0,0,0,0
6427,H01283,H,300.3,307.9,1367,32.2,158,1,0,1,0,0,0
6428,M01919,M,294.8,304.6,1527,40.1,217,0,0,0,0,0,0
6429,L03227,L,302.7,313.0,1639,43.9,3,0,0,0,0,0,0
6430,M01920,M,298.6,308.5,1443,43.0,126,0,0,0,0,0,0
6431,M01921,M,300.7,313.6,1636,36.0,131,0,0,0,0,0,0
6432,H01284,H,299.5,309.9,1533,31.7,171,0,0,0,0,0,0
6433,H01285,H,297.4,307.5,1386,44.0,113,0,0,0,0,0,0
6434,M01922,M,297.9,308.3,1401,43.4,188,0,0,0,0,0,0
6435,M01923,M,298.1,307.7,1761,42.9,190,0,0,0,0,0,0
6436,M01924,M,302.2,313.1,1359,41.1,82,0,0,0,0,0,0
6437,M01925,M,299.7,310.1,1328,43.4,153,0,0,0,0,0,0
6438,L03228,L,299.0,309.3,1599,48.8,177,0,0,0,0,0,0
6439,L03229,L,298.1,307.5,1532,43.1,160,0,0,0,0,0,0
6440,M01926,M,302.4,310.8,1303,41.0,131,1,0,1,0,0,0
6441,L03230,L,302.9,312.4,1445,34.7,184,0,0,0,0,0,0
6442,L03231,L,302.4,312.7,1391,53.9,238,1,1,0,0,1,0
6443,M01927,M,301.0,310.6,1423,28.8,61,0,0,0,0,0,0
6444,L03232,L,300.6,310.9,1989,38.0,101,0,0,0,0,0,0
6445,M01928,M,297.6,307.4,1483,34.9,87,0,0,0,0,0,0
6446,M01929,M,299.5,309.9,1380,21.7,222,1,1,0,1,0,0
6447,H01286,H,298.6,307.6,1899,43.5,161,0,0,0,0,0,0
6448,L03233,L,296.3,306.5,1696,38.0,125,0,0,0,0,0,0
6449,L03234,L,302.1,311.5,1667,40.3,33,0,0,0,0,0,0
6450,M01930,M,298.6,307.1,1388,38.2,129,0,0,0,0,0,0
6451,H01287,H,302.4,312.2,1751,47.5,42,0,0,0,0,0,0
6452,H01288,H,301.8,313.3,1684,48.8,71,0,0,0,0,0,0
6453,L03235,L,301.1,309.6,1564,29.0,176,0,0,0,0,0,0
6454,L03236,L,301.2,311.3,1230,57.7,20,0,0,0,0,0,0
6455,H01289,H,298.8,309.6,1534,37.6,139,0,0,0,0,0,0
6456,L03237,L,303.7,316.0,1847,45.9,35,0,0,0,0,0,0
6457,M01931,M,300.1,309.6,1577,41.8,122,0,0,0,0,0,0
6458,L03238,L,300.6,310.0,1470,41.1,0,0,0,0,0,0,0
6459,L03239,L,298.7,307.5,1497,45.6,169,0,0,0,0,0,0
6460,L03240,L,298.1,309.2,1509,53.2,102,0,0,0,0,0,0
6461,L03241,L,301.0,310.1,1394,47.8,143,0,0,0,0,0,0
6462,M01932,M,300.4,310.0,1530,37.6,48,0,0,0,0,0,0
6463,H01290,H,298.4,306.6,1796,39.2,5,0,0,0,0,0,0
6464,L03242,L,297.1,308.0,1775,34.4,123,0,0,0,0,0,0
6465,H01291,H,297.5,308.7,1402,47.2,224,0,0,0,0,0,0
6466,L03243,L,302.4,313.2,1766,45.9,234,0,0,0,0,0,0
6467,M01933,M,298.8,307.2,1674,36.6,12,0,0,0,0,0,0
6468,L03244,L,299.3,309.9,1651,53.3,172,1,0,0,1,0,0
6469,H01292,H,302.9,311.2,1615,50.7,8,0,0,0,0,0,0
6470,M01934,M,297.8,307.9,1371,58.2,226,1,1,0,0,1,0
6471,M01935,M,298.5,308.7,1465,32.1,155,0,0,0,0,0,0
6472,H01293,H,298.5,308.8,1687,39.0,191,0,0,0,0,0,0
6473,M01936,M,303.2,313.7,1321,38.0,161,0,0,0,0,0,0
6474,H01294,H,304.0,314.0,1351,66.0,159,1,0,0,1,0,0
6475,M01937,M,301.5,309.5,1592,40.1,118,0,0,0,0,0,0
6476,H01295,H,301.6,312.1,1396,52.7,192,0,0,0,0,0,0
6477,M01938,M,298.8,308.9,1685,50.3,102,0,0,0,0,0,0
6478,L03245,L,303.9,313.0,1402,39.2,88,0,0,0,0,0,0
6479,M01939,M,300.5,308.9,1581,40.6,179,0,0,0,0,0,0
6480,L03246,L,301.7,313.2,1596,45.2,73,0,0,0,0,0,0
6481,M01940,M,299.8,311.0,1451,52.6,193,0,0,0,0,0,0
6482,L03247,L,299.5,310.2,1495,38.3,131,0,0,0,0,0,0
6483,M01941,M,303.3,312.6,1416,34.9,24,0,0,0,0,0,0
6484,L03248,L,301.1,308.6,1534,49.3,79,0,0,0,0,0,0
6485,L03249,L,302.9,313.7,1365,28.5,62,0,0,0,0,0,0
6486,L03250,L,300.5,310.9,1497,42.5,39,0,0,0,0,0,0
6487,H01296,H,298.3,307.9,1671,50.6,107,0,0,0,0,0,0
6488,L03251,L,298.8,309.9,1334,44.3,68,0,0,0,0,0,0
6489,L03252,L,300.2,311.0,1450,34.3,183,0,0,0,0,0,0
6490,M01942,M,298.7,308.9,1630,30.0,150,0,0,0,0,0,0
6491,M01943,M,297.8,307.8,1168,51.9,83,0,0,0,0,0,0
6492,L03253,L,302.4,312.5,1870,38.2,130,0,0,0,0,0,0
6493,L03254,L,298.9,309.6,1725,31.0,127,0,0,0,0,0,0
6494,L03255,L,300.3,309.4,1262,51.4,64,0,0,0,0,0,0
6495,H01297,H,300.6,311.0,1168,48.0,237,0,0,0,0,0,0
6496,L03256,L,298.8,307.9,1543,29.5,125,0,0,0,0,0,0
6497,L03257,L,302.9,314.2,1337,65.1,50,1,0,0,1,0,0
6498,L03258,L,297.8,308.3,1710,34.6,247,0,0,0,0,0,0
6499,L03259,L,300.5,309.8,1608,47.8,24,0,0,0,0,0,0
6500,M01944,M,300.5,310.6,1560,59.9,207,1,0,0,1,1,0
6501,L03260,L,299.9,309.0,1435,48.9,40,0,0,0,0,0,0
6502,L03261,L,297.4,308.9,1824,42.6,4,0,0,0,0,0,0
6503,L03262,L,301.7,313.3,1672,25.7,227,0,0,0,0,0,0
6504,L03263,L,301.5,312.2,1645,60.4,191,1,0,0,1,1,0
6505,L03264,L,298.6,310.2,1752,48.7,133,0,0,0,0,0,0
6506,H01298,H,301.4,311.6,1355,25.9,75,0,0,0,0,0,0
6507,M01945,M,300.7,311.5,1767,55.4,45,1,0,0,1,0,0
6508,H01299,H,297.4,308.6,1490,40.6,150,0,0,0,0,0,0
6509,H01300,H,298.3,308.3,1597,37.2,109,0,0,0,0,0,0
6510,M01946,M,302.3,312.4,1509,34.3,165,0,0,0,0,0,0
6511,L03265,L,300.6,311.5,1201,41.7,132,0,0,0,0,0,0
6512,M01947,M,298.9,309.5,1709,48.1,60,0,0,0,0,0,0
6513,H01301,H,298.3,307.5,1211,35.1,129,0,0,0,0,0,0
6514,M01948,M,299.0,306.8,1364,41.3,2,1,0,1,0,0,0
6515,M01949,M,299.1,308.9,1456,73.8,232,1,1,0,1,1,0
6516,L03266,L,298.3,306.2,1188,44.8,134,1,0,1,0,0,0
6517,H01302,H,296.5,305.5,1340,49.7,89,0,0,0,0,0,0
6518,M01950,M,302.3,311.4,1581,30.4,203,0,0,0,0,0,0
6519,H01303,H,301.9,311.3,1475,26.4,177,0,0,0,0,0,0
6520,L03267,L,297.5,308.3,1490,54.6,187,0,0,0,0,0,0
6521,L03268,L,300.3,311.3,1374,51.8,236,1,1,0,0,1,0
6522,L03269,L,298.2,308.7,1546,57.1,192,1,0,0,1,0,0
6523,M01951,M,299.5,310.1,1479,39.2,192,0,0,0,0,0,0
6524,L03270,L,299.3,310.0,1244,52.5,96,0,0,0,0,0,0
6525,L03271,L,299.1,306.6,1502,14.5,61,1,0,0,1,0,0
6526,H01304,H,304.0,314.0,1315,45.4,53,0,0,0,0,0,0
6527,L03272,L,299.1,307.3,1698,50.3,244,1,1,0,0,1,0
6528,H01305,H,298.4,308.9,1467,33.1,230,1,1,0,0,0,0
6529,L03273,L,298.5,306.4,1989,50.6,52,1,0,0,1,0,0
6530,H01306,H,302.1,311.9,1711,38.2,8,0,0,0,0,0,0
6531,M01952,M,296.7,307.2,1514,39.2,128,0,0,0,0,0,0
6532,H01307,H,298.5,307.4,1641,37.4,142,0,0,0,0,0,0
6533,H01308,H,302.9,313.9,1168,55.8,88,0,0,0,0,0,0
6534,L03274,L,300.5,311.0,1710,35.5,107,0,0,0,0,0,0
6535,L03275,L,300.4,310.8,1391,34.2,35,0,0,0,0,0,0
6536,L03276,L,304.3,315.0,1554,31.4,137,0,0,0,0,0,0
6537,M01953,M,300.5,310.1,1407,36.3,118,0,0,0,0,0,0
6538,H01309,H,298.6,308.8,1426,42.0,49,0,0,0,0,0,0
6539,L03277,L,299.4,309.4,1505,46.4,158,0,0,0,0,0,0
6540,M01954,M,297.7,307.7,1551,32.5,242,1,1,0,0,0,0
6541,L03278,L,302.5,311.8,1533,43.7,211,0,0,0,0,0,0
6542,H01310,H,301.1,309.9,1537,46.1,68,0,0,0,0,0,0
6543,H01311,H,302.2,311.9,1247,30.7,219,0,0,0,0,0,0
6544,L03279,L,302.4,312.0,1955,40.6,97,0,0,0,0,0,0
6545,L03280,L,299.2,308.5,1579,39.2,102,0,0,0,0,0,0
6546,L03281,L,298.1,309.0,1616,40.7,101,0,0,0,0,0,0
6547,M01955,M,299.9,308.7,1477,34.7,15,0,0,0,0,0,0
6548,M01956,M,298.3,308.1,1381,38.6,78,0,0,0,0,0,0
6549,L03282,L,300.3,311.5,1565,40.3,232,0,0,0,0,0,0
6550,L03283,L,302.3,313.2,1589,58.6,230,1,0,0,1,1,0
6551,L03284,L,299.7,310.9,1771,40.4,41,0,0,0,0,0,0
6552,M01957,M,300.3,309.7,1909,53.4,153,1,0,0,1,0,0
6553,M01958,M,299.8,310.6,1802,54.1,157,1,0,0,1,0,0
6554,L03285,L,301.6,310.5,1221,26.8,1,1,0,0,1,0,0
6555,M01959,M,298.7,308.4,1455,37.1,194,0,0,0,0,0,0
6556,M01960,M,295.6,305.4,1598,54.2,210,1,0,0,1,0,0
6557,L03286,L,300.9,310.3,1466,41.8,183,0,0,0,0,0,0
6558,L03287,L,302.0,311.6,1530,38.8,151,0,0,0,0,0,0
6559,M01961,M,300.9,310.4,1168,47.5,194,0,0,0,0,0,0
6560,H01312,H,298.7,307.7,1701,50.7,39,1,0,0,1,0,0
6561,L03288,L,297.7,308.6,1202,39.7,190,0,0,0,0,0,0
6562,L03289,L,301.0,310.8,1256,37.2,196,0,0,0,0,0,0
6563,L03290,L,300.3,310.5,1356,16.4,58,1,0,0,1,0,0
6564,M01962,M,299.7,309.9,1520,40.5,223,0,0,0,0,0,0
6565,L03291,L,303.6,313.7,1247,36.2,60,0,0,0,0,0,0
6566,L03292,L,298.1,308.2,1348,29.9,179,0,0,0,0,0,0
6567,M01963,M,303.6,313.3,1743,37.9,222,0,0,0,0,0,0
6568,M01964,M,300.1,311.5,1517,35.8,75,0,0,0,0,0,0
6569,L03293,L,296.3,307.1,1615,41.7,234,0,0,0,0,0,0
6570,L03294,L,299.6,309.6,1316,37.2,35,0,0,0,0,0,0
6571,M01965,M,301.9,311.5,1528,44.5,227,1,1,0,0,0,0
6572,L03295,L,299.3,309.2,1513,41.7,30,0,0,0,0,0,0
6573,L03296,L,297.1,307.5,1395,52.7,224,1,0,0,0,1,0
6574,H01313,H,299.7,311.2,1528,34.7,122,0,0,0,0,0,0
6575,L03297,L,298.3,306.9,1199,57.8,6,1,0,1,0,0,0
6576,M01966,M,301.0,311.7,1616,50.7,122,0,0,0,0,0,0
6577,H01314,H,301.5,312.6,1466,54.9,217,1,1,0,0,0,0
6578,L03298,L,297.9,306.4,1491,42.5,89,0,0,0,0,0,0
6579,L03299,L,298.6,308.4,1690,37.2,19,0,0,0,0,0,0
6580,M01967,M,301.5,310.4,1615,34.6,97,0,0,0,0,0,0
6581,H01315,H,298.3,308.7,1481,57.5,160,0,0,0,0,0,0
6582,H01316,H,297.8,307.4,1338,51.0,210,0,0,0,0,0,0
6583,M01968,M,297.6,307.5,1775,29.9,144,0,0,0,0,0,0
6584,L03300,L,300.7,310.3,1298,49.8,234,1,0,0,0,1,0
6585,M01969,M,300.6,311.3,1650,31.7,228,0,0,0,0,0,0
6586,L03301,L,298.6,308.8,1252,43.2,5,0,0,0,0,0,0
6587,L03302,L,300.0,310.2,1702,48.3,122,0,0,0,0,0,0
6588,L03303,L,303.1,313.3,1718,54.6,85,1,0,0,1,0,0
6589,L03304,L,298.1,308.7,1195,42.4,229,1,1,0,0,0,0
6590,M01970,M,296.1,305.8,1618,38.7,246,1,1,0,0,0,0
6591,L03305,L,300.9,312.6,1603,40.4,80,0,0,0,0,0,0
6592,L03306,L,299.8,308.6,1663,50.7,147,0,0,0,0,0,0
6593,L03307,L,298.6,306.9,1603,47.9,105,0,0,0,0,0,0
6594,H01317,H,301.3,309.5,1365,39.8,169,1,0,1,0,0,0
6595,M01971,M,301.7,309.6,1499,21.4,190,1,0,0,1,0,0
6596,L03308,L,295.6,306.3,1835,15.7,40,1,0,0,1,0,0
6597,L03309,L,298.7,309.3,1339,42.3,217,0,0,0,0,0,0
6598,L03310,L,304.6,315.8,1595,28.2,91,0,0,0,0,0,0
6599,H01318,H,301.2,310.1,1744,34.7,113,0,0,0,0,0,0
6600,M01972,M,301.4,312.1,1360,37.7,108,0,0,0,0,0,0
6601,M01973,M,302.3,312.4,1284,60.8,199,1,0,0,0,1,0
6602,M01974,M,300.0,310.2,1311,41.2,234,0,0,0,0,0,0
6603,L03311,L,301.6,312.2,1608,47.2,134,0,0,0,0,0,0
6604,H01319,H,301.4,310.6,1309,45.0,198,0,0,0,0,0,0
6605,M01975,M,301.1,313.7,1513,15.8,156,1,0,0,1,0,0
6606,L03312,L,299.4,310.7,1783,36.0,66,0,0,0,0,0,0
6607,L03313,L,300.3,309.8,1528,27.8,143,0,0,0,0,0,0
6608,M01976,M,298.8,307.7,1398,57.3,76,0,0,0,0,0,0
6609,H01320,H,300.0,309.9,1560,21.8,49,0,0,0,0,0,0
6610,L03314,L,297.7,307.9,1525,35.8,81,0,0,0,0,0,0
6611,H01321,H,298.4,309.5,1619,37.4,43,0,0,0,0,0,0
6612,M01977,M,299.4,308.2,1827,30.1,204,1,1,0,0,0,0
6613,L03315,L,298.1,308.4,1609,41.0,30,0,0,0,0,0,0
6614,L03316,L,299.0,307.5,1902,39.6,66,0,0,0,0,0,0
6615,L03317,L,299.7,310.1,1619,41.6,221,1,1,0,0,0,0
6616,M01978,M,300.8,310.7,1400,45.0,2,0,0,0,0,0,0
6617,L03318,L,301.9,313.8,1947,42.4,89,0,0,0,0,0,0
6618,L03319,L,299.1,307.6,1515,43.8,193,0,0,0,0,0,0
6619,M01979,M,302.7,314.1,1349,51.1,102,0,0,0,0,0,0
6620,M01980,M,301.9,310.2,1953,23.5,225,0,0,0,0,0,0
6621,L03320,L,301.0,309.7,1406,47.0,101,0,0,0,0,0,0
6622,L03321,L,300.3,308.6,1399,29.5,204,0,0,0,0,0,0
6623,L03322,L,300.6,310.9,1439,33.6,74,0,0,0,0,0,0
6624,M01981,M,302.4,311.2,1567,41.2,100,0,0,0,0,0,0
6625,H01322,H,302.4,311.1,1704,44.1,6,0,0,0,0,0,0
6626,L03323,L,302.7,312.9,1168,45.3,234,0,0,0,0,0,0
6627,H01323,H,300.1,310.6,1703,30.5,26,0,0,0,0,0,0
6628,M01982,M,301.1,311.1,1438,56.3,6,0,0,0,0,0,0
6629,M01983,M,302.7,312.5,1464,35.8,7,0,0,0,0,0,0
6630,M01984,M,298.8,310.6,1845,32.8,99,0,0,0,0,0,0
6631,L03324,L,299.4,309.5,1576,27.3,41,0,0,0,0,0,0
6632,L03325,L,300.0,310.8,1618,26.3,220,0,0,0,0,0,0
6633,M01985,M,301.8,311.9,1529,26.0,84,0,0,0,0,0,0
6634,M01986,M,301.8,310.7,1674,43.1,153,0,0,0,0,0,0
6635,M01987,M,299.5,310.0,1827,46.0,60,0,0,0,0,0,0
6636,L03326,L,297.0,306.3,1168,31.4,19,0,0,0,0,0,0
6637,H01324,H,300.5,310.4,1732,28.6,220,0,0,0,0,0,0
6638,M01988,M,298.2,308.5,1814,37.9,78,0,0,0,0,0,0
6639,L03327,L,297.0,305.1,1627,41.0,86,0,0,0,0,0,0
6640,L03328,L,297.5,305.9,1416,42.6,78,0,0,0,0,0,0
6641,M01989,M,300.7,311.6,1331,30.4,50,0,0,0,0,0,0
6642,M01990,M,302.7,312.0,1960,38.3,73,0,0,0,0,0,0
6643,L03329,L,300.1,309.5,1376,55.7,129,0,0,0,0,0,0
6644,H01325,H,300.4,310.6,1809,28.1,239,0,0,0,0,0,0
6645,L03330,L,302.4,312.0,1607,39.7,115,0,0,0,0,0,0
6646,L03331,L,296.9,307.3,1904,45.0,127,0,0,0,0,0,0
6647,H01326,H,301.0,310.9,1481,30.3,29,0,0,0,0,0,0
6648,H01327,H,300.0,310.2,1250,46.1,228,0,0,0,0,0,0
6649,M01991,M,301.1,310.4,1538,26.6,90,0,0,0,0,0,0
6650,H01328,H,299.0,309.2,1271,46.3,144,0,0,0,0,0,0
6651,L03332,L,298.4,309.5,2017,40.4,194,0,0,0,0,0,0
6652,H01329,H,300.3,309.7,1650,25.8,199,0,0,0,0,0,0
6653,L03333,L,303.3,314.2,1677,46.9,170,0,0,0,0,0,0
6654,L03334,L,301.7,311.6,1677,31.0,100,0,0,0,0,0,0
6655,L03335,L,299.0,309.7,1413,38.5,48,0,0,0,0,0,0
6656,L03336,L,297.3,307.4,1514,46.3,3,0,0,0,0,0,0
6657,L03337,L,296.6,306.6,1557,30.4,215,0,0,0,0,0,0
6658,L03338,L,302.6,312.9,1885,34.7,28,0,0,0,0,0,0
6659,L03339,L,298.1,309.3,1330,51.3,199,0,0,0,0,0,0
6660,L03340,L,299.3,309.5,1407,19.3,161,1,0,0,1,0,0
6661,M01992,M,302.6,313.1,1473,54.2,239,1,1,0,0,1,0
6662,L03341,L,296.8,306.4,1417,25.4,136,0,0,0,0,0,0
6663,L03342,L,303.0,314.6,1276,33.0,185,0,0,0,0,0,0
6664,M01993,M,299.5,310.1,1168,42.8,80,0,0,0,0,0,0
6665,H01330,H,297.7,307.8,1210,46.0,73,0,0,0,0,0,0
6666,M01994,M,299.5,309.4,1734,43.0,151,0,0,0,0,0,0
6667,L03343,L,298.6,309.6,1536,40.5,183,0,0,0,0,0,0
6668,M01995,M,300.9,310.3,1687,35.6,236,1,1,0,0,0,0
6669,L03344,L,298.7,306.9,1433,55.6,213,1,0,0,0,1,0
6670,L03345,L,296.2,306.3,1520,47.7,80,0,0,0,0,0,0
6671,L03346,L,299.6,310.8,1826,51.8,222,1,0,0,1,1,0
6672,H01331,H,297.3,308.9,1815,35.8,107,0,0,0,0,0,0
6673,L03347,L,300.4,310.3,1706,16.7,188,1,0,0,1,0,0
6674,L03348,L,297.6,307.6,1574,50.2,200,0,0,0,0,0,0
6675,L03349,L,299.0,309.5,1630,43.6,206,0,0,0,0,0,0
6676,H01332,H,300.4,310.1,1604,41.8,190,0,0,0,0,0,0
6677,M01996,M,299.6,310.1,1508,34.3,169,0,0,0,0,0,0
6678,L03350,L,300.5,310.4,1465,36.5,114,0,0,0,0,0,0
6679,M01997,M,301.4,312.4,1738,34.0,221,0,0,0,0,0,0
6680,M01998,M,297.7,308.4,1306,40.5,16,0,0,0,0,0,0
6681,M01999,M,299.9,310.7,1804,28.6,198,0,0,0,0,0,0
6682,L03351,L,293.3,303.1,1488,47.6,237,1,0,0,0,1,0
6683,H01333,H,300.5,312.4,1302,60.4,236,1,0,0,0,1,0
6684,L03352,L,299.4,309.9,1440,34.0,89,0,0,0,0,0,0
6685,M02000,M,298.0,308.2,1381,24.1,244,1,1,0,1,0,0
6686,L03353,L,300.6,309.8,1434,39.0,193,0,0,0,0,0,0
6687,L03354,L,302.3,312.2,1431,43.2,47,0,0,0,0,0,0
6688,L03355,L,299.0,309.1,1424,44.5,220,0,0,0,0,0,0
6689,M02001,M,298.1,307.3,1482,56.0,112,0,0,0,0,0,0
6690,L03356,L,300.3,310.0,1526,48.2,197,0,0,0,0,0,0
6691,M02002,M,297.3,307.1,1674,21.9,160,0,0,0,0,0,0
6692,L03357,L,298.7,308.8,1494,27.6,37,0,0,0,0,0,0
6693,M02003,M,302.4,310.6,1596,44.1,0,0,0,0,0,0,0
6694,H01334,H,300.1,310.0,1539,35.5,54,0,0,0,0,0,0
6695,M02004,M,296.2,305.8,1634,55.2,182,1,0,0,1,0,0
6696,M02005,M,296.4,306.4,1546,30.6,137,0,0,0,0,0,0
6697,M02006,M,300.3,311.3,1422,49.6,115,0,0,0,0,0,0
6698,L03358,L,301.7,313.8,1373,33.5,54,0,0,0,0,0,0
6699,H01335,H,296.8,307.5,1575,42.6,94,0,0,0,0,0,0
6700,L03359,L,300.9,309.7,1765,31.7,124,0,0,0,0,0,0
6701,M02007,M,302.7,312.4,1496,45.6,23,0,0,0,0,0,0
6702,M02008,M,303.8,314.4,1412,50.7,199,0,0,0,0,0,0
6703,L03360,L,300.7,311.2,1492,42.5,27,0,0,0,0,0,0
6704,L03361,L,301.0,312.0,1437,59.1,91,0,0,0,0,0,0
6705,L03362,L,295.7,305.6,1418,32.8,239,0,0,0,0,0,0
6706,H01336,H,304.2,313.8,1279,41.0,107,0,0,0,0,0,0
6707,H01337,H,298.8,310.6,1494,48.5,50,0,0,0,0,0,0
6708,M02009,M,298.1,308.2,1580,30.5,125,0,0,0,0,0,0
6709,M02010,M,299.5,308.5,1344,40.6,173,0,0,0,0,0,0
6710,H01338,H,303.0,314.5,1380,46.6,199,0,0,0,0,0,0
6711,L03363,L,304.4,312.9,1368,49.3,156,1,0,1,0,0,0
6712,L03364,L,300.3,306.8,1289,51.4,146,1,0,1,0,0,0
6713,M02011,M,302.0,312.8,1366,31.3,92,0,0,0,0,0,0
6714,H01339,H,300.1,311.0,1502,42.9,122,0,0,0,0,0,0
6715,H01340,H,297.9,308.3,1297,26.9,206,0,0,0,0,0,0
6716,L03365,L,303.0,311.7,1513,32.8,222,0,0,0,0,0,0
6717,L03366,L,298.8,308.7,1412,38.3,4,0,0,0,0,0,0
6718,L03367,L,303.1,312.8,1371,51.4,176,0,0,0,0,0,0
6719,L03368,L,302.6,312.1,1605,45.3,91,0,0,0,0,0,0
6720,L03369,L,301.2,312.6,1423,40.4,54,0,0,0,0,0,0
6721,M02012,M,303.7,312.7,1453,44.5,45,0,0,0,0,0,0
6722,L03370,L,304.5,314.8,1770,45.2,142,0,0,0,0,0,0
6723,H01341,H,299.6,310.8,1373,43.7,249,0,0,0,0,0,0
6724,L03371,L,298.4,308.8,1818,34.2,199,0,0,0,0,0,0
6725,M02013,M,296.3,307.5,1475,30.4,227,1,1,0,0,0,0
6726,L03372,L,304.5,315.1,1334,37.8,223,0,0,0,0,0,0
6727,L03373,L,299.1,309.5,1438,32.1,166,0,0,0,0,0,0
6728,L03374,L,302.3,312.7,1550,46.2,230,0,0,0,0,0,0
6729,H01342,H,298.5,309.1,1762,55.3,149,1,0,0,1,0,0
6730,H01343,H,303.1,312.7,1680,45.6,61,0,0,0,0,0,0
6731,L03375,L,298.6,307.3,1549,21.9,196,0,0,0,0,0,0
6732,L03376,L,297.6,308.6,1763,33.7,73,0,0,0,0,0,0
6733,H01344,H,299.6,310.8,1201,40.2,243,1,1,0,0,0,0
6734,L03377,L,298.9,309.2,1582,25.7,158,0,0,0,0,0,0
6735,L03378,L,301.2,310.7,1593,40.3,164,0,0,0,0,0,0
6736,M02014,M,299.9,308.3,1595,44.7,150,0,0,0,0,0,0
6737,H01345,H,301.3,311.4,1249,54.1,223,0,0,0,0,0,0
6738,L03379,L,299.4,308.1,1355,58.2,215,1,1,0,0,1,0
6739,L03380,L,298.7,307.2,1508,28.1,131,0,0,0,0,0,0
6740,H01346,H,298.8,308.8,1737,38.8,244,0,0,0,0,0,0
6741,L03381,L,304.1,313.3,1880,39.0,42,0,0,0,0,0,0
6742,L03382,L,300.5,310.8,1419,32.9,37,0,0,0,0,0,0
6743,M02015,M,296.0,305.8,1303,41.0,142,0,0,0,0,0,0
6744,H01347,H,299.0,308.4,1684,39.2,10,0,0,0,0,0,0
6745,L03383,L,300.2,308.5,2005,46.1,24,1,0,0,1,0,0
6746,H01348,H,303.7,312.8,1736,53.6,153,1,0,0,1,0,0
6747,M02016,M,302.1,311.3,1403,41.3,245,0,0,0,0,0,0
6748,L03384,L,298.2,307.0,2050,35.1,38,0,0,0,0,0,0
6749,H01349,H,304.8,314.5,1660,29.7,55,0,0,0,0,0,0
6750,L03385,L,299.9,308.8,1396,60.4,178,0,0,0,0,0,0
6751,L03386,L,302.5,312.3,1884,49.1,100,1,0,0,1,0,0
6752,M02017,M,297.7,307.9,1382,44.0,99,0,0,0,0,0,0
6753,L03387,L,295.2,304.4,1426,38.3,160,0,0,0,0,0,0
6754,L03388,L,297.2,307.6,1668,56.1,111,1,0,0,1,0,0
6755,L03389,L,293.5,302.1,1533,38.4,107,0,0,0,0,0,0
6756,L03390,L,304.2,313.1,1544,22.9,147,0,0,0,0,0,0
6757,H01350,H,300.4,310.3,1544,42.7,241,0,0,0,0,0,0
6758,M02018,M,298.2,308.9,1737,27.7,51,0,0,0,0,0,0
6759,H01351,H,300.9,311.8,1168,42.7,33,0,0,0,0,0,0
6760,L03391,L,300.4,312.0,1588,53.4,44,0,0,0,0,0,0
6761,L03392,L,301.2,310.8,1486,23.3,75,0,0,0,0,0,0
6762,L03393,L,302.4,312.3,1403,31.0,99,0,0,0,0,0,0
6763,L03394,L,299.4,308.4,1402,48.6,3,0,0,0,0,0,0
6764,L03395,L,298.2,306.9,1168,35.0,12,0,0,0,0,0,0
6765,M02019,M,301.7,311.9,1395,44.2,58,0,0,0,0,0,0
6766,H01352,H,301.6,310.8,1768,44.2,66,0,0,0,0,0,0
6767,H01353,H,300.2,311.4,1686,48.9,180,0,0,0,0,0,0
6768,L03396,L,304.4,312.9,1503,33.5,248,0,0,0,0,0,0
6769,H01354,H,299.1,309.6,1285,14.5,144,1,0,0,1,0,0
6770,L03397,L,298.2,307.2,1685,44.0,198,0,0,0,0,0,0
6771,L03398,L,300.8,310.0,1772,24.3,121,0,0,0,0,0,0
6772,H01355,H,298.7,309.2,1723,49.4,44,0,0,0,0,0,0
6773,M02020,M,301.0,310.3,1364,39.6,46,0,0,0,0,0,0
6774,L03399,L,298.3,307.8,1383,37.0,205,0,0,0,0,0,0
6775,L03400,L,299.2,308.4,1834,46.9,95,1,0,0,1,0,0
6776,L03401,L,303.8,315.6,1321,22.6,111,1,0,0,1,0,0
6777,M02021,M,299.2,308.6,1623,38.0,240,0,0,0,0,0,0
6778,L03402,L,298.4,308.5,1219,44.5,153,0,0,0,0,0,0
6779,H01356,H,302.3,312.1,1484,42.5,158,0,0,0,0,0,0
6780,L03403,L,297.9,308.1,1642,35.1,111,0,0,0,0,0,0
6781,L03404,L,298.6,308.0,1532,35.2,123,0,0,0,0,0,0
6782,L03405,L,301.2,311.0,1631,55.4,158,1,0,0,1,0,0
6783,M02022,M,301.9,312.3,1318,49.1,207,0,0,0,0,0,0
6784,L03406,L,302.4,311.5,1391,33.4,59,0,0,0,0,0,0
6785,M02023,M,298.5,309.6,1624,53.5,0,1,0,0,1,0,0
6786,H01357,H,301.2,312.4,1662,47.6,173,0,0,0,0,0,0
6787,H01358,H,299.1,309.7,1577,44.9,33,0,0,0,0,0,0
6788,H01359,H,298.8,308.9,1707,45.3,217,0,0,0,0,0,0
6789,H01360,H,302.4,309.4,1241,28.5,181,1,0,1,0,0,0
6790,M02024,M,298.9,309.3,1454,55.1,186,0,0,0,0,0,0
6791,H01361,H,300.6,310.2,1864,49.5,93,1,0,0,1,0,0
6792,L03407,L,300.3,310.1,1767,42.5,40,0,0,0,0,0,0
6793,L03408,L,297.9,306.0,1651,42.4,50,0,0,0,0,0,0
6794,L03409,L,301.9,312.4,1510,39.1,4,0,0,0,0,0,0
6795,L03410,L,301.1,309.7,1723,34.3,87,0,0,0,0,0,0
6796,L03411,L,296.0,306.1,1614,45.3,137,0,0,0,0,0,0
6797,H01362,H,300.6,311.5,1266,32.0,165,0,0,0,0,0,0
6798,L03412,L,298.5,308.0,1716,41.5,162,0,0,0,0,0,0
6799,L03413,L,302.2,313.4,1382,41.0,193,0,0,0,0,0,0
6800,M02025,M,297.1,306.4,1673,43.9,220,0,0,0,0,0,0
6801,L03414,L,299.3,309.9,1248,49.4,146,0,0,0,0,0,0
6802,L03415,L,300.7,309.4,1824,44.0,165,0,0,0,0,0,0
6803,L03416,L,300.1,311.1,1488,46.9,180,0,0,0,0,0,0
6804,L03417,L,301.5,312.4,1339,20.6,119,1,0,0,1,0,0
6805,L03418,L,297.0,307.5,1414,44.6,233,0,0,0,0,0,0
6806,M02026,M,303.3,312.9,1477,40.8,49,0,0,0,0,0,0
6807,M02027,M,301.1,309.7,1536,43.7,77,0,0,0,0,0,0
6808,L03419,L,302.7,312.3,1773,34.7,91,0,0,0,0,0,0
6809,L03420,L,301.7,312.8,1550,51.5,161,0,0,0,0,0,0
6810,L03421,L,300.0,310.1,1168,42.5,131,0,0,0,0,0,0
6811,M02028,M,297.4,305.8,1317,32.6,60,1,0,1,0,0,0
6812,L03422,L,298.9,307.8,2031,34.3,110,0,0,0,0,0,0
6813,L03423,L,303.2,314.5,1562,49.0,88,0,0,0,0,0,0
6814,M02029,M,302.8,313.3,1708,39.1,244,0,0,0,0,0,0
6815,L03424,L,298.8,307.6,1482,40.0,246,1,1,0,0,0,0
6816,L03425,L,294.4,302.6,1358,38.0,246,1,1,1,0,0,0
6817,L03426,L,299.6,309.0,1451,50.1,197,0,0,0,0,0,0
6818,H01363,H,299.4,307.5,1560,44.8,219,0,0,0,0,0,0
6819,H01364,H,299.5,309.3,1455,28.1,101,0,0,0,0,0,0
6820,M02030,M,301.1,313.6,1881,30.2,136,0,0,0,0,0,0
6821,L03427,L,301.8,310.2,1427,40.0,179,0,0,0,0,0,0
6822,M02031,M,302.0,311.8,1349,33.6,81,0,0,0,0,0,0
6823,H01365,H,300.9,312.2,1682,18.4,246,1,0,0,1,0,0
6824,H01366,H,296.4,307.1,1704,32.5,158,0,0,0,0,0,0
6825,L03428,L,299.3,309.2,1543,37.2,85,0,0,0,0,0,0
6826,H01367,H,304.6,314.5,1430,36.0,67,0,0,0,0,0,0
6827,L03429,L,300.7,309.5,1197,47.2,160,0,0,0,0,0,0
6828,L03430,L,300.7,310.4,1756,17.7,99,1,0,0,1,0,0
6829,M02032,M,300.7,310.9,1693,32.3,245,1,1,0,0,0,0
6830,L03431,L,300.8,311.9,1459,48.0,58,0,0,0,0,0,0
6831,H01368,H,295.2,304.6,1548,33.3,162,0,0,0,0,0,0
6832,L03432,L,299.5,309.3,1497,27.9,12,0,0,0,0,0,0
6833,M02033,M,299.9,309.0,1829,33.2,78,0,0,0,0,0,0
6834,H01369,H,302.6,312.8,1352,44.5,188,0,0,0,0,0,0
6835,H01370,H,300.1,310.9,1427,37.5,96,0,0,0,0,0,0
6836,L03433,L,296.7,307.3,1409,32.8,219,0,0,0,0,0,0
6837,L03434,L,300.9,309.7,1593,44.8,47,0,0,0,0,0,0
6838,M02034,M,298.4,308.5,1548,43.7,97,0,0,0,0,0,0
6839,L03435,L,297.6,306.9,1573,27.4,165,0,0,0,0,0,0
6840,H01371,H,298.3,309.3,1380,40.9,192,0,0,0,0,0,0
6841,H01372,H,301.1,310.9,1803,27.0,53,0,0,0,0,0,0
6842,L03436,L,302.5,311.0,1456,51.7,158,0,0,0,0,0,0
6843,L03437,L,301.0,310.8,1750,52.3,48,1,0,0,1,0,0
6844,L03438,L,301.3,311.8,2099,37.1,208,0,0,0,0,0,0
6845,H01373,H,300.9,311.1,1381,50.6,149,0,0,0,0,0,0
6846,L03439,L,300.2,309.7,1599,32.4,223,0,0,0,0,0,0
6847,L03440,L,301.4,310.8,1514,38.6,156,0,0,0,0,0,0
6848,L03441,L,295.2,304.2,1901,34.2,192,0,0,0,0,0,0
6849,M02035,M,300.2,309.8,1487,39.8,47,0,0,0,0,0,0
6850,L03442,L,297.9,307.0,1582,40.7,91,0,0,0,0,0,0
6851,L03443,L,302.3,313.3,1578,40.0,104,0,0,0,0,0,0
6852,H01374,H,299.7,308.8,1520,39.1,193,0,0,0,0,0,0
6853,H01375,H,300.1,310.2,1673,41.3,24,0,0,0,0,0,0
6854,M02036,M,297.0,307.1,1554,52.6,20,0,0,0,0,0,0
6855,L03444,L,302.0,312.9,1624,19.9,228,1,0,0,1,0,0
6856,L03445,L,301.3,312.4,1576,59.2,25,1,0,0,1,0,0
6857,M02037,M,301.1,311.8,1429,36.5,103,0,0,0,0,0,0
6858,L03446,L,298.4,308.8,1489,39.2,128,0,0,0,0,0,0
6859,H01376,H,298.5,307.5,1637,53.3,159,1,0,0,1,0,0
6860,M02038,M,300.4,309.3,1636,46.1,72,0,0,0,0,0,0
6861,L03447,L,298.6,307.8,1760,45.4,173,0,0,0,0,0,0
6862,H01377,H,300.9,311.7,1870,52.5,240,1,0,0,1,0,0
6863,H01378,H,295.7,305.8,1444,38.4,4,0,0,0,0,0,0
6864,L03448,L,299.0,309.9,1562,49.2,167,0,0,0,0,0,0
6865,M02039,M,303.6,314.6,1503,27.4,144,0,0,0,0,0,0
6866,L03449,L,300.9,310.2,1339,44.2,52,0,0,0,0,0,0
6867,L03450,L,300.3,310.3,1639,45.6,220,0,0,0,0,0,0
6868,L03451,L,304.0,314.0,1677,51.5,107,1,0,0,1,0,0
6869,M02040,M,295.3,305.0,1345,47.1,82,0,0,0,0,0,0
6870,H01379,H,298.4,307.9,1470,42.0,103,0,0,0,0,0,0
6871,M02041,M,299.2,310.4,1453,36.8,28,0,0,0,0,0,0
6872,L03452,L,301.7,311.8,1267,36.7,114,0,0,0,0,0,0
6873,M02042,M,301.8,311.8,1531,36.8,75,0,0,0,0,0,0
6874,L03453,L,298.3,307.5,1333,27.0,135,0,0,0,0,0,0
6875,H01380,H,302.0,312.7,1566,57.4,106,1,0,0,1,0,0
6876,L03454,L,299.2,308.2,1586,50.0,42,0,0,0,0,0,0
6877,L03455,L,302.4,312.9,1608,42.5,222,1,1,0,0,0,0
6878,L03456,L,297.9,308.4,1616,48.1,142,0,0,0,0,0,0
6879,M02043,M,299.8,309.4,1812,47.5,161,1,0,0,1,0,0
6880,L03457,L,299.0,309.3,1393,30.1,89,0,0,0,0,0,0
6881,M02044,M,302.1,312.3,1402,46.4,125,0,0,0,0,0,0
6882,L03458,L,299.0,309.0,1655,52.7,162,1,0,0,1,0,0
6883,L03459,L,299.9,309.9,1514,33.2,220,0,0,0,0,0,0
6884,L03460,L,301.0,311.1,1739,24.7,160,0,0,0,0,0,0
6885,H01381,H,301.1,311.2,1638,28.4,96,0,0,0,0,0,0
6886,H01382,H,301.8,311.9,1881,39.0,227,0,0,0,0,0,0
6887,L03461,L,300.4,309.3,1521,27.8,20,0,0,0,0,0,0
6888,L03462,L,299.2,309.0,1272,38.3,221,1,1,0,0,0,0
6889,L03463,L,299.3,309.6,1598,33.5,146,0,0,0,0,0,0
6890,M02045,M,300.1,310.2,1525,40.0,95,0,0,0,0,0,0
6891,L03464,L,300.5,311.5,1633,34.9,241,0,0,0,0,0,0
6892,H01383,H,299.7,310.3,1656,39.6,0,0,0,0,0,0,0
6893,H01384,H,300.0,309.1,1442,46.0,178,0,0,0,0,0,0
6894,L03465,L,297.0,306.8,1357,30.4,160,0,0,0,0,0,0
6895,L03466,L,301.3,311.0,1511,42.8,25,0,0,0,0,0,0
6896,H01385,H,300.4,310.4,1168,31.5,169,0,0,0,0,0,0
6897,H01386,H,302.0,312.0,1552,39.9,53,0,0,0,0,0,0
6898,L03467,L,300.0,310.6,1465,39.2,44,0,0,0,0,0,0
6899,L03468,L,296.5,306.7,1692,43.6,154,0,0,0,0,0,0
6900,L03469,L,299.3,310.5,1182,41.8,50,0,0,0,0,0,0
6901,L03470,L,299.6,309.8,1539,52.4,27,0,0,0,0,0,0
6902,L03471,L,301.5,310.7,1820,39.7,211,0,0,0,0,0,0
6903,L03472,L,295.9,305.4,1658,33.7,7,0,0,0,0,0,0
6904,M02046,M,300.1,310.7,1713,49.3,89,0,0,0,0,0,0
6905,L03473,L,301.0,309.4,1598,43.3,158,0,0,0,0,0,0
6906,L03474,L,298.7,307.4,1240,48.8,4,0,0,0,0,0,0
6907,L03475,L,300.1,310.1,1567,38.8,10,0,0,0,0,0,0
6908,H01387,H,298.7,309.7,1611,26.9,84,0,0,0,0,0,0
6909,H01388,H,298.5,309.8,1344,62.4,199,0,0,0,0,0,0
6910,L03476,L,299.2,309.0,1515,34.0,153,0,0,0,0,0,0
6911,L03477,L,298.6,309.7,1168,28.4,121,1,0,0,1,0,0
6912,H01389,H,301.4,311.5,1478,47.2,187,0,0,0,0,0,0
6913,L03478,L,298.5,307.0,1459,30.5,45,0,0,0,0,0,0
6914,L03479,L,298.2,308.2,1789,36.1,139,0,0,0,0,0,0
6915,L03480,L,303.5,312.9,1430,41.2,234,0,0,0,0,0,0
6916,L03481,L,301.9,312.8,1490,38.6,12,0,0,0,0,0,0
6917,L03482,L,296.3,306.3,1523,36.4,201,0,0,0,0,0,0
6918,H01390,H,298.5,307.2,1432,55.9,115,0,0,0,0,0,0
6919,M02047,M,300.5,309.0,1666,38.9,92,0,0,0,0,0,0
6920,L03483,L,300.6,310.6,1181,31.0,7,0,0,0,0,0,0
6921,H01391,H,297.0,304.6,1741,49.8,169,1,0,0,1,0,0
6922,L03484,L,302.3,311.8,1535,32.8,244,0,0,0,0,0,0
6923,L03485,L,301.7,311.9,1770,38.9,101,0,0,0,0,0,0
6924,M02048,M,301.0,309.9,1168,31.0,192,0,0,0,0,0,0
6925,M02049,M,302.7,313.7,1168,42.1,136,0,0,0,0,0,0
6926,L03486,L,300.9,312.1,1485,40.4,131,0,0,0,0,0,0
6927,L03487,L,300.9,309.9,1628,39.7,96,0,0,0,0,0,0
6928,M02050,M,303.1,312.8,1438,41.5,54,0,0,0,0,0,0
6929,M02051,M,302.2,313.2,1642,48.2,105,0,0,0,0,0,0
6930,M02052,M,298.3,308.3,1713,47.0,243,1,1,0,0,0,0
6931,L03488,L,301.3,309.9,1657,29.6,212,0,0,0,0,0,0
6932,L03489,L,298.7,308.6,1556,33.3,122,0,0,0,0,0,0
6933,L03490,L,301.0,310.1,1555,49.2,70,0,0,0,0,0,0
6934,L03491,L,301.0,312.1,1427,32.2,54,0,0,0,0,0,0
6935,H01392,H,297.2,307.8,1528,44.9,95,0,0,0,0,0,0
6936,L03492,L,299.8,309.5,1354,48.4,56,0,0,0,0,0,0
6937,L03493,L,300.5,310.6,1397,23.6,184,1,0,0,1,0,0
6938,M02053,M,299.1,307.8,1630,35.9,166,0,0,0,0,0,0
6939,L03494,L,300.6,309.8,1455,48.2,155,0,0,0,0,0,0
6940,L03495,L,301.6,313.2,1405,38.5,153,0,0,0,0,0,0
6941,H01393,H,299.9,310.0,1618,36.0,248,0,0,0,0,0,0
6942,H01394,H,300.4,311.3,1606,48.3,100,0,0,0,0,0,0
6943,M02054,M,302.8,313.0,1499,51.0,97,0,0,0,0,0,0
6944,L03496,L,300.9,312.2,1511,33.2,72,0,0,0,0,0,0
6945,M02055,M,300.4,308.4,1612,57.7,69,1,0,0,1,0,0
6946,M02056,M,298.1,307.9,1711,22.2,21,0,0,0,0,0,0
6947,L03497,L,301.3,312.9,1573,24.9,200,0,0,0,0,0,0
6948,L03498,L,300.7,311.7,1324,35.5,238,1,1,0,0,0,0
6949,H01395,H,302.6,313.9,1498,36.7,172,0,0,0,0,0,0
6950,L03499,L,300.1,310.1,1465,37.1,142,0,0,0,0,0,0
6951,M02057,M,296.4,305.9,1349,34.7,192,0,0,0,0,0,0
6952,L03500,L,296.6,305.6,1627,32.7,95,0,0,0,0,0,0
6953,L03501,L,301.5,310.4,1640,37.8,238,0,0,0,0,0,0
6954,L03502,L,298.9,309.7,1667,34.1,145,0,0,0,0,0,0
6955,H01396,H,300.9,311.4,1360,46.8,10,0,0,0,0,0,0
6956,L03503,L,300.2,310.1,1566,40.3,226,0,0,0,0,0,0
6957,M02058,M,299.7,310.2,1536,37.8,96,0,0,0,0,0,0
6958,M02059,M,299.8,309.9,1593,39.3,131,0,0,0,0,0,0
6959,M02060,M,298.3,309.3,1561,51.1,33,0,0,0,0,0,0
6960,H01397,H,300.0,311.0,1535,35.2,47,0,0,0,0,0,0
6961,M02061,M,298.8,307.7,1514,27.3,82,0,0,0,0,0,0
6962,L03504,L,299.3,309.6,1736,30.2,47,0,0,0,0,0,0
6963,H01398,H,299.4,307.7,1383,37.7,75,0,0,0,0,0,0
6964,M02062,M,299.5,309.6,1507,44.8,39,0,0,0,0,0,0
6965,L03505,L,301.8,312.4,1731,48.8,186,0,0,0,0,0,0
6966,L03506,L,299.7,308.4,1392,56.5,227,1,0,0,0,1,0
6967,H01399,H,302.0,311.6,1401,47.4,175,0,0,0,0,0,0
6968,L03507,L,303.1,313.1,1669,31.2,40,0,0,0,0,0,0
6969,M02063,M,301.7,311.9,1283,38.0,149,0,0,0,0,0,0
6970,L03508,L,301.1,310.8,1656,18.4,110,1,0,0,1,0,0
6971,L03509,L,300.7,309.5,1450,36.9,63,0,0,0,0,0,0
6972,M02064,M,301.7,311.6,1611,33.9,203,0,0,0,0,0,0
6973,L03510,L,300.2,308.5,1319,16.9,48,1,0,1,1,0,0
6974,L03511,L,302.0,311.8,1750,61.1,117,1,0,0,1,0,0
6975,M02065,M,301.2,310.8,1320,36.2,182,0,0,0,0,0,0
6976,L03512,L,299.3,309.2,1667,18.9,91,1,0,0,1,0,0
6977,M02066,M,301.8,311.2,1327,37.3,14,0,0,0,0,0,0
6978,H01400,H,300.2,308.7,1861,56.5,131,1,0,0,1,0,0
6979,M02067,M,299.8,309.4,1525,59.1,135,1,0,0,1,0,0
6980,L03513,L,299.0,309.9,1887,40.6,222,0,0,0,0,0,0
6981,L03514,L,300.3,311.6,1391,41.0,126,0,0,0,0,0,0
6982,M02068,M,302.0,314.4,1458,52.3,59,0,0,0,0,0,0
6983,H01401,H,301.8,313.5,1754,38.5,126,0,0,0,0,0,0
6984,H01402,H,300.7,309.5,1282,44.6,89,0,0,0,0,0,0
6985,H01403,H,301.2,310.8,1412,48.4,130,0,0,0,0,0,0
6986,L03515,L,302.5,312.5,1626,29.2,230,1,1,0,0,0,0
6987,L03516,L,299.7,309.6,1355,55.4,134,0,0,0,0,0,0
6988,L03517,L,297.8,307.9,1631,31.2,78,0,0,0,0,0,0
6989,L03518,L,302.6,315.0,1568,33.7,211,1,1,0,0,0,0
6990,L03519,L,298.9,307.8,1267,41.0,144,0,0,0,0,0,0
6991,H01404,H,298.6,307.9,1711,49.4,123,0,0,0,0,0,0
6992,L03520,L,296.4,308.0,1312,46.8,223,0,0,0,0,0,0
6993,L03521,L,301.1,310.5,1676,39.5,9,0,0,0,0,0,0
6994,L03522,L,296.8,307.2,1560,42.8,79,0,0,0,0,0,0
6995,H01405,H,298.5,309.5,1456,50.7,111,0,0,0,0,0,0
6996,M02069,M,301.2,311.7,1340,40.1,25,0,0,0,0,0,0
6997,M02070,M,301.4,311.6,1596,31.9,21,0,0,0,0,0,0
6998,H01406,H,298.7,309.6,1381,34.0,142,0,0,0,0,0,0
6999,L03523,L,299.7,308.8,1754,49.1,57,1,0,0,1,0,0
7000,M02071,M,298.3,307.8,1760,31.9,59,0,0,0,0,0,0
7001,L03524,L,298.9,309.4,1831,24.3,75,0,0,0,0,0,0
7002,L03525,L,300.5,308.4,1588,37.0,166,0,0,0,0,0,0
7003,H01407,H,299.0,310.4,1465,39.2,130,0,0,0,0,0,0
7004,M02072,M,299.5,309.8,1484,48.6,187,0,0,0,0,0,0
7005,L03526,L,297.1,307.3,1471,25.4,180,0,0,0,0,0,0
7006,L03527,L,302.3,310.7,1582,43.5,151,0,0,0,0,0,0
7007,M02073,M,301.0,309.7,1616,51.5,182,0,0,0,0,0,0
7008,L03528,L,301.6,311.2,1758,31.8,1,0,0,0,0,0,0
7009,L03529,L,302.6,313.4,1541,40.8,195,0,0,0,0,0,0
7010,L03530,L,298.3,306.2,1286,18.5,150,1,0,1,1,0,0
7011,L03531,L,299.3,310.1,1465,48.7,125,0,0,0,0,0,0
7012,H01408,H,296.2,305.8,1816,48.0,58,1,0,0,1,0,0
7013,L03532,L,306.3,316.1,1259,39.8,56,0,0,0,0,0,0
7014,L03533,L,299.7,310.0,1670,26.7,214,0,0,0,0,0,0
7015,M02074,M,302.1,312.4,1468,46.7,199,0,0,0,0,0,0
7016,H01409,H,297.5,306.8,1379,37.6,169,0,0,0,0,0,0
7017,L03534,L,302.0,312.6,1608,12.2,107,1,0,0,1,0,0
7018,L03535,L,303.7,311.4,1817,47.8,139,1,0,0,1,0,0
7019,L03536,L,299.9,309.4,1598,51.6,200,0,0,0,0,0,0
7020,M02075,M,298.0,308.2,1491,53.4,74,0,0,0,0,0,0
7021,M02076,M,299.7,309.4,1306,27.2,236,0,0,0,0,0,0
7022,H01410,H,295.5,303.7,1520,20.8,222,1,0,0,1,0,0
7023,H01411,H,299.9,310.7,1299,35.9,0,0,0,0,0,0,0
7024,M02077,M,301.6,310.4,1482,45.2,98,0,0,0,0,0,0
7025,M02078,M,299.9,309.8,1526,30.6,53,0,0,0,0,0,0
7026,L03537,L,299.4,309.6,1168,24.1,247,1,1,0,1,0,0
7027,L03538,L,301.1,311.1,1786,47.2,42,0,0,0,0,0,0
7028,H01412,H,301.2,312.4,1316,36.5,189,0,0,0,0,0,0
7029,L03539,L,296.7,306.6,1504,46.2,142,0,0,0,0,0,0
7030,L03540,L,300.2,310.6,1633,40.2,6,0,0,0,0,0,0
7031,M02079,M,304.9,314.8,1772,38.3,155,0,0,0,0,0,0
7032,L03541,L,297.3,307.9,1396,39.4,239,0,0,0,0,0,0
7033,M02080,M,299.8,311.2,1168,36.4,5,0,0,0,0,0,0
7034,M02081,M,303.9,314.0,1731,35.4,19,0,0,0,0,0,0
7035,L03542,L,302.2,313.0,1314,29.0,87,0,0,0,0,0,0
7036,H01413,H,299.0,310.5,1602,44.8,169,0,0,0,0,0,0
7037,L03543,L,300.4,311.8,1613,52.5,227,1,0,0,0,1,0
7038,L03544,L,300.0,309.6,1168,35.0,37,0,0,0,0,0,0
7039,M02082,M,298.5,309.5,1248,58.7,189,0,0,0,0,0,0
7040,M02083,M,299.9,310.1,1455,43.8,75,0,0,0,0,0,0
7041,M02084,M,299.4,310.5,1168,42.6,2,0,0,0,0,0,0
7042,L03545,L,300.2,310.8,1298,46.6,155,0,0,0,0,0,0
7043,M02085,M,298.5,308.8,1559,49.8,11,0,0,0,0,0,0
7044,L03546,L,297.4,307.8,1522,35.5,246,0,0,0,0,0,0
7045,H01414,H,299.9,310.2,1592,45.5,79,0,0,0,0,0,0
7046,L03547,L,303.4,313.7,1618,50.5,171,0,0,0,0,0,0
7047,M02086,M,300.2,310.0,1236,36.2,14,0,0,0,0,0,0
7048,L03548,L,299.3,309.0,1308,40.0,117,0,0,0,0,0,0
7049,L03549,L,301.5,313.3,1674,32.3,54,0,0,0,0,0,0
7050,L03550,L,299.7,310.2,1810,35.1,94,0,0,0,0,0,0
7051,H01415,H,303.7,313.1,1364,36.5,244,0,0,0,0,0,0
7052,M02087,M,300.0,309.7,1584,31.0,212,0,0,0,0,0,0
7053,H01416,H,301.4,312.5,1682,39.4,81,0,0,0,0,0,0
7054,L03551,L,298.5,307.8,1580,43.3,175,0,0,0,0,0,0
7055,L03552,L,301.0,309.5,1493,44.3,5,0,0,0,0,0,0
7056,L03553,L,300.6,309.2,1423,31.9,63,0,0,0,0,0,0
7057,H01417,H,299.9,308.2,1893,33.9,208,0,0,0,0,0,0
7058,L03554,L,299.0,307.7,1555,48.5,214,0,0,0,0,0,0
7059,H01418,H,298.7,307.5,1607,33.9,34,0,0,0,0,0,0
7060,H01419,H,300.6,312.0,1596,48.2,209,0,0,0,0,0,0
7061,H01420,H,301.3,311.3,1392,32.7,10,0,0,0,0,0,0
7062,M02088,M,299.7,309.3,1547,43.8,22,0,0,0,0,0,0
7063,M02089,M,300.6,309.2,1480,47.5,56,0,0,0,0,0,0
7064,M02090,M,299.9,309.8,1477,13.5,80,1,0,0,1,0,0
7065,L03555,L,300.2,308.5,1594,48.7,69,0,0,0,0,0,0
7066,M02091,M,299.6,309.2,1374,53.0,215,1,1,0,0,0,0
7067,L03556,L,300.0,312.1,1322,36.9,113,0,0,0,0,0,0
7068,L03557,L,305.4,316.1,1627,43.5,164,0,0,0,0,0,0
7069,L03558,L,300.6,310.4,1442,31.6,62,0,0,0,0,0,0
7070,L03559,L,301.3,312.0,1476,43.6,79,0,0,0,0,0,0
7071,L03560,L,300.9,310.4,1192,64.6,220,1,0,0,0,1,0
7072,L03561,L,299.5,308.7,1710,18.0,28,1,0,0,1,0,0
7073,M02092,M,302.6,314.3,1631,35.0,243,1,1,0,0,0,0
7074,L03562,L,299.4,308.3,1664,48.0,169,0,0,0,0,0,0
7075,M02093,M,302.1,311.7,1607,52.6,155,0,0,0,0,0,0
7076,L03563,L,299.3,309.6,1266,26.2,143,1,0,0,1,0,0
7077,M02094,M,298.1,307.2,1578,33.6,194,0,0,0,0,0,0
7078,M02095,M,300.7,311.4,1428,34.2,105,0,0,0,0,0,0
7079,M02096,M,297.8,307.5,1365,33.5,215,0,0,0,0,0,0
7080,M02097,M,301.1,311.8,1627,38.8,17,0,0,0,0,0,0
7081,L03564,L,297.6,308.2,1834,25.7,175,0,0,0,0,0,0
7082,M02098,M,299.4,309.2,1805,37.5,144,0,0,0,0,0,0
7083,L03565,L,297.1,308.8,1649,30.6,240,0,0,0,0,0,0
7084,L03566,L,305.6,314.9,1532,39.3,73,0,0,0,0,0,0
7085,M02099,M,296.7,308.0,1499,32.9,228,0,0,0,0,0,0
7086,L03567,L,300.0,311.2,1376,38.3,152,0,0,0,0,0,0
7087,M02100,M,302.3,314.1,1489,29.6,99,0,0,0,0,0,0
7088,M02101,M,302.1,312.3,1700,49.5,238,1,1,0,0,0,0
7089,L03568,L,301.7,310.9,1864,36.7,47,0,0,0,0,0,0
7090,L03569,L,299.4,311.5,1391,40.1,86,0,0,0,0,0,0
7091,L03570,L,302.7,312.4,1180,38.5,177,0,0,0,0,0,0
7092,H01421,H,301.8,311.0,1442,40.1,18,0,0,0,0,0,0
7093,M02102,M,300.4,310.2,1699,40.0,201,0,0,0,0,0,0
7094,L03571,L,300.5,309.5,1908,48.1,74,1,0,0,1,0,0
7095,L03572,L,299.4,309.9,1772,37.1,40,0,0,0,0,0,0
7096,M02103,M,298.2,307.6,1768,32.8,4,0,0,0,0,0,0
7097,H01422,H,302.5,312.2,1385,40.4,5,0,0,0,0,0,0
7098,L03573,L,302.6,313.6,1390,33.9,130,0,0,0,0,0,0
7099,L03574,L,298.2,308.8,1301,39.3,44,0,0,0,0,0,0
7100,H01423,H,299.7,309.7,1418,29.5,229,1,1,0,0,0,0
7101,L03575,L,299.7,309.9,1701,50.5,74,0,0,0,0,0,0
7102,L03576,L,299.9,309.9,1828,32.2,188,0,0,0,0,0,0
7103,H01424,H,300.1,309.7,1599,52.0,111,0,0,0,0,0,0
7104,M02104,M,301.9,311.9,1492,39.4,106,0,0,0,0,0,0
7105,L03577,L,298.5,309.0,1347,48.6,233,1,0,0,0,1,0
7106,L03578,L,298.3,308.2,1517,32.3,175,0,0,0,0,0,0
7107,L03579,L,302.5,312.9,1574,20.3,151,1,0,0,1,0,0
7108,L03580,L,299.1,308.3,1276,23.5,109,1,0,0,1,0,0
7109,H01425,H,297.5,306.9,1702,65.0,47,1,0,0,1,0,0
7110,L03581,L,299.0,308.3,1462,34.0,153,0,0,0,0,0,0
7111,M02105,M,299.3,308.7,1692,51.0,176,1,0,0,1,0,0
7112,H01426,H,303.1,314.4,1536,27.0,217,0,0,0,0,0,0
7113,L03582,L,301.8,312.5,1591,41.8,215,0,0,0,0,0,0
7114,L03583,L,302.3,311.2,1412,43.5,231,0,0,0,0,0,0
7115,M02106,M,301.6,312.0,1476,68.4,182,1,0,0,1,1,0
7116,H01427,H,301.9,311.5,1652,36.8,131,0,0,0,0,0,0
7117,H01428,H,298.6,307.9,1514,32.9,48,0,0,0,0,0,0
7118,L03584,L,299.6,308.1,1340,43.5,201,1,0,1,0,0,0
7119,M02107,M,298.0,309.0,1557,30.8,97,0,0,0,0,0,0
7120,M02108,M,299.6,308.2,1607,44.1,43,0,0,0,0,0,0
7121,H01429,H,301.4,311.3,1783,39.5,28,0,0,0,0,0,0
7122,L03585,L,300.3,309.4,1744,32.5,25,0,0,0,0,0,0
7123,M02109,M,302.6,313.4,1526,44.9,210,0,0,0,0,0,0
7124,H01430,H,297.7,307.4,1440,41.1,212,0,0,0,0,0,0
7125,L03586,L,301.0,310.9,1497,47.6,210,0,0,0,0,0,0
7126,L03587,L,297.5,307.4,1444,56.5,126,0,0,0,0,0,0
7127,L03588,L,300.2,310.5,1628,35.0,60,0,0,0,0,0,0
7128,L03589,L,301.5,311.5,1724,35.9,39,0,0,0,0,0,0
7129,L03590,L,299.6,309.6,1759,26.5,101,0,0,0,0,0,0
7130,H01431,H,301.1,310.6,1464,45.2,18,0,0,0,0,0,0
7131,L03591,L,298.1,306.5,1446,33.6,209,0,0,0,0,0,0
7132,L03592,L,296.7,305.6,1462,43.5,141,0,0,0,0,0,0
7133,M02110,M,301.1,311.8,1192,51.7,34,0,0,0,0,0,0
7134,L03593,L,303.5,313.2,1322,33.2,81,0,0,0,0,0,0
7135,L03594,L,298.0,307.3,1531,35.3,91,0,0,0,0,0,0
7136,M02111,M,302.4,311.0,1605,50.1,146,0,0,0,0,0,0
7137,H01432,H,300.1,308.4,1625,47.1,88,0,0,0,0,0,0
7138,M02112,M,297.3,306.6,1398,46.0,78,0,0,0,0,0,0
7139,M02113,M,297.7,308.6,1450,36.1,239,0,0,0,0,0,0
7140,L03595,L,300.0,309.4,1489,25.6,112,0,0,0,0,0,0
7141,H01433,H,299.2,309.6,1469,32.9,130,0,0,0,0,0,0
7142,L03596,L,297.4,306.8,1661,29.9,86,0,0,0,0,0,0
7143,M02114,M,296.6,307.2,1303,45.8,177,0,0,0,0,0,0
7144,L03597,L,298.3,307.9,1332,42.8,236,0,0,0,0,0,0
7145,H01434,H,300.4,309.2,1484,34.0,139,0,0,0,0,0,0
7146,M02115,M,300.0,309.7,1293,35.7,95,0,0,0,0,0,0
7147,M02116,M,299.0,310.8,1197,44.8,242,0,0,0,0,0,0
7148,L03598,L,300.4,312.2,1270,36.8,181,0,0,0,0,0,0
7149,L03599,L,302.1,312.6,1494,34.2,91,0,0,0,0,0,0
7150,M02117,M,300.8,310.7,1650,59.8,225,1,0,0,1,1,0
7151,M02118,M,299.8,310.1,1654,34.5,192,0,0,0,0,0,0
7152,L03600,L,301.9,312.2,1822,46.7,137,0,0,0,0,0,0
7153,H01435,H,298.1,308.1,1556,43.9,113,0,0,0,0,0,0
7154,H01436,H,299.6,310.0,1580,24.8,26,0,0,0,0,0,0
7155,L03601,L,299.6,309.8,1493,33.2,75,0,0,0,0,0,0
7156,H01437,H,297.5,307.2,1501,48.2,236,0,0,0,0,0,0
7157,M02119,M,299.2,308.0,1910,38.7,99,0,0,0,0,0,0
7158,L03602,L,295.9,305.4,1584,25.4,244,1,1,0,0,0,0
7159,L03603,L,303.8,314.6,1600,43.9,96,0,0,0,0,0,0
7160,M02120,M,298.1,308.1,1333,34.2,67,0,0,0,0,0,0
7161,M02121,M,303.2,313.5,1611,44.4,148,0,0,0,0,0,0
7162,L03604,L,300.1,309.8,1655,66.9,147,1,0,0,1,0,0
7163,M02122,M,301.1,310.0,1736,43.8,113,0,0,0,0,0,0
7164,M02123,M,299.0,308.8,1650,46.1,144,0,0,0,0,0,0
7165,M02124,M,300.4,309.4,1515,37.5,115,0,0,0,0,0,0
7166,L03605,L,301.3,310.2,1507,28.8,45,0,0,0,0,0,0
7167,H01438,H,301.3,312.5,1525,50.2,161,0,0,0,0,0,0
7168,L03606,L,301.5,311.1,1557,33.9,77,0,0,0,0,0,0
7169,L03607,L,299.3,308.6,1764,37.7,9,0,0,0,0,0,0
7170,L03608,L,299.0,310.6,1730,57.9,120,1,0,0,1,0,0
7171,L03609,L,296.8,307.6,1672,36.6,147,0,0,0,0,0,0
7172,H01439,H,301.0,310.6,1901,52.2,191,1,0,0,1,0,0
7173,L03610,L,302.2,312.6,1168,43.9,189,0,0,0,0,0,0
7174,M02125,M,303.2,313.0,1455,34.5,226,1,1,0,0,0,0
7175,L03611,L,300.6,309.9,1535,43.4,206,0,0,0,0,0,0
7176,L03612,L,298.5,309.0,1417,32.8,166,0,0,0,0,0,0
7177,H01440,H,296.6,306.3,1371,49.0,218,0,0,0,0,0,0
7178,M02126,M,302.1,312.2,1230,52.5,61,0,0,0,0,0,0
7179,L03613,L,296.4,307.4,1482,40.5,78,0,0,0,0,0,0
7180,M02127,M,299.3,310.2,1698,53.4,210,1,0,0,1,0,0
7181,L03614,L,299.6,309.0,1676,41.6,89,0,0,0,0,0,0
7182,L03615,L,299.9,310.4,1403,49.1,139,0,0,0,0,0,0
7183,M02128,M,300.1,309.0,1577,69.5,23,1,0,0,1,0,0
7184,M02129,M,300.3,310.8,1781,64.8,52,1,0,0,1,0,0
7185,L03616,L,295.2,305.3,1265,38.2,227,0,0,0,0,0,0
7186,H01441,H,300.0,310.4,1509,42.9,32,0,0,0,0,0,0
7187,M02130,M,295.5,305.2,1589,29.5,68,0,0,0,0,0,0
7188,L03617,L,301.5,313.6,1539,48.0,72,0,0,0,0,0,0
7189,M02131,M,298.9,308.0,1690,43.9,103,0,0,0,0,0,0
7190,M02132,M,295.7,306.7,1269,32.3,205,0,0,0,0,0,0
7191,M02133,M,298.4,307.4,1357,51.9,173,0,0,0,0,0,0
7192,L03618,L,298.9,309.4,1660,37.3,99,0,0,0,0,0,0
7193,M02134,M,302.4,313.0,1233,34.8,88,0,0,0,0,0,0
7194,L03619,L,300.4,310.5,1683,44.0,6,0,0,0,0,0,0
7195,H01442,H,300.7,310.2,1618,35.3,97,0,0,0,0,0,0
7196,M02135,M,302.4,312.5,1670,39.7,170,0,0,0,0,0,0
7197,L03620,L,299.8,310.1,1453,57.5,6,0,0,0,0,0,0
7198,M02136,M,301.5,313.3,1629,33.9,94,0,0,0,0,0,0
7199,H01443,H,301.4,310.5,1328,46.8,115,0,0,0,0,0,0
7200,H01444,H,297.4,306.8,1463,34.2,60,0,0,0,0,0,0
7201,L03621,L,302.9,313.2,1544,30.3,31,0,0,0,0,0,0
7202,L03622,L,297.2,306.9,1377,39.2,212,1,1,0,0,0,0
7203,M02137,M,301.8,311.7,1577,66.8,240,1,1,0,1,1,0
7204,L03623,L,297.0,308.1,1333,47.8,58,0,0,0,0,0,0
7205,H01445,H,301.2,308.4,1586,44.6,78,0,0,0,0,0,0
7206,L03624,L,303.7,313.1,1849,34.8,29,0,0,0,0,0,0
7207,L03625,L,299.6,307.9,1313,36.2,3,1,0,1,0,0,0
7208,L03626,L,299.5,308.3,1533,25.2,33,0,0,0,0,0,0
7209,L03627,L,301.2,313.6,1248,58.0,136,0,0,0,0,0,0
7210,M02138,M,299.3,309.9,1388,42.7,59,0,0,0,0,0,0
7211,L03628,L,303.6,314.6,1663,41.8,203,0,0,0,0,0,0
7212,L03629,L,300.4,310.3,1460,42.0,221,0,0,0,0,0,0
7213,L03630,L,299.4,310.2,1670,60.9,151,1,0,0,1,0,0
7214,M02139,M,298.9,307.1,1601,43.0,114,0,0,0,0,0,0
7215,L03631,L,298.1,309.1,1526,38.1,182,0,0,0,0,0,0
7216,M02140,M,298.7,307.9,1353,58.0,246,1,0,0,0,1,0
7217,M02141,M,299.3,308.8,1660,38.7,28,0,0,0,0,0,0
7218,M02142,M,299.0,309.5,1592,23.1,53,0,0,0,0,0,0
7219,H01446,H,298.7,309.0,1264,24.7,178,1,0,0,1,0,0
7220,H01447,H,304.2,314.3,1365,38.1,248,1,1,0,0,0,0
7221,H01448,H,297.9,306.5,1168,42.9,120,0,0,0,0,0,0
7222,L03632,L,300.3,310.4,1293,48.2,21,0,0,0,0,0,0
7223,L03633,L,301.2,312.2,1481,30.8,226,0,0,0,0,0,0
7224,L03634,L,301.3,310.8,1349,37.7,19,0,0,0,0,0,0
7225,H01449,H,299.9,311.2,1389,31.9,36,0,0,0,0,0,0
7226,H01450,H,299.5,308.6,1786,51.1,127,1,0,0,1,0,0
7227,H01451,H,300.9,310.9,1722,52.8,232,1,1,0,1,0,0
7228,L03635,L,300.5,312.0,1413,59.6,50,0,0,0,0,0,0
7229,H01452,H,299.5,308.8,1680,43.5,72,0,0,0,0,0,0
7230,L03636,L,296.9,308.0,1755,58.7,116,1,0,0,1,0,0
7231,L03637,L,299.1,311.1,1648,33.1,213,0,0,0,0,0,0
7232,L03638,L,297.7,307.9,1591,42.2,177,0,0,0,0,0,0
7233,L03639,L,298.7,308.2,1734,29.4,207,0,0,0,0,0,0
7234,M02143,M,300.1,309.3,1675,45.7,65,0,0,0,0,0,0
7235,L03640,L,300.7,312.0,1320,42.8,61,0,0,0,0,0,0
7236,L03641,L,303.6,314.9,1504,15.5,43,1,0,0,1,0,0
7237,M02144,M,298.9,310.3,1439,51.1,113,0,0,0,0,0,0
7238,H01453,H,301.5,311.5,1744,48.6,22,0,0,0,0,0,0
7239,M02145,M,300.6,311.6,1434,34.4,92,0,0,0,0,0,0
7240,L03642,L,302.6,312.6,1403,42.8,10,0,0,0,0,0,0
7241,H01454,H,301.2,310.3,1721,25.1,181,0,0,0,0,0,0
7242,H01455,H,298.0,309.1,1584,32.3,182,0,0,0,0,0,0
7243,L03643,L,296.6,308.2,1916,56.7,60,1,0,0,1,0,0
7244,M02146,M,300.6,309.6,1383,28.5,226,0,0,0,0,0,0
7245,L03644,L,298.9,307.9,1445,40.1,179,0,0,0,0,0,0
7246,L03645,L,298.0,308.0,1738,26.0,122,0,0,0,0,0,0
7247,M02147,M,297.5,308.5,1309,43.4,21,0,0,0,0,0,0
7248,H01456,H,300.3,309.2,1774,45.6,2,0,0,0,0,0,0
7249,L03646,L,303.0,313.2,1321,47.2,238,1,0,0,0,1,0
7250,H01457,H,299.2,308.6,1647,44.7,203,0,0,0,0,0,0
7251,H01458,H,301.2,311.9,1208,54.3,64,0,0,0,0,0,0
7252,H01459,H,299.8,309.0,1546,34.5,245,0,0,0,0,0,0
7253,L03647,L,297.4,308.2,1292,29.4,185,0,0,0,0,0,0
7254,H01460,H,301.5,311.3,1882,34.1,170,0,0,0,0,0,0
7255,L03648,L,297.8,306.9,1346,26.5,89,0,0,0,0,0,0
7256,M02148,M,300.0,310.1,1389,40.8,225,1,1,0,0,0,0
7257,L03649,L,299.3,307.4,1633,38.6,60,0,0,0,0,0,0
7258,L03650,L,301.8,311.2,1430,44.8,246,1,1,0,0,1,0
7259,M02149,M,297.9,308.2,1663,23.8,92,0,0,0,0,0,0
7260,L03651,L,300.8,309.0,1410,39.9,52,0,0,0,0,0,0
7261,L03652,L,298.3,305.7,1396,52.1,237,1,0,0,0,1,0
7262,L03653,L,299.0,306.7,1533,45.7,160,0,0,0,0,0,0
7263,M02150,M,292.7,304.0,1320,21.0,223,1,0,0,1,0,0
7264,L03654,L,304.2,314.1,1608,39.9,24,0,0,0,0,0,0
7265,H01461,H,301.1,310.6,1695,32.7,49,0,0,0,0,0,0
7266,L03655,L,298.5,309.4,1636,40.1,241,0,0,0,0,0,0
7267,L03656,L,297.8,307.4,1653,36.2,46,0,0,0,0,0,0
7268,L03657,L,299.0,309.3,1193,57.4,121,0,0,0,0,0,0
7269,L03658,L,301.4,311.4,1455,40.9,185,0,0,0,0,0,0
7270,L03659,L,296.2,305.7,1497,43.2,99,0,0,0,0,0,0
7271,L03660,L,299.7,310.0,1798,39.6,65,0,0,0,0,0,0
7272,H01462,H,303.5,314.3,1433,44.7,206,0,0,0,0,0,0
7273,M02151,M,297.7,307.5,1168,37.8,12,0,0,0,0,0,0
7274,L03661,L,300.2,309.7,1358,47.7,169,0,0,0,0,0,0
7275,L03662,L,304.4,314.1,1419,36.1,14,0,0,0,0,0,0
7276,H01463,H,301.3,309.0,1168,53.8,5,1,0,1,0,0,0
7277,L03663,L,300.3,310.6,1711,45.0,84,0,0,0,0,0,0
7278,L03664,L,301.0,309.8,1257,38.5,41,0,0,0,0,0,0
7279,M02152,M,299.2,309.8,1617,48.4,217,0,0,0,0,0,0
7280,M02153,M,302.6,312.5,1342,44.9,162,0,0,0,0,0,0
7281,M02154,M,299.2,309.3,1807,48.3,236,1,0,0,1,0,0
7282,L03665,L,296.1,306.8,1488,40.9,81,0,0,0,0,0,0
7283,L03666,L,299.2,308.3,1452,37.6,5,0,0,0,0,0,0
7284,M02155,M,298.1,308.5,1632,41.4,77,0,0,0,0,0,0
7285,L03667,L,299.4,309.7,1357,35.0,145,0,0,0,0,0,0
7286,M02156,M,299.5,309.3,1641,49.8,42,0,0,0,0,0,0
7287,M02157,M,302.4,311.5,1451,54.7,147,0,0,0,0,0,0
7288,L03668,L,301.4,312.0,1431,45.8,206,0,0,0,0,0,0
7289,H01464,H,300.5,311.2,1522,54.2,180,0,0,0,0,0,0
7290,H01465,H,300.0,310.1,1342,51.3,108,0,0,0,0,0,0
7291,M02158,M,297.9,306.8,1503,37.3,47,0,0,0,0,0,0
7292,L03669,L,295.6,305.1,1598,48.4,154,0,0,0,0,0,0
7293,L03670,L,300.2,310.1,1168,27.2,215,1,0,0,1,0,0
7294,L03671,L,301.6,312.3,1733,41.9,75,0,0,0,0,0,0
7295,L03672,L,299.8,308.2,1684,28.2,128,0,0,0,0,0,0
7296,H01466,H,298.9,308.3,1206,38.9,118,0,0,0,0,0,0
7297,L03673,L,300.9,310.5,1178,25.6,13,1,0,0,1,0,0
7298,L03674,L,299.8,309.7,1688,50.9,245,1,1,0,0,1,0
7299,L03675,L,303.4,312.1,1674,36.1,159,0,0,0,0,0,0
7300,M02159,M,302.5,312.3,1649,49.1,66,0,0,0,0,0,0
7301,L03676,L,301.9,311.6,1282,39.2,9,0,0,0,0,0,0
7302,L03677,L,301.5,310.5,1865,21.6,153,0,0,0,0,0,0
7303,L03678,L,297.4,307.3,1402,35.2,222,0,0,0,0,0,0
7304,H01467,H,301.3,310.8,1580,34.7,73,0,0,0,0,0,0
7305,L03679,L,300.8,311.3,1583,39.9,64,0,0,0,0,0,0
7306,H01468,H,301.2,310.3,1823,55.1,177,1,0,0,1,0,0
7307,H01469,H,301.0,311.1,1560,56.7,176,1,0,0,1,0,0
7308,L03680,L,300.9,310.1,1612,37.7,31,0,0,0,0,0,0
7309,M02160,M,305.4,314.8,1524,27.4,82,0,0,0,0,0,0
7310,L03681,L,299.8,310.1,1323,32.6,64,0,0,0,0,0,0
7311,H01470,H,301.9,312.1,1168,44.8,25,0,0,0,0,0,0
7312,M02161,M,299.1,308.7,1543,38.9,196,0,0,0,0,0,0
7313,L03682,L,301.6,311.3,1285,24.2,153,1,0,0,1,0,0
7314,L03683,L,301.9,310.4,1600,35.0,229,0,0,0,0,0,0
7315,L03684,L,300.7,312.1,1564,53.1,64,0,0,0,0,0,0
7316,H01471,H,303.3,314.0,1560,42.9,221,0,0,0,0,0,0
7317,L03685,L,298.2,308.9,1349,40.5,240,0,0,0,0,0,0
7318,M02162,M,299.0,307.4,1723,36.1,139,0,0,0,0,0,0
7319,L03686,L,300.4,309.8,1622,35.4,227,0,0,0,0,0,0
7320,H01472,H,301.8,311.5,1326,45.4,35,0,0,0,0,0,0
7321,L03687,L,300.4,308.5,1908,41.4,151,0,0,0,0,0,0
7322,M02163,M,302.6,313.5,1500,47.7,169,0,0,0,0,0,0
7323,L03688,L,298.7,310.2,1299,45.5,54,0,0,0,0,0,0
7324,M02164,M,297.7,309.8,1402,40.2,182,0,0,0,0,0,0
7325,L03689,L,300.6,309.6,1267,43.8,88,0,0,0,0,0,0
7326,L03690,L,299.8,309.9,1781,34.1,7,0,0,0,0,0,0
7327,L03691,L,301.1,312.4,1731,39.5,203,0,0,0,0,0,0
7328,M02165,M,299.9,309.6,1670,53.4,188,1,0,0,1,0,0
7329,L03692,L,299.3,308.7,1636,40.1,26,0,0,0,0,0,0
7330,M02166,M,299.9,308.0,1761,37.8,203,0,0,0,0,0,0
7331,L03693,L,300.1,311.2,1494,42.1,190,0,0,0,0,0,0
7332,H01473,H,299.4,309.4,1613,28.3,127,0,0,0,0,0,0
7333,H01474,H,299.6,308.9,1392,42.2,159,0,0,0,0,0,0
7334,M02167,M,299.2,309.5,1510,57.0,59,1,0,0,1,0,0
7335,L03694,L,301.7,311.9,1618,31.9,162,0,0,0,0,0,0
7336,L03695,L,300.4,310.6,1168,42.7,143,0,0,0,0,0,0
7337,L03696,L,304.5,314.3,1427,39.8,163,0,0,0,0,0,0
7338,L03697,L,300.3,311.9,1567,39.5,55,0,0,0,0,0,0
7339,M02168,M,298.9,308.8,1524,39.3,157,0,0,0,0,0,0
7340,M02169,M,305.3,316.9,1457,47.1,228,0,0,0,0,0,0
7341,H01475,H,300.8,311.4,1643,29.0,124,0,0,0,0,0,0
7342,L03698,L,302.0,312.4,1411,46.9,31,0,0,0,0,0,0
7343,M02170,M,301.2,311.1,1319,40.7,78,0,0,0,0,0,0
7344,L03699,L,301.2,312.2,1749,22.4,20,0,0,0,0,0,0
7345,M02171,M,301.1,311.2,1724,43.8,55,0,0,0,0,0,0
7346,L03700,L,297.8,306.9,1430,41.1,167,0,0,0,0,0,0
7347,L03701,L,300.7,309.7,1525,31.3,92,0,0,0,0,0,0
7348,L03702,L,297.4,307.8,1689,41.6,53,0,0,0,0,0,0
7349,M02172,M,299.7,308.8,1545,26.8,157,0,0,0,0,0,0
7350,H01476,H,298.5,308.4,1632,33.2,216,0,0,0,0,0,0
7351,L03703,L,300.7,311.8,1623,40.4,19,0,0,0,0,0,0
7352,L03704,L,300.7,311.0,1480,23.1,201,0,0,0,0,0,0
7353,L03705,L,301.0,310.3,1630,28.5,222,0,0,0,0,0,0
7354,M02173,M,300.6,312.0,1365,30.0,128,0,0,0,0,0,0
7355,L03706,L,298.8,309.3,1608,40.8,73,0,0,0,0,0,0
7356,M02174,M,299.5,310.5,1524,44.4,145,0,0,0,0,0,0
7357,H01477,H,301.8,309.5,1473,31.1,112,0,0,0,0,0,0
7358,H01478,H,302.1,312.4,1314,30.5,227,0,0,0,0,0,0
7359,L03707,L,297.7,308.5,1561,41.4,184,0,0,0,0,0,0
7360,H01479,H,296.9,308.6,1544,41.1,58,0,0,0,0,0,0
7361,M02175,M,298.5,307.0,1387,33.0,127,0,0,0,0,0,0
7362,L03708,L,302.1,313.3,1252,58.3,245,1,0,0,0,1,1
7363,M02176,M,302.4,314.0,1243,41.8,127,0,0,0,0,0,0
7364,H01480,H,298.2,306.2,1492,38.3,140,0,0,0,0,0,0
7365,L03709,L,300.6,311.1,1592,36.1,31,0,0,0,0,0,0
7366,L03710,L,303.7,314.3,1869,50.1,213,1,0,0,1,0,0
7367,L03711,L,300.8,310.5,1529,45.5,69,0,0,0,0,0,0
7368,M02177,M,302.8,312.3,1247,22.6,160,1,0,0,1,0,0
7369,L03712,L,302.0,312.7,1500,33.0,192,0,0,0,0,0,0
7370,H01481,H,298.2,307.6,1761,35.5,2,0,0,0,0,0,0
7371,M02178,M,299.6,309.4,1415,39.9,132,0,0,0,0,0,0
7372,M02179,M,300.1,310.9,1738,46.3,113,0,0,0,0,0,0
7373,L03713,L,300.2,312.0,1569,29.3,218,1,1,0,0,0,0
7374,M02180,M,301.8,312.3,1653,39.2,11,0,0,0,0,0,0
7375,L03714,L,300.8,310.9,1870,57.0,32,1,0,0,1,0,0
7376,L03715,L,294.1,303.6,1209,40.3,232,0,0,0,0,0,0
7377,M02181,M,297.4,306.4,1698,33.1,26,0,0,0,0,0,0
7378,L03716,L,295.6,306.7,1521,26.7,112,0,0,0,0,0,0
7379,M02182,M,300.4,310.2,1368,35.1,124,0,0,0,0,0,0
7380,L03717,L,300.5,311.7,1519,29.2,12,0,0,0,0,0,0
7381,L03718,L,300.6,310.3,1840,36.1,109,0,0,0,0,0,0
7382,L03719,L,298.1,307.5,1776,45.4,122,0,0,0,0,0,0
7383,H01482,H,301.3,311.7,1179,40.4,202,0,0,0,0,0,0
7384,M02183,M,301.4,311.3,1400,35.2,202,0,0,0,0,0,0
7385,M02184,M,297.5,306.3,1706,22.1,163,0,0,0,0,0,0
7386,L03720,L,297.1,308.9,1534,48.3,104,0,0,0,0,0,0
7387,L03721,L,300.0,309.4,1534,36.5,185,0,0,0,0,0,0
7388,H01483,H,303.6,314.5,1257,41.1,63,0,0,0,0,0,0
7389,L03722,L,303.4,314.2,1404,30.9,177,0,0,0,0,0,0
7390,L03723,L,301.1,309.8,1294,35.9,121,0,0,0,0,0,0
7391,M02185,M,298.5,307.5,1242,34.2,178,0,0,0,0,0,0
7392,L03724,L,301.8,311.5,1312,26.7,131,0,0,0,0,0,0
7393,H01484,H,299.1,308.2,1371,30.9,43,0,0,0,0,0,0
7394,M02186,M,298.5,310.2,1401,39.9,17,0,0,0,0,0,0
7395,L03725,L,295.7,305.5,1387,43.0,17,0,0,0,0,0,0
7396,L03726,L,300.2,311.1,1720,33.2,219,0,0,0,0,0,0
7397,L03727,L,298.7,309.2,1375,28.0,5,0,0,0,0,0,0
7398,H01485,H,300.2,310.5,1793,36.4,186,0,0,0,0,0,0
7399,M02187,M,295.4,305.4,1451,47.8,190,0,0,0,0,0,0
7400,L03728,L,300.3,311.5,1616,30.6,42,0,0,0,0,0,0
7401,L03729,L,295.1,304.3,1622,40.1,249,0,0,0,0,0,0
7402,M02188,M,302.2,313.9,1377,33.4,196,0,0,0,0,0,0
7403,M02189,M,301.0,309.7,1479,51.3,239,1,1,0,0,1,0
7404,L03730,L,299.4,310.2,1447,34.9,202,0,0,0,0,0,0
7405,L03731,L,301.1,309.7,1604,46.6,196,0,0,0,0,0,0
7406,L03732,L,298.0,307.7,1514,50.2,8,0,0,0,0,0,0
7407,M02190,M,300.1,310.2,1404,55.4,150,0,0,0,0,0,0
7408,H01486,H,301.6,311.1,1559,26.5,10,0,0,0,0,0,0
7409,L03733,L,293.8,303.6,1598,26.0,188,1,0,0,0,0,1
7410,M02191,M,299.1,307.7,1869,51.7,78,1,0,0,1,0,0
7411,L03734,L,300.0,309.0,1550,50.0,216,0,0,0,0,0,0
7412,L03735,L,299.6,310.1,1539,33.8,16,0,0,0,0,0,0
7413,L03736,L,302.9,312.9,1614,7.6,177,1,0,0,1,0,0
7414,H01487,H,297.8,307.1,1368,40.8,180,0,0,0,0,0,0
7415,L03737,L,298.8,310.1,1229,24.8,89,1,0,0,1,0,0
7416,M02192,M,296.2,305.0,1482,31.7,13,0,0,0,0,0,0
7417,L03738,L,303.0,312.6,1729,41.8,38,0,0,0,0,0,0
7418,L03739,L,299.5,309.0,1758,43.2,119,0,0,0,0,0,0
7419,L03740,L,299.1,309.7,1201,55.8,54,0,0,0,0,0,0
7420,M02193,M,299.9,309.9,1657,36.3,239,1,1,0,0,0,0
7421,L03741,L,301.3,311.2,1168,30.2,8,0,0,0,0,0,0
7422,M02194,M,300.7,308.9,1620,49.2,190,0,0,0,0,0,0
7423,L03742,L,305.3,316.2,1609,43.8,26,0,0,0,0,0,0
7424,L03743,L,300.9,310.7,1229,36.4,162,0,0,0,0,0,0
7425,L03744,L,299.1,309.2,1717,40.3,90,0,0,0,0,0,0
7426,L03745,L,298.9,308.2,1850,36.2,244,0,0,0,0,0,0
7427,L03746,L,299.2,308.3,1526,46.9,207,0,0,0,0,0,0
7428,L03747,L,297.0,308.5,1563,56.9,59,1,0,0,1,0,0
7429,M02195,M,300.1,308.3,1802,32.7,213,0,0,0,0,0,0
7430,M02196,M,301.6,310.5,1336,44.2,29,0,0,0,0,0,0
7431,L03748,L,298.8,310.3,1340,24.7,89,1,0,0,1,0,0
7432,L03749,L,298.4,309.0,1387,29.3,102,0,0,0,0,0,0
7433,L03750,L,303.0,312.7,1544,45.6,123,0,0,0,0,0,0
7434,L03751,L,297.1,308.3,1544,39.3,166,0,0,0,0,0,0
7435,L03752,L,295.9,306.3,1438,28.9,179,0,0,0,0,0,0
7436,H01488,H,297.7,307.9,1484,40.1,224,1,1,0,0,0,0
7437,L03753,L,296.9,307.1,1441,48.8,103,0,0,0,0,0,0
7438,L03754,L,300.8,311.3,1449,25.5,57,0,0,0,0,0,0
7439,L03755,L,299.3,309.8,1400,57.5,64,0,0,0,0,0,0
7440,L03756,L,299.6,311.8,1401,45.7,203,0,0,0,0,0,0
7441,M02197,M,302.3,312.1,1179,45.9,125,0,0,0,0,0,0
7442,L03757,L,298.6,308.4,1497,40.0,208,0,0,0,0,0,0
7443,L03758,L,301.6,310.4,1187,57.5,88,0,0,0,0,0,0
7444,M02198,M,303.0,312.9,1672,49.6,156,0,0,0,0,0,0
7445,L03759,L,299.1,311.0,1437,36.3,185,0,0,0,0,0,0
7446,M02199,M,301.5,312.5,1516,47.6,169,0,0,0,0,0,0
7447,M02200,M,299.5,309.0,1471,32.7,27,0,0,0,0,0,0
7448,L03760,L,301.8,311.8,1494,37.2,210,0,0,0,0,0,0
7449,M02201,M,296.9,305.6,1764,54.7,232,1,0,0,1,1,0
7450,L03761,L,296.7,305.7,1296,43.9,9,0,0,0,0,0,0
7451,M02202,M,299.2,309.3,1247,46.6,10,0,0,0,0,0,0
7452,L03762,L,298.2,307.7,1559,51.7,201,0,0,0,0,0,0
7453,L03763,L,299.0,308.0,1449,45.5,187,0,0,0,0,0,0
7454,M02203,M,299.6,310.1,1602,31.9,29,0,0,0,0,0,0
7455,H01489,H,301.4,311.3,1666,56.6,48,1,0,0,1,0,0
7456,H01490,H,299.2,307.6,1339,45.2,198,1,0,1,0,0,0
7457,M02204,M,298.4,306.3,1646,45.9,196,0,0,0,0,0,0
7458,L03764,L,299.3,308.7,1355,40.6,187,0,0,0,0,0,0
7459,L03765,L,298.5,306.9,1551,51.1,27,0,0,0,0,0,0
7460,L03766,L,298.1,306.2,1316,59.1,19,1,0,1,0,0,0
7461,L03767,L,296.8,307.9,1561,36.2,223,0,0,0,0,0,0
7462,L03768,L,300.1,310.0,1534,50.7,186,0,0,0,0,0,0
7463,H01491,H,298.9,308.6,1340,40.3,139,0,0,0,0,0,0
7464,L03769,L,301.9,311.7,1294,20.0,132,1,0,0,1,0,0
7465,L03770,L,297.1,306.0,1672,26.0,29,0,0,0,0,0,0
7466,L03771,L,298.9,309.3,1456,44.2,160,0,0,0,0,0,0
7467,H01492,H,303.6,313.5,1719,50.1,137,1,0,0,1,0,0
7468,M02205,M,298.1,307.3,1440,46.1,166,0,0,0,0,0,0
7469,M02206,M,299.5,308.9,1771,47.7,90,0,0,0,0,0,0
7470,L03772,L,297.6,306.4,1368,65.9,75,1,0,0,1,0,0
7471,H01493,H,297.3,306.9,1801,45.3,65,0,0,0,0,0,0
7472,L03773,L,303.1,312.9,1569,37.4,221,0,0,0,0,0,0
7473,H01494,H,300.3,309.9,1609,38.7,187,0,0,0,0,0,0
7474,M02207,M,300.3,310.4,1358,56.4,168,0,0,0,0,0,0
7475,L03774,L,296.6,306.5,1668,27.3,196,0,0,0,0,0,0
7476,L03775,L,300.7,310.9,1674,52.4,36,1,0,0,1,0,0
7477,M02208,M,302.3,313.2,1479,40.2,205,0,0,0,0,0,0
7478,L03776,L,302.3,312.9,1168,31.7,114,0,0,0,0,0,0
7479,H01495,H,301.3,312.3,1338,25.5,217,0,0,0,0,0,0
7480,L03777,L,297.7,306.9,1338,54.8,113,0,0,0,0,0,0
7481,L03778,L,300.6,310.1,1618,31.4,135,0,0,0,0,0,0
7482,L03779,L,301.3,312.0,1454,40.6,222,0,0,0,0,0,0
7483,L03780,L,296.4,307.1,1458,30.3,56,0,0,0,0,0,0
7484,L03781,L,297.8,307.1,1436,59.7,66,0,0,0,0,0,0
7485,L03782,L,301.8,312.4,1801,41.0,27,0,0,0,0,0,0
7486,M02209,M,301.8,310.9,1546,26.5,141,0,0,0,0,0,0
7487,L03783,L,296.9,307.4,1573,35.7,138,0,0,0,0,0,0
7488,H01496,H,301.6,311.6,1427,53.9,156,0,0,0,0,0,0
7489,M02210,M,300.2,308.8,1532,30.2,231,0,0,0,0,0,0
7490,H01497,H,301.6,311.2,1363,36.4,181,0,0,0,0,0,0
7491,L03784,L,298.7,310.9,1599,51.9,203,0,0,0,0,0,0
7492,L03785,L,301.3,311.5,1332,43.4,106,0,0,0,0,0,0
7493,L03786,L,301.7,314.0,1671,27.8,136,0,0,0,0,0,0
7494,M02211,M,299.3,307.9,1406,42.2,121,0,0,0,0,0,0
7495,H01498,H,300.0,310.8,1707,38.5,163,0,0,0,0,0,0
7496,L03787,L,298.7,306.2,1879,40.5,146,0,0,0,0,0,0
7497,L03788,L,303.3,313.3,1538,49.5,134,0,0,0,0,0,0
7498,H01499,H,299.8,310.4,1772,42.4,16,0,0,0,0,0,0
7499,L03789,L,298.2,309.0,1672,39.1,126,0,0,0,0,0,0
7500,M02212,M,298.6,307.8,1281,38.6,47,0,0,0,0,0,0
7501,M02213,M,300.3,311.3,1557,50.8,178,0,0,0,0,0,0
7502,H01500,H,301.5,311.0,1627,32.8,86,0,0,0,0,0,0
7503,L03790,L,297.3,307.1,1644,18.3,75,1,0,0,1,0,0
7504,L03791,L,303.7,313.3,1569,37.7,198,0,0,0,0,0,0
7505,M02214,M,300.6,309.5,1567,43.8,88,0,0,0,0,0,0
7506,H01501,H,300.9,312.5,1538,35.8,77,0,0,0,0,0,0
7507,L03792,L,299.8,309.8,1561,34.7,57,0,0,0,0,0,0
7508,L03793,L,300.0,311.1,1318,36.4,222,0,0,0,0,0,0
7509,M02215,M,299.7,310.7,1495,39.8,216,0,0,0,0,0,0
7510,H01502,H,302.0,311.0,1277,27.0,202,0,0,0,0,0,0
7511,H01503,H,300.0,311.2,1448,46.6,202,0,0,0,0,0,0
7512,H01504,H,301.5,312.0,1432,13.4,134,1,0,0,1,0,0
7513,L03794,L,299.1,308.1,1420,45.4,106,0,0,0,0,0,0
7514,L03795,L,300.4,310.8,1349,43.1,61,0,0,0,0,0,0
7515,M02216,M,298.4,307.4,1586,45.0,194,0,0,0,0,0,0
7516,H01505,H,302.4,314.0,1481,20.7,142,1,0,0,1,0,0
7517,L03796,L,298.3,309.1,1462,42.9,66,0,0,0,0,0,0
7518,L03797,L,299.4,309.3,1286,34.6,125,0,0,0,0,0,0
7519,M02217,M,299.4,310.7,1484,56.0,52,0,0,0,0,0,0
7520,L03798,L,299.3,307.7,1743,43.6,168,0,0,0,0,0,0
7521,L03799,L,301.4,310.7,1745,28.2,144,0,0,0,0,0,0
7522,M02218,M,299.4,309.1,1604,23.1,112,0,0,0,0,0,0
7523,M02219,M,302.8,315.0,1485,33.9,184,0,0,0,0,0,0
7524,M02220,M,298.4,307.3,1638,48.1,171,0,0,0,0,0,0
7525,L03800,L,300.3,308.6,1418,51.5,198,0,0,0,0,0,0
7526,M02221,M,298.4,307.0,1484,41.8,202,0,0,0,0,0,0
7527,M02222,M,300.8,311.7,1405,40.8,191,0,0,0,0,0,0
7528,M02223,M,300.0,309.4,1700,36.7,109,0,0,0,0,0,0
7529,M02224,M,299.7,309.5,1677,39.8,147,0,0,0,0,0,0
7530,L03801,L,302.4,313.2,1531,52.2,126,0,0,0,0,0,0
7531,L03802,L,298.7,308.5,1847,36.5,128,0,0,0,0,0,0
7532,L03803,L,301.2,311.4,1611,46.6,95,0,0,0,0,0,0
7533,L03804,L,298.5,309.0,1601,34.7,229,0,0,0,0,0,0
7534,M02225,M,300.2,309.8,1582,50.1,120,0,0,0,0,0,0
7535,H01506,H,297.6,307.4,1312,45.8,117,0,0,0,0,0,0
7536,M02226,M,298.7,308.9,1377,49.7,84,0,0,0,0,0,0
7537,M02227,M,299.8,310.7,1528,58.8,30,1,0,0,1,0,0
7538,L03805,L,303.6,312.8,1529,14.2,16,1,0,0,1,0,0
7539,L03806,L,300.2,307.2,1643,47.5,88,0,0,0,0,0,0
7540,L03807,L,303.3,314.0,1418,44.7,40,0,0,0,0,0,0
7541,L03808,L,300.4,311.3,1550,44.5,224,0,0,0,0,0,0
7542,L03809,L,299.2,309.4,1553,42.4,203,0,0,0,0,0,0
7543,M02228,M,303.1,313.4,1560,42.4,115,0,0,0,0,0,0
7544,H01507,H,300.9,310.3,1540,43.4,155,0,0,0,0,0,0
7545,L03810,L,298.7,309.2,1286,49.1,48,0,0,0,0,0,0
7546,L03811,L,300.9,311.8,1168,48.3,89,0,0,0,0,0,0
7547,M02229,M,299.4,309.5,1369,39.8,227,0,0,0,0,0,0
7548,L03812,L,296.0,308.5,1442,38.1,54,0,0,0,0,0,0
7549,H01508,H,301.9,310.3,1327,40.2,135,1,0,1,0,0,0
7550,M02230,M,302.2,312.4,1528,35.9,31,0,0,0,0,0,0
7551,H01509,H,303.7,312.5,1733,57.8,178,1,0,0,1,0,0
7552,L03813,L,300.8,311.7,1667,27.3,242,1,1,0,0,0,0
7553,M02231,M,299.5,307.9,1621,47.5,89,0,0,0,0,0,0
7554,L03814,L,301.7,310.4,1714,47.4,196,0,0,0,0,0,0
7555,M02232,M,301.7,311.1,1372,34.7,234,1,1,0,0,0,0
7556,L03815,L,303.3,313.6,1456,43.0,37,0,0,0,0,0,0
7557,L03816,L,299.9,309.3,1648,52.6,76,1,0,0,1,0,0
7558,M02233,M,299.7,309.1,1453,36.7,18,0,0,0,0,0,0
7559,M02234,M,298.6,308.4,1462,53.1,5,0,0,0,0,0,0
7560,H01510,H,301.1,310.9,1871,51.2,121,1,0,0,1,0,0
7561,M02235,M,296.9,308.4,1555,32.9,123,0,0,0,0,0,0
7562,M02236,M,301.6,312.3,1853,28.9,118,0,0,0,0,0,0
7563,L03817,L,301.2,310.9,1211,41.7,44,0,0,0,0,0,0
7564,M02237,M,301.2,313.3,1425,27.6,197,0,0,0,0,0,0
7565,M02238,M,300.3,310.8,1611,11.0,15,1,0,0,1,0,0
7566,H01511,H,303.1,312.1,1554,35.1,181,0,0,0,0,0,0
7567,H01512,H,301.7,312.0,1170,61.7,92,0,0,0,0,0,0
7568,L03818,L,298.8,309.3,1496,35.5,209,0,0,0,0,0,0
7569,H01513,H,298.8,308.1,1980,43.8,159,1,0,0,1,0,0
7570,L03819,L,298.2,307.1,1582,47.0,28,0,0,0,0,0,0
7571,L03820,L,301.1,311.2,1646,39.6,234,0,0,0,0,0,0
7572,M02239,M,298.0,307.6,1422,36.7,51,0,0,0,0,0,0
7573,L03821,L,302.2,313.7,1581,52.3,80,0,0,0,0,0,0
7574,M02240,M,302.6,313.3,1535,40.4,105,0,0,0,0,0,0
7575,L03822,L,298.2,307.6,1738,39.1,111,0,0,0,0,0,0
7576,L03823,L,299.6,310.0,1732,48.0,124,0,0,0,0,0,0
7577,M02241,M,300.0,311.3,1610,29.7,68,0,0,0,0,0,0
7578,M02242,M,301.8,310.4,1550,27.4,95,0,0,0,0,0,0
7579,H01514,H,303.2,312.2,1237,23.8,28,1,0,0,1,0,0
7580,M02243,M,296.6,306.6,1231,45.7,92,0,0,0,0,0,0
7581,M02244,M,299.4,309.4,1552,38.4,233,1,1,0,0,0,0
7582,L03824,L,299.5,309.4,1694,48.3,130,0,0,0,0,0,0
7583,L03825,L,297.2,306.9,1776,40.5,178,0,0,0,0,0,0
7584,L03826,L,299.0,308.7,1378,26.3,67,0,0,0,0,0,0
7585,M02245,M,300.9,311.3,1267,36.4,43,0,0,0,0,0,0
7586,M02246,M,299.4,310.5,1704,49.0,24,0,0,0,0,0,0
7587,L03827,L,296.9,306.4,1392,37.4,149,0,0,0,0,0,0
7588,M02247,M,305.7,318.1,1255,51.9,169,0,0,0,0,0,0
7589,M02248,M,300.5,312.5,1449,35.5,74,0,0,0,0,0,0
7590,L03828,L,300.2,311.5,1446,47.2,7,0,0,0,0,0,0
7591,L03829,L,297.8,308.4,1774,22.2,218,0,0,0,0,0,0
7592,H01515,H,300.5,312.5,1692,37.7,171,0,0,0,0,0,0
7593,M02249,M,299.7,309.4,1406,36.1,237,0,0,0,0,0,0
7594,H01516,H,296.2,305.4,1788,26.0,180,0,0,0,0,0,0
7595,L03830,L,297.9,307.4,1560,51.1,124,0,0,0,0,0,0
7596,H01517,H,301.6,310.6,1727,33.6,213,0,0,0,0,0,0
7597,L03831,L,303.9,314.0,1775,32.6,194,0,0,0,0,0,0
7598,L03832,L,300.7,311.0,1490,53.0,26,0,0,0,0,0,0
7599,H01518,H,302.2,312.4,1640,41.6,138,0,0,0,0,0,0
7600,L03833,L,299.7,309.7,1465,47.8,154,0,0,0,0,0,0
7601,M02250,M,299.8,309.9,1704,23.0,134,0,0,0,0,0,0
7602,L03834,L,302.2,313.9,1554,32.0,123,0,0,0,0,0,0
7603,M02251,M,303.3,313.9,1709,60.9,90,1,0,0,1,0,0
7604,H01519,H,302.6,313.5,1810,48.5,238,1,0,0,1,0,0
7605,L03835,L,297.9,308.1,1635,29.3,202,0,0,0,0,0,0
7606,M02252,M,299.9,308.3,1521,42.3,184,0,0,0,0,0,0
7607,L03836,L,300.6,308.8,1524,30.0,216,0,0,0,0,0,0
7608,M02253,M,299.5,311.6,1168,53.9,166,0,0,0,0,0,0
7609,L03837,L,300.8,310.3,1410,17.3,50,1,0,0,1,0,0
7610,L03838,L,301.6,311.0,1704,42.8,207,0,0,0,0,0,0
7611,L03839,L,302.0,312.2,1711,42.6,20,0,0,0,0,0,0
7612,L03840,L,303.4,314.0,1406,28.9,89,0,0,0,0,0,0
7613,H01520,H,299.3,310.0,1567,37.3,248,0,0,0,0,0,0
7614,L03841,L,297.3,309.1,1504,43.8,218,0,0,0,0,0,0
7615,L03842,L,300.7,312.2,1661,22.2,184,0,0,0,0,0,0
7616,L03843,L,303.8,313.0,1933,27.2,178,0,0,0,0,0,0
7617,L03844,L,299.0,310.0,1664,38.4,108,0,0,0,0,0,0
7618,M02254,M,301.4,311.0,1418,31.7,116,0,0,0,0,0,0
7619,H01521,H,301.4,311.3,1523,35.4,16,0,0,0,0,0,0
7620,L03845,L,300.4,309.3,1788,39.8,158,0,0,0,0,0,0
7621,H01522,H,300.0,308.3,1285,30.9,141,1,0,1,0,0,0
7622,M02255,M,298.2,308.2,1427,39.7,214,0,0,0,0,0,0
7623,L03846,L,295.4,304.4,1665,43.0,129,0,0,0,0,0,0
7624,M02256,M,297.8,308.7,1769,47.8,217,0,0,0,0,0,0
7625,M02257,M,299.2,308.9,1647,27.5,153,0,0,0,0,0,0
7626,M02258,M,302.2,312.5,1429,33.7,149,0,0,0,0,0,0
7627,H01523,H,299.8,311.2,1634,45.9,105,0,0,0,0,0,0
7628,L03847,L,299.0,307.5,1612,25.2,27,0,0,0,0,0,0
7629,H01524,H,298.2,307.5,1600,41.1,133,0,0,0,0,0,0
7630,M02259,M,301.3,311.5,1520,40.3,239,0,0,0,0,0,0
7631,L03848,L,302.7,313.0,1547,14.1,230,1,0,0,1,0,0
7632,M02260,M,302.1,313.2,1375,35.1,146,0,0,0,0,0,0
7633,L03849,L,301.2,312.1,1981,43.3,55,0,0,0,0,0,0
7634,H01525,H,297.0,307.1,1566,37.9,20,0,0,0,0,0,0
7635,M02261,M,299.3,309.6,1636,35.3,169,0,0,0,0,0,0
7636,L03850,L,303.9,314.2,1498,41.6,19,0,0,0,0,0,0
7637,L03851,L,302.2,310.7,1689,49.9,222,1,0,0,0,1,0
7638,M02262,M,296.9,306.7,1305,45.4,90,0,0,0,0,0,0
7639,L03852,L,299.9,310.1,1225,32.4,206,0,0,0,0,0,0
7640,L03853,L,300.7,311.2,1532,25.4,126,0,0,0,0,0,0
7641,L03854,L,298.5,307.6,1905,45.2,171,1,0,0,1,0,0
7642,L03855,L,295.4,304.1,1754,28.2,120,0,0,0,0,0,0
7643,L03856,L,300.2,310.0,1393,34.7,30,0,0,0,0,0,0
7644,L03857,L,298.4,310.4,1630,42.0,8,0,0,0,0,0,0
7645,L03858,L,298.4,307.6,1424,51.5,49,0,0,0,0,0,0
7646,M02263,M,299.3,310.5,1614,52.9,80,0,0,0,0,0,0
7647,M02264,M,299.7,311.3,1628,40.6,210,0,0,0,0,0,0
7648,L03859,L,300.0,310.0,1703,34.9,31,0,0,0,0,0,0
7649,L03860,L,298.2,307.5,1257,28.0,201,0,0,0,0,0,0
7650,M02265,M,299.6,310.1,1311,59.6,167,0,0,0,0,0,0
7651,L03861,L,296.5,306.7,1524,37.1,179,0,0,0,0,0,0
7652,L03862,L,300.6,309.7,1353,46.8,196,0,0,0,0,0,0
7653,L03863,L,294.3,303.6,1339,42.0,204,0,0,0,0,0,0
7654,H01526,H,299.4,309.9,1586,35.0,116,0,0,0,0,0,0
7655,M02266,M,301.8,312.7,1374,34.6,26,0,0,0,0,0,0
7656,M02267,M,297.9,307.6,1942,26.2,1,0,0,0,0,0,0
7657,M02268,M,301.4,311.3,1442,51.2,0,0,0,0,0,0,0
7658,M02269,M,302.3,313.0,1489,38.8,126,0,0,0,0,0,0
7659,L03864,L,293.4,303.2,1591,54.3,7,1,0,0,1,0,0
7660,M02270,M,299.7,309.4,1268,35.5,137,0,0,0,0,0,0
7661,L03865,L,294.2,303.4,1629,37.0,219,0,0,0,0,0,0
7662,M02271,M,299.8,309.0,1599,28.7,68,0,0,0,0,0,0
7663,M02272,M,300.0,312.7,1475,36.9,113,0,0,0,0,0,0
7664,M02273,M,295.0,304.8,1587,27.6,246,0,0,0,0,0,0
7665,L03866,L,303.8,315.2,1614,44.0,193,0,0,0,0,0,0
7666,L03867,L,300.6,312.3,1794,41.1,245,1,1,0,0,0,0
7667,M02274,M,298.3,308.1,1985,54.7,168,1,0,0,1,0,0
7668,M02275,M,302.9,313.3,1347,25.4,47,0,0,0,0,0,0
7669,H01527,H,296.4,306.5,1305,52.2,115,0,0,0,0,0,0
7670,L03868,L,297.5,305.9,1556,30.2,116,0,0,0,0,0,0
7671,M02276,M,295.4,303.8,1168,43.4,80,1,0,1,0,0,0
7672,M02277,M,303.6,313.6,1654,28.5,175,0,0,0,0,0,0
7673,H01528,H,300.7,310.3,1558,42.0,124,0,0,0,0,0,0
7674,M02278,M,301.3,313.2,1603,14.9,32,1,0,0,1,0,0
7675,M02279,M,300.6,310.4,1483,33.3,216,0,0,0,0,0,0
7676,M02280,M,301.1,313.1,1583,41.1,196,0,0,0,0,0,0
7677,M02281,M,300.2,309.7,1622,57.6,91,1,0,0,1,0,0
7678,H01529,H,300.5,312.4,1573,18.7,178,1,0,0,1,0,0
7679,L03869,L,300.2,310.7,1297,40.0,191,0,0,0,0,0,0
7680,L03870,L,298.8,309.4,1568,34.8,81,0,0,0,0,0,0
7681,H01530,H,299.9,309.4,1869,20.8,121,0,0,0,0,0,0
7682,M02282,M,300.5,311.1,1581,28.8,22,0,0,0,0,0,0
7683,M02283,M,300.2,311.9,1562,35.3,179,0,0,0,0,0,0
7684,L03871,L,297.0,306.9,1817,44.7,226,1,1,0,0,0,0
7685,L03872,L,297.3,307.0,1404,40.9,81,0,0,0,0,0,0
7686,M02284,M,302.2,312.0,1697,26.9,202,0,0,0,0,0,0
7687,M02285,M,299.4,311.0,1443,21.7,42,1,0,0,1,0,0
7688,L03873,L,301.2,312.1,1732,44.2,106,0,0,0,0,0,0
7689,L03874,L,297.8,309.2,1680,38.0,73,0,0,0,0,0,0
7690,H01531,H,297.1,307.4,1464,56.1,137,0,0,0,0,0,0
7691,L03875,L,298.3,308.3,1490,36.5,99,0,0,0,0,0,0
7692,H01532,H,299.6,310.0,1713,51.4,200,1,0,0,1,0,0
7693,L03876,L,298.7,309.8,1205,45.4,105,0,0,0,0,0,0
7694,M02286,M,302.6,312.4,1458,48.2,76,0,0,0,0,0,0
7695,H01533,H,300.4,311.8,1649,44.3,214,1,1,0,0,0,0
7696,M02287,M,303.7,314.1,1482,44.5,128,0,0,0,0,0,0
7697,L03877,L,300.8,308.4,1562,17.1,143,1,0,0,1,0,0
7698,M02288,M,295.2,306.1,1172,37.6,18,0,0,0,0,0,0
7699,L03878,L,302.1,310.8,1385,33.4,75,0,0,0,0,0,0
7700,L03879,L,297.0,307.9,1659,52.7,132,1,0,0,1,0,0
7701,H01534,H,300.5,311.4,1403,30.0,182,0,0,0,0,0,0
7702,M02289,M,298.5,308.8,1304,37.2,61,0,0,0,0,0,0
7703,M02290,M,304.3,314.8,1728,48.0,132,0,0,0,0,0,0
7704,L03880,L,302.9,314.0,1630,43.0,120,0,0,0,0,0,0
7705,L03881,L,298.5,308.0,1343,41.7,134,0,0,0,0,0,0
7706,L03882,L,299.7,310.5,1562,51.1,107,0,0,0,0,0,0
7707,M02291,M,300.5,311.7,1348,42.6,77,0,0,0,0,0,0
7708,M02292,M,301.7,313.5,1510,34.6,32,0,0,0,0,0,0
7709,M02293,M,300.1,309.0,1569,27.0,5,0,0,0,0,0,0
7710,H01535,H,298.0,308.4,1393,44.9,81,0,0,0,0,0,0
7711,L03883,L,298.6,307.6,1670,32.3,133,0,0,0,0,0,0
7712,L03884,L,300.0,309.0,1698,37.6,50,0,0,0,0,0,0
7713,L03885,L,302.5,312.9,1585,50.8,221,1,0,0,0,1,0
7714,L03886,L,300.9,311.0,1612,37.8,11,0,0,0,0,0,0
7715,L03887,L,298.5,309.6,1277,35.6,113,0,0,0,0,0,0
7716,H01536,H,301.3,311.0,1781,37.2,226,0,0,0,0,0,0
7717,L03888,L,299.2,309.1,1521,37.5,202,0,0,0,0,0,0
7718,H01537,H,301.8,312.0,1370,30.1,121,0,0,0,0,0,0
7719,L03889,L,305.1,314.2,1564,56.8,131,1,0,0,1,0,0
7720,H01538,H,299.3,308.6,1671,34.5,204,0,0,0,0,0,0
7721,M02294,M,301.6,312.7,1629,47.8,0,0,0,0,0,0,0
7722,H01539,H,298.5,308.0,1343,29.8,51,0,0,0,0,0,0
7723,L03890,L,299.8,311.0,1673,45.5,229,0,0,0,0,0,0
7724,M02295,M,300.1,310.7,1527,41.7,52,0,0,0,0,0,0
7725,H01540,H,299.6,308.1,1627,40.3,92,0,0,0,0,0,0
7726,L03891,L,304.9,315.4,1394,41.7,13,0,0,0,0,0,0
7727,L03892,L,299.4,309.9,1725,44.2,148,0,0,0,0,0,0
7728,L03893,L,301.2,311.6,1570,37.7,104,0,0,0,0,0,0
7729,H01541,H,296.1,306.0,1750,38.2,158,0,0,0,0,0,0
7730,M02296,M,300.9,310.0,1263,45.8,168,0,0,0,0,0,0
7731,M02297,M,302.3,313.6,1287,28.6,184,0,0,0,0,0,0
7732,L03894,L,298.9,308.8,1495,27.0,134,0,0,0,0,0,0
7733,L03895,L,295.0,304.1,1800,41.8,60,0,0,0,0,0,0
7734,H01542,H,299.9,310.4,1889,19.9,14,0,0,0,0,0,0
7735,L03896,L,300.0,309.3,1378,23.2,105,1,0,0,1,0,0
7736,M02298,M,301.4,310.5,1547,58.1,8,1,0,0,1,0,0
7737,H01543,H,304.0,313.6,1565,55.5,220,1,0,0,1,0,0
7738,L03897,L,299.2,308.5,1666,34.3,59,0,0,0,0,0,0
7739,M02299,M,298.3,307.4,1696,50.0,55,0,0,0,0,0,0
7740,L03898,L,297.7,308.5,1338,50.3,215,0,0,0,0,0,0
7741,M02300,M,300.4,310.3,1549,44.7,142,0,0,0,0,0,0
7742,L03899,L,301.0,312.3,1178,39.2,84,0,0,0,0,0,0
7743,M02301,M,298.9,308.0,1683,46.3,104,0,0,0,0,0,0
7744,L03900,L,301.6,309.9,1477,48.0,87,0,0,0,0,0,0
7745,L03901,L,300.9,311.0,1322,46.4,6,0,0,0,0,0,0
7746,M02302,M,300.1,312.0,1597,24.5,23,0,0,0,0,0,0
7747,L03902,L,298.2,308.7,1471,60.3,56,1,0,0,1,0,0
7748,M02303,M,299.0,312.2,1763,64.0,214,1,0,0,1,1,0
7749,L03903,L,295.1,305.4,1378,20.9,63,1,0,0,1,0,0
7750,M02304,M,300.5,310.7,1935,45.1,24,1,0,0,1,0,0
7751,L03904,L,300.1,307.9,1690,60.5,199,1,0,0,1,1,0
7752,M02305,M,300.4,310.8,1768,50.0,161,1,0,0,1,0,0
7753,L03905,L,301.0,311.2,1353,50.1,226,1,1,0,0,1,0
7754,L03906,L,300.8,310.4,1858,25.6,53,0,0,0,0,0,0
7755,L03907,L,299.8,309.7,1320,47.9,85,0,0,0,0,0,0
7756,M02306,M,300.1,310.0,1500,42.4,246,0,0,0,0,0,0
7757,L03908,L,297.2,307.0,1771,47.8,33,0,0,0,0,0,0
7758,H01544,H,298.8,310.9,1628,29.6,155,0,0,0,0,0,0
7759,H01545,H,300.1,309.7,1316,29.3,0,0,0,0,0,0,0
7760,L03909,L,298.5,308.7,1741,38.6,107,0,0,0,0,0,0
7761,M02307,M,301.7,311.3,1598,36.2,36,0,0,0,0,0,0
7762,L03910,L,298.7,309.5,1463,38.4,29,0,0,0,0,0,0
7763,L03911,L,300.4,310.6,1261,35.2,113,0,0,0,0,0,0
7764,M02308,M,300.2,309.9,1615,38.0,152,0,0,0,0,0,0
7765,M02309,M,301.5,309.6,1508,33.3,242,0,0,0,0,0,0
7766,M02310,M,301.8,312.0,1565,39.5,187,0,0,0,0,0,0
7767,L03912,L,301.4,311.1,1254,25.8,129,1,0,0,1,0,0
7768,L03913,L,295.8,305.7,1463,45.1,155,0,0,0,0,0,0
7769,L03914,L,302.4,311.2,1623,42.6,47,0,0,0,0,0,0
7770,M02311,M,303.1,314.5,1873,27.4,155,0,0,0,0,0,0
7771,M02312,M,299.0,309.9,1501,53.3,214,0,0,0,0,0,0
7772,M02313,M,300.5,311.9,1796,31.7,101,0,0,0,0,0,0
7773,L03915,L,298.2,309.3,1678,51.9,23,1,0,0,1,0,0
7774,L03916,L,296.1,306.7,1579,43.3,248,1,1,0,0,0,0
7775,L03917,L,298.5,307.4,1356,50.0,226,1,0,0,0,1,0
7776,L03918,L,298.9,310.7,1364,41.8,199,0,0,0,0,0,0
7777,L03919,L,299.3,308.4,1648,45.7,227,0,0,0,0,0,0
7778,H01546,H,298.1,307.8,1443,49.9,145,0,0,0,0,0,0
7779,H01547,H,298.5,309.2,1427,59.1,19,0,0,0,0,0,0
7780,M02314,M,300.0,310.8,1505,50.7,67,0,0,0,0,0,0
7781,L03920,L,298.5,309.1,1508,44.5,7,0,0,0,0,0,0
7782,L03921,L,301.1,310.7,1699,26.5,89,0,0,0,0,0,0
7783,H01548,H,301.4,310.8,1447,15.8,55,1,0,0,1,0,0
7784,L03922,L,304.8,317.3,1681,38.7,60,0,0,0,0,0,0
7785,H01549,H,302.3,312.3,1616,32.9,38,0,0,0,0,0,0
7786,L03923,L,300.5,310.3,1238,33.2,211,0,0,0,0,0,0
7787,L03924,L,298.8,308.1,1590,39.2,17,0,0,0,0,0,0
7788,H01550,H,300.6,310.8,1168,46.6,96,0,0,0,0,0,0
7789,L03925,L,300.7,310.9,1377,33.8,58,0,0,0,0,0,0
7790,M02315,M,299.0,309.0,1620,49.0,145,0,0,0,0,0,0
7791,M02316,M,301.6,312.0,1536,40.3,97,0,0,0,0,0,0
7792,L03926,L,297.2,309.0,1221,40.4,210,0,0,0,0,0,0
7793,L03927,L,299.5,308.9,1337,58.7,41,0,0,0,0,0,0
7794,M02317,M,301.1,311.1,1168,41.8,52,0,0,0,0,0,0
7795,M02318,M,299.4,308.8,1297,39.5,32,0,0,0,0,0,0
7796,L03928,L,299.6,309.9,1641,45.2,20,0,0,0,0,0,0
7797,H01551,H,299.7,309.1,1438,58.0,198,0,0,0,0,0,0
7798,L03929,L,298.3,307.8,1568,39.5,187,0,0,0,0,0,0
7799,L03930,L,302.3,310.8,1540,44.4,141,0,0,0,0,0,0
7800,L03931,L,298.0,308.1,1543,38.9,32,0,0,0,0,0,0
7801,L03932,L,300.6,311.0,1721,39.0,131,0,0,0,0,0,0
7802,L03933,L,300.8,312.7,1501,35.1,170,0,0,0,0,0,0
7803,H01552,H,298.1,308.6,1701,34.4,129,0,0,0,0,0,0
7804,L03934,L,300.1,309.7,1168,57.0,39,0,0,0,0,0,0
7805,L03935,L,298.2,306.8,1736,34.5,49,0,0,0,0,0,0
7806,L03936,L,302.8,311.6,1307,24.6,222,1,0,0,1,0,0
7807,M02319,M,297.7,306.4,1345,41.3,62,0,0,0,0,0,0
7808,H01553,H,298.7,310.6,1411,50.2,176,0,0,0,0,0,0
7809,L03937,L,297.6,307.9,1732,52.4,109,1,0,0,1,0,0
7810,L03938,L,297.3,306.7,1378,28.1,93,0,0,0,0,0,0
7811,L03939,L,303.2,312.2,1420,51.1,63,0,0,0,0,0,0
7812,L03940,L,301.1,310.2,1365,60.6,177,0,0,0,0,0,0
7813,L03941,L,300.3,309.7,1583,33.2,137,0,0,0,0,0,0
7814,L03942,L,298.7,310.0,1671,38.3,243,0,0,0,0,0,0
7815,L03943,L,301.8,311.8,1843,27.7,84,0,0,0,0,0,0
7816,M02320,M,298.4,307.0,1967,58.5,113,1,0,0,1,0,0
7817,L03944,L,301.6,313.9,1654,25.1,115,0,0,0,0,0,0
7818,H01554,H,298.3,307.2,1603,36.0,150,0,0,0,0,0,0
7819,H01555,H,298.7,308.1,1320,47.8,36,0,0,0,0,0,0
7820,M02321,M,301.5,312.8,1879,33.2,71,0,0,0,0,0,0
7821,L03945,L,301.7,312.1,1576,30.1,137,0,0,0,0,0,0
7822,L03946,L,301.2,310.7,1486,39.5,152,0,0,0,0,0,0
7823,L03947,L,297.9,306.7,1607,63.9,32,1,0,0,1,0,0
7824,M02322,M,299.1,308.1,1424,37.4,16,0,0,0,0,0,0
7825,L03948,L,300.3,309.4,1168,37.9,114,0,0,0,0,0,0
7826,H01556,H,298.3,308.3,1640,28.8,23,0,0,0,0,0,0
7827,H01557,H,302.7,312.9,1778,43.9,176,0,0,0,0,0,0
7828,L03949,L,295.2,305.1,1637,48.8,233,1,0,0,0,1,0
7829,M02323,M,298.4,308.4,1536,33.9,241,0,0,0,0,0,0
7830,L03950,L,299.0,307.9,1540,45.4,29,0,0,0,0,0,0
7831,L03951,L,294.3,304.6,1568,34.0,64,0,0,0,0,0,0
7832,L03952,L,297.2,308.5,1563,21.1,125,1,0,0,1,0,0
7833,L03953,L,301.3,311.1,1527,44.6,80,0,0,0,0,0,0
7834,H01558,H,300.1,309.9,1542,60.7,27,1,0,0,1,0,0
7835,L03954,L,303.1,313.2,1816,28.0,12,0,0,0,0,0,0
7836,L03955,L,303.1,314.2,1622,41.8,184,0,0,0,0,0,0
7837,M02324,M,300.9,310.0,1556,53.1,187,0,0,0,0,0,0
7838,M02325,M,300.6,312.1,1656,39.0,137,0,0,0,0,0,0
7839,L03956,L,300.1,310.5,1656,25.7,192,0,0,0,0,0,0
7840,H01559,H,294.7,304.7,1707,40.4,83,0,0,0,0,0,0
7841,M02326,M,297.2,308.4,1402,54.9,134,0,0,0,0,0,0
7842,L03957,L,300.2,309.0,1451,34.9,187,0,0,0,0,0,0
7843,L03958,L,301.2,311.7,1392,42.3,62,0,0,0,0,0,0
7844,L03959,L,300.6,311.0,1675,29.5,223,0,0,0,0,0,0
7845,H01560,H,298.2,307.3,1666,39.0,212,0,0,0,0,0,0
7846,M02327,M,301.9,312.4,1310,43.9,25,0,0,0,0,0,0
7847,H01561,H,303.0,313.3,1607,41.3,236,1,1,0,0,0,0
7848,L03960,L,301.9,311.7,1783,35.7,116,0,0,0,0,0,0
7849,L03961,L,302.0,312.9,1495,44.4,198,0,0,0,0,0,0
7850,L03962,L,298.9,308.3,1594,46.7,37,0,0,0,0,0,0
7851,L03963,L,302.2,312.5,1668,47.4,53,0,0,0,0,0,0
7852,M02328,M,300.3,310.2,1301,37.1,44,0,0,0,0,0,0
7853,M02329,M,301.0,310.4,1565,33.8,231,1,1,0,0,0,0
7854,L03964,L,300.7,311.2,1765,59.6,111,1,0,0,1,0,0
7855,L03965,L,299.8,309.6,1431,41.4,185,0,0,0,0,0,0
7856,L03966,L,298.3,306.8,1687,37.4,168,0,0,0,0,0,0
7857,L03967,L,299.8,308.0,1542,25.2,172,0,0,0,0,0,0
7858,L03968,L,302.0,312.8,1417,30.7,218,1,1,0,0,0,0
7859,L03969,L,299.1,307.9,1520,33.6,161,0,0,0,0,0,0
7860,L03970,L,301.8,312.1,1443,44.4,75,0,0,0,0,0,0
7861,L03971,L,301.5,311.6,1378,36.4,203,0,0,0,0,0,0
7862,L03972,L,299.4,309.0,1492,40.2,57,0,0,0,0,0,0
7863,L03973,L,302.8,314.8,1550,25.7,78,0,0,0,0,0,0
7864,M02330,M,299.3,309.5,1508,54.0,211,0,0,0,0,0,0
7865,L03974,L,303.0,313.8,1490,32.6,137,0,0,0,0,0,0
7866,H01562,H,300.9,311.2,1578,42.4,248,0,0,0,0,0,0
7867,L03975,L,300.0,309.8,1633,34.7,237,1,1,0,0,0,0
7868,L03976,L,298.2,308.2,1333,36.8,125,0,0,0,0,0,0
7869,L03977,L,299.8,311.3,1492,32.1,89,0,0,0,0,0,0
7870,L03978,L,299.6,310.7,1184,43.0,144,0,0,0,0,0,0
7871,H01563,H,297.5,309.5,1508,30.2,201,0,0,0,0,0,0
7872,L03979,L,299.6,309.8,1564,43.1,60,0,0,0,0,0,0
7873,H01564,H,298.4,307.5,1639,38.8,119,0,0,0,0,0,0
7874,H01565,H,301.2,310.8,1565,46.3,10,0,0,0,0,0,0
7875,M02331,M,302.6,311.4,1636,47.3,144,0,0,0,0,0,0
7876,M02332,M,297.5,308.3,1549,36.8,202,0,0,0,0,0,0
7877,M02333,M,303.4,312.8,1417,43.7,14,0,0,0,0,0,0
7878,L03980,L,299.7,306.6,1338,35.5,3,1,0,1,0,0,0
7879,M02334,M,298.0,310.5,1490,53.2,88,0,0,0,0,0,0
7880,L03981,L,301.5,310.9,1400,36.4,227,0,0,0,0,0,0
7881,L03982,L,299.1,308.5,1516,38.0,180,0,0,0,0,0,0
7882,L03983,L,299.8,311.5,1449,35.3,174,0,0,0,0,0,0
7883,M02335,M,299.2,308.0,1613,32.7,222,0,0,0,0,0,0
7884,H01566,H,298.4,309.5,1546,60.3,45,1,0,0,1,0,0
7885,L03984,L,301.4,310.8,1618,44.9,156,0,0,0,0,0,0
7886,H01567,H,299.4,308.1,1617,40.7,30,0,0,0,0,0,0
7887,L03985,L,297.1,308.8,1505,35.2,72,0,0,0,0,0,0
7888,L03986,L,301.1,312.0,1516,51.1,47,0,0,0,0,0,0
7889,L03987,L,297.6,308.5,1627,34.5,183,0,0,0,0,0,0
7890,L03988,L,297.7,308.1,1975,41.2,192,0,0,0,0,0,0
7891,L03989,L,302.4,313.0,1360,62.0,130,0,0,0,0,0,0
7892,M02336,M,297.6,306.4,1545,30.4,3,0,0,0,0,0,0
7893,H01568,H,295.4,305.5,1323,45.4,18,0,0,0,0,0,0
7894,L03990,L,301.2,310.3,1534,42.9,168,0,0,0,0,0,0
7895,L03991,L,299.4,308.0,1417,45.3,149,0,0,0,0,0,0
7896,H01569,H,299.6,310.0,1516,37.2,114,0,0,0,0,0,0
7897,M02337,M,299.4,310.6,1565,34.1,199,0,0,0,0,0,0
7898,L03992,L,300.5,310.1,1450,42.3,24,0,0,0,0,0,0
7899,L03993,L,298.5,308.3,1218,35.4,249,1,1,0,0,0,0
7900,H01570,H,303.0,311.9,1793,16.7,131,1,0,0,1,0,0
7901,M02338,M,297.0,307.0,1688,31.8,236,0,0,0,0,0,0
7902,L03994,L,300.9,311.7,1514,36.8,52,0,0,0,0,0,0
7903,L03995,L,301.3,312.1,1377,29.2,178,0,0,0,0,0,0
7904,H01571,H,298.5,309.0,1553,41.5,205,0,0,0,0,0,0
7905,L03996,L,298.0,307.4,1602,32.4,4,0,0,0,0,0,0
7906,H01572,H,302.0,311.3,1675,39.6,49,0,0,0,0,0,0
7907,L03997,L,298.0,308.8,1692,61.7,177,1,0,0,1,0,0
7908,M02339,M,298.8,309.6,1726,52.3,58,1,0,0,1,0,0
7909,L03998,L,301.8,311.6,1226,45.9,92,0,0,0,0,0,0
7910,L03999,L,300.1,309.7,1483,58.1,148,1,0,0,1,0,0
7911,H01573,H,296.4,307.6,1715,39.3,78,0,0,0,0,0,0
7912,L04000,L,303.5,313.1,1372,39.4,150,0,0,0,0,0,0
7913,M02340,M,298.9,309.6,1756,29.4,80,0,0,0,0,0,0
7914,L04001,L,299.2,309.1,1862,52.8,130,1,0,0,1,0,0
7915,L04002,L,300.5,309.5,1751,59.6,224,1,0,0,1,1,0
7916,L04003,L,301.3,312.9,1656,49.1,247,1,0,0,0,1,0
7917,M02341,M,303.9,314.0,1457,54.2,49,0,0,0,0,0,0
7918,L04004,L,296.7,306.0,1588,12.6,53,1,0,0,1,0,0
7919,L04005,L,301.7,310.3,1297,63.4,90,0,0,0,0,0,0
7920,L04006,L,301.5,310.2,1398,39.0,143,0,0,0,0,0,0
7921,M02342,M,299.7,309.3,1410,63.6,5,1,0,0,1,0,0
7922,M02343,M,301.6,313.5,1549,57.3,40,1,0,0,1,0,0
7923,L04007,L,301.9,311.3,1467,47.7,181,0,0,0,0,0,0
7924,L04008,L,297.2,308.6,1584,36.6,9,0,0,0,0,0,0
7925,H01574,H,303.5,313.4,1695,41.6,117,0,0,0,0,0,0
7926,L04009,L,296.9,305.7,1410,20.9,156,1,0,0,1,0,0
7927,H01575,H,297.7,307.2,1564,49.3,186,1,0,0,0,0,1
7928,H01576,H,299.5,308.2,1463,14.4,80,1,0,0,1,0,0
7929,M02344,M,303.8,312.9,1572,37.0,102,0,0,0,0,0,0
7930,L04010,L,299.4,308.5,1660,55.4,173,1,0,0,1,0,0
7931,H01577,H,299.9,308.0,1702,47.2,205,0,0,0,0,0,0
7932,M02345,M,302.9,314.4,1657,24.7,139,0,0,0,0,0,0
7933,M02346,M,299.4,309.6,1612,26.6,229,0,0,0,0,0,0
7934,L04011,L,297.6,306.9,1283,34.0,156,0,0,0,0,0,0
7935,L04012,L,299.2,309.4,1344,40.8,77,0,0,0,0,0,0
7936,L04013,L,302.7,311.9,1390,48.8,199,0,0,0,0,0,0
7937,M02347,M,300.1,307.4,1602,46.0,48,0,0,0,0,0,0
7938,M02348,M,303.9,316.9,1306,29.4,231,0,0,0,0,0,0
7939,L04014,L,301.5,311.7,1598,46.2,167,0,0,0,0,0,0
7940,L04015,L,298.7,308.1,1585,47.3,208,0,0,0,0,0,0
7941,L04016,L,300.1,308.2,1191,44.9,42,1,0,1,0,0,0
7942,M02349,M,298.3,306.8,1343,64.8,102,1,0,1,1,0,0
7943,H01578,H,298.7,310.4,1724,47.3,86,0,0,0,0,0,0
7944,L04017,L,309.0,320.5,1662,49.7,6,0,0,0,0,0,0
7945,L04018,L,302.0,312.8,1385,58.8,139,0,0,0,0,0,0
7946,L04019,L,301.7,310.6,1352,48.5,207,1,1,0,0,0,0
7947,M02350,M,298.8,310.3,1168,34.5,12,0,0,0,0,0,0
7948,M02351,M,303.1,313.5,1801,52.4,188,1,0,0,1,0,0
7949,H01579,H,302.2,312.9,1545,36.0,126,0,0,0,0,0,0
7950,L04020,L,303.8,314.2,1875,30.2,174,0,0,0,0,0,0
7951,H01580,H,303.7,312.2,1503,31.0,146,0,0,0,0,0,0
7952,L04021,L,297.0,305.8,1588,52.3,130,0,0,0,0,0,0
7953,M02352,M,297.8,307.3,1697,46.2,106,0,0,0,0,0,0
7954,L04022,L,298.0,308.6,1831,50.6,119,1,0,0,1,0,0
7955,H01581,H,298.1,306.7,1627,46.3,199,0,0,0,0,0,0
7956,M02353,M,300.6,310.4,1538,41.9,167,0,0,0,0,0,0
7957,M02354,M,298.9,308.7,1543,43.2,11,0,0,0,0,0,0
7958,H01582,H,304.1,314.9,1350,45.9,158,0,0,0,0,0,0
7959,L04023,L,303.8,314.5,1469,34.0,127,0,0,0,0,0,0
7960,L04024,L,300.0,309.0,1547,27.1,162,0,0,0,0,0,0
7961,H01583,H,303.9,315.3,1785,35.1,83,0,0,0,0,0,0
7962,L04025,L,303.0,311.8,1461,45.4,219,0,0,0,0,0,0
7963,L04026,L,299.1,310.2,1728,33.5,65,0,0,0,0,0,0
7964,L04027,L,296.0,305.4,1523,61.3,26,1,0,0,1,0,0
7965,M02355,M,299.6,309.8,1760,44.4,2,0,0,0,0,0,0
7966,L04028,L,298.7,308.9,1659,41.2,47,0,0,0,0,0,0
7967,L04029,L,300.4,310.6,1647,33.9,148,0,0,0,0,0,0
7968,L04030,L,300.2,310.9,1713,49.2,114,0,0,0,0,0,0
7969,L04031,L,300.1,310.5,1687,27.9,51,0,0,0,0,0,0
7970,H01584,H,301.0,311.8,1728,43.2,134,0,0,0,0,0,0
7971,H01585,H,297.6,308.1,1919,35.6,50,0,0,0,0,0,0
7972,M02356,M,300.8,309.5,1827,41.2,224,0,0,0,0,0,0
7973,L04032,L,299.1,309.4,1621,44.9,44,0,0,0,0,0,0
7974,H01586,H,300.4,309.8,1458,28.5,45,0,0,0,0,0,0
7975,M02357,M,301.9,310.8,1603,23.3,32,0,0,0,0,0,0
7976,L04033,L,297.6,307.3,1193,30.7,35,0,0,0,0,0,0
7977,H01587,H,299.4,309.6,1686,48.8,16,0,0,0,0,0,0
7978,M02358,M,299.8,310.0,1348,43.7,133,0,0,0,0,0,0
7979,M02359,M,299.0,310.1,1738,36.0,115,0,0,0,0,0,0
7980,M02360,M,301.8,313.1,1892,59.7,148,1,0,0,1,0,0
7981,L04034,L,298.6,308.9,1278,52.9,37,0,0,0,0,0,0
7982,L04035,L,298.9,309.4,1528,50.4,161,0,0,0,0,0,0
7983,M02361,M,298.6,308.7,1347,32.8,48,0,0,0,0,0,0
7984,L04036,L,302.2,313.0,1228,50.3,60,0,0,0,0,0,0
7985,L04037,L,299.0,309.5,1518,43.4,57,0,0,0,0,0,0
7986,M02362,M,300.9,310.8,1651,32.8,239,1,1,0,0,0,0
7987,M02363,M,304.0,316.2,1673,39.0,75,0,0,0,0,0,0
7988,L04038,L,299.9,309.4,1565,29.6,11,0,0,0,0,0,0
7989,M02364,M,302.2,313.7,1240,32.9,145,0,0,0,0,0,0
7990,H01588,H,303.3,311.9,1560,28.6,189,0,0,0,0,0,0
7991,M02365,M,302.1,312.9,1270,49.6,239,0,0,0,0,0,0
7992,L04039,L,300.0,311.4,1282,39.3,5,0,0,0,0,0,0
7993,L04040,L,301.3,309.4,1359,30.6,204,1,0,1,0,0,0
7994,L04041,L,297.4,307.5,1725,45.2,94,0,0,0,0,0,0
7995,L04042,L,298.4,309.1,1635,40.0,249,0,0,0,0,0,0
7996,L04043,L,298.8,309.1,1595,50.5,88,0,0,0,0,0,0
7997,L04044,L,304.5,314.9,1383,41.3,175,0,0,0,0,0,0
7998,L04045,L,298.4,308.5,1468,25.6,87,0,0,0,0,0,0
7999,H01589,H,298.3,307.2,1292,35.0,105,0,0,0,0,0,0
8000,L04046,L,297.9,310.3,1782,28.4,10,0,0,0,0,0,0
8001,M02366,M,301.1,310.6,1931,45.6,160,1,0,0,1,0,0
8002,M02367,M,300.3,310.7,1637,50.8,20,0,0,0,0,0,0
8003,L04047,L,302.2,311.6,1668,24.6,230,1,1,0,0,0,0
8004,H01590,H,301.3,309.0,1509,38.8,151,0,0,0,0,0,0
8005,M02368,M,297.2,306.3,1248,51.5,54,0,0,0,0,0,0
8006,L04048,L,298.4,307.0,1386,24.4,176,0,0,0,0,0,0
8007,M02369,M,302.7,313.8,1454,35.6,235,0,0,0,0,0,0
8008,L04049,L,299.6,309.0,1469,40.0,115,0,0,0,0,0,0
8009,M02370,M,302.4,311.9,1427,50.7,211,0,0,0,0,0,0
8010,L04050,L,299.7,308.6,1546,45.4,238,0,0,0,0,0,0
8011,H01591,H,298.1,308.2,1385,47.5,8,0,0,0,0,0,0
8012,L04051,L,299.4,308.7,1926,46.0,94,1,0,0,1,0,0
8013,M02371,M,298.1,309.1,1293,36.3,219,0,0,0,0,0,0
8014,L04052,L,298.9,309.2,1696,56.4,117,1,0,0,1,0,0
8015,M02372,M,300.4,309.8,1491,33.3,37,0,0,0,0,0,0
8016,M02373,M,301.0,311.9,1620,12.2,132,1,0,0,1,0,0
8017,L04053,L,296.8,306.8,1628,22.0,100,0,0,0,0,0,0
8018,M02374,M,300.0,310.0,1566,38.8,168,0,0,0,0,0,0
8019,L04054,L,298.8,307.3,1335,36.7,161,1,0,1,0,0,0
8020,H01592,H,298.7,308.6,1478,34.6,201,0,0,0,0,0,0
8021,L04055,L,300.3,310.6,1568,41.5,95,0,0,0,0,0,0
8022,H01593,H,298.9,310.2,1557,52.0,100,0,0,0,0,0,0
8023,H01594,H,302.8,312.0,1354,44.5,190,0,0,0,0,0,0
8024,L04056,L,302.4,314.7,1769,46.5,144,0,0,0,0,0,0
8025,L04057,L,302.4,313.0,1168,29.2,180,0,0,0,0,0,0
8026,L04058,L,299.0,307.5,1493,34.8,35,0,0,0,0,0,0
8027,H01595,H,298.1,307.3,1373,47.0,35,0,0,0,0,0,0
8028,L04059,L,300.2,311.6,1570,41.1,140,0,0,0,0,0,0
8029,M02375,M,299.7,310.9,1719,44.8,19,0,0,0,0,0,0
8030,H01596,H,298.8,308.8,1286,46.1,50,0,0,0,0,0,0
8031,L04060,L,297.6,307.7,1959,41.7,229,0,0,0,0,0,0
8032,M02376,M,299.9,308.7,1574,55.8,210,1,0,0,1,0,0
8033,L04061,L,299.2,310.5,1606,34.7,213,0,0,0,0,0,0
8034,L04062,L,301.4,310.4,1280,31.8,15,0,0,0,0,0,0
8035,M02377,M,301.3,312.1,1529,22.4,5,0,0,0,0,0,0
8036,L04063,L,302.2,313.6,1711,47.5,202,0,0,0,0,0,0
8037,L04064,L,297.5,307.5,1575,34.3,137,0,0,0,0,0,0
8038,H01597,H,300.8,311.8,1563,52.7,158,0,0,0,0,0,0
8039,L04065,L,298.5,310.3,1528,42.5,145,0,0,0,0,0,0
8040,H01598,H,297.6,307.9,1291,36.6,95,0,0,0,0,0,0
8041,H01599,H,299.1,308.9,1290,29.5,168,0,0,0,0,0,0
8042,L04066,L,302.1,312.0,1747,48.5,105,0,0,0,0,0,0
8043,L04067,L,299.3,308.6,1695,39.5,46,0,0,0,0,0,0
8044,M02378,M,303.1,312.3,1722,42.7,23,0,0,0,0,0,0
8045,L04068,L,301.1,311.5,1390,46.0,109,0,0,0,0,0,0
8046,L04069,L,299.2,309.0,1509,42.7,207,0,0,0,0,0,0
8047,M02379,M,302.3,312.6,1758,31.5,92,0,0,0,0,0,0
8048,L04070,L,300.9,309.4,1318,45.2,230,1,0,1,0,0,0
8049,H01600,H,298.1,308.0,1740,48.2,216,0,0,0,0,0,0
8050,L04071,L,303.7,314.7,1433,43.6,103,0,0,0,0,0,0
8051,L04072,L,300.5,309.4,1384,46.3,216,0,0,0,0,0,0
8052,L04073,L,300.0,310.0,1532,47.3,167,0,0,0,0,0,0
8053,H01601,H,298.3,306.4,1338,36.0,44,1,0,1,0,0,0
8054,M02380,M,302.4,311.1,1198,35.7,82,0,0,0,0,0,0
8055,H01602,H,301.0,311.8,1551,62.3,201,1,1,0,1,0,0
8056,L04074,L,301.3,311.0,1633,53.3,0,1,0,0,1,0,0
8057,L04075,L,299.0,310.8,1755,39.5,26,0,0,0,0,0,0
8058,L04076,L,301.7,312.1,1646,46.8,21,0,0,0,0,0,0
8059,L04077,L,301.8,312.3,1889,30.6,27,0,0,0,0,0,0
8060,M02381,M,298.7,307.6,1781,34.0,175,0,0,0,0,0,0
8061,M02382,M,297.2,306.8,1670,27.5,34,0,0,0,0,0,0
8062,L04078,L,301.2,310.5,1621,42.9,2,0,0,0,0,0,0
8063,H01603,H,296.9,305.8,1758,43.0,165,0,0,0,0,0,0
8064,L04079,L,300.3,311.0,1168,50.8,217,1,0,0,0,1,0
8065,H01604,H,299.1,310.0,1452,37.9,43,0,0,0,0,0,0
8066,L04080,L,302.4,312.8,1205,50.7,248,1,1,0,0,1,0
8067,L04081,L,299.2,308.4,1656,46.5,132,0,0,0,0,0,0
8068,L04082,L,302.2,312.5,1405,64.6,239,1,0,0,1,1,0
8069,L04083,L,299.0,307.1,2078,56.7,240,1,0,0,1,1,0
8070,M02383,M,302.0,313.3,1445,54.9,201,0,0,0,0,0,0
8071,L04084,L,304.1,312.8,1557,48.4,134,0,0,0,0,0,0
8072,L04085,L,297.9,306.8,1465,31.1,221,0,0,0,0,0,0
8073,M02384,M,300.6,310.7,1450,42.9,216,0,0,0,0,0,0
8074,M02385,M,305.5,315.7,1314,62.5,169,0,0,0,0,0,0
8075,H01605,H,300.1,310.0,1308,45.1,97,0,0,0,0,0,0
8076,L04086,L,300.1,309.0,1168,31.8,110,0,0,0,0,0,0
8077,M02386,M,301.6,312.7,1635,43.4,56,0,0,0,0,0,0
8078,M02387,M,300.1,308.4,1461,30.1,84,0,0,0,0,0,0
8079,L04087,L,296.6,305.1,1884,31.4,156,0,0,0,0,0,0
8080,L04088,L,302.3,312.2,1315,44.1,80,0,0,0,0,0,0
8081,L04089,L,296.0,304.7,1802,47.4,190,0,0,0,0,0,0
8082,L04090,L,299.2,310.4,1819,32.0,163,0,0,0,0,0,0
8083,L04091,L,302.4,311.2,1766,34.4,167,0,0,0,0,0,0
8084,L04092,L,299.3,310.9,1580,25.7,242,1,1,0,0,0,0
8085,M02388,M,298.6,309.6,1477,38.7,20,0,0,0,0,0,0
8086,M02389,M,301.8,313.0,1766,20.5,97,0,0,0,0,0,0
8087,H01606,H,298.3,310.2,1396,37.0,180,0,0,0,0,0,0
8088,M02390,M,297.6,307.7,1586,40.8,143,0,0,0,0,0,0
8089,L04093,L,300.5,309.5,1530,22.4,173,0,0,0,0,0,0
8090,H01607,H,299.6,309.5,1378,29.9,235,0,0,0,0,0,0
8091,H01608,H,297.5,306.9,1587,39.4,136,0,0,0,0,0,0
8092,L04094,L,301.3,310.6,1670,38.0,235,1,1,0,0,0,0
8093,M02391,M,300.9,311.1,1371,38.5,2,0,0,0,0,0,0
8094,H01609,H,299.3,309.0,1620,42.9,22,0,0,0,0,0,0
8095,M02392,M,299.4,308.6,1168,23.3,140,1,0,0,1,0,0
8096,H01610,H,300.9,310.7,1350,47.1,37,0,0,0,0,0,0
8097,L04095,L,302.4,312.9,1456,36.8,161,0,0,0,0,0,0
8098,L04096,L,299.4,310.4,1601,34.0,221,0,0,0,0,0,0
8099,L04097,L,301.3,309.7,1693,21.4,230,0,0,0,0,0,0
8100,M02393,M,301.1,310.8,1552,37.3,153,0,0,0,0,0,0
8101,H01611,H,301.8,311.7,1639,45.1,159,0,0,0,0,0,0
8102,H01612,H,300.1,308.9,1509,41.4,19,0,0,0,0,0,0
8103,L04098,L,298.2,308.1,1610,41.7,45,0,0,0,0,0,0
8104,L04099,L,299.1,309.2,1600,36.6,101,0,0,0,0,0,0
8105,H01613,H,300.7,311.2,1446,39.4,54,0,0,0,0,0,0
8106,M02394,M,303.6,313.7,1474,28.9,136,0,0,0,0,0,0
8107,L04100,L,299.0,308.1,1645,40.0,230,0,0,0,0,0,0
8108,L04101,L,301.6,313.6,1862,35.1,50,0,0,0,0,0,0
8109,M02395,M,299.3,310.1,1754,28.8,56,0,0,0,0,0,0
8110,M02396,M,300.2,310.8,1335,47.5,79,0,0,0,0,0,0
8111,L04102,L,303.0,314.0,1336,24.2,172,1,0,0,1,0,0
8112,L04103,L,301.5,311.7,1442,45.2,165,0,0,0,0,0,0
8113,H01614,H,297.5,308.8,1555,45.9,67,0,0,0,0,0,0
8114,M02397,M,298.9,309.0,1546,34.7,139,0,0,0,0,0,0
8115,L04104,L,302.5,312.5,1760,50.3,217,1,0,0,1,0,0
8116,L04105,L,300.3,310.9,1769,34.5,116,0,0,0,0,0,0
8117,M02398,M,297.7,309.3,1539,33.9,137,0,0,0,0,0,0
8118,L04106,L,298.4,309.9,1497,28.0,207,0,0,0,0,0,0
8119,L04107,L,301.4,312.0,1630,39.9,64,0,0,0,0,0,0
8120,M02399,M,302.0,312.5,1728,30.4,11,0,0,0,0,0,0
8121,L04108,L,300.0,310.7,1636,32.1,179,0,0,0,0,0,0
8122,M02400,M,305.0,316.0,1460,39.3,50,0,0,0,0,0,0
8123,L04109,L,301.6,312.9,1428,39.8,213,0,0,0,0,0,0
8124,M02401,M,299.5,309.3,1339,52.6,63,0,0,0,0,0,0
8125,L04110,L,298.4,309.7,1572,49.3,184,0,0,0,0,0,0
8126,L04111,L,298.1,308.4,1649,45.5,92,0,0,0,0,0,0
8127,L04112,L,300.7,311.4,1669,38.5,18,0,0,0,0,0,0
8128,H01615,H,299.0,310.4,1744,36.0,157,0,0,0,0,0,0
8129,H01616,H,303.3,314.0,1802,39.7,219,0,0,0,0,0,0
8130,L04113,L,302.9,313.8,1291,34.4,212,0,0,0,0,0,0
8131,M02402,M,301.3,310.9,1610,33.0,81,0,0,0,0,0,0
8132,M02403,M,297.6,309.1,1616,39.2,232,1,1,0,0,0,0
8133,H01617,H,298.7,309.4,1524,31.2,23,0,0,0,0,0,0
8134,L04114,L,302.5,312.6,1389,31.8,25,0,0,0,0,0,0
8135,M02404,M,298.9,310.0,1796,49.5,35,1,0,0,1,0,0
8136,L04115,L,302.2,314.8,1432,26.2,106,0,0,0,0,0,0
8137,L04116,L,300.9,309.7,1168,29.6,55,0,0,0,0,0,0
8138,H01618,H,300.1,309.3,1541,52.7,207,0,0,0,0,0,0
8139,M02405,M,298.6,311.3,1495,36.1,57,0,0,0,0,0,0
8140,L04117,L,299.8,310.2,1870,53.8,243,1,0,0,1,1,0
8141,L04118,L,300.4,310.6,1625,28.3,31,0,0,0,0,0,0
8142,M02406,M,302.1,312.0,1483,40.7,1,0,0,0,0,0,0
8143,M02407,M,298.2,309.4,1502,47.7,200,0,0,0,0,0,0
8144,L04119,L,299.5,312.1,1500,30.9,81,0,0,0,0,0,0
8145,H01619,H,300.1,309.4,1934,56.7,176,1,0,0,1,0,0
8146,L04120,L,301.3,311.2,1658,36.1,240,0,0,0,0,0,0
8147,L04121,L,298.2,307.8,1286,45.1,173,0,0,0,0,0,0
8148,H01620,H,297.4,308.1,1494,33.2,236,0,0,0,0,0,0
8149,L04122,L,301.3,312.5,1533,54.9,82,0,0,0,0,0,0
8150,L04123,L,297.0,308.6,1339,43.0,121,0,0,0,0,0,0
8151,M02408,M,302.6,313.4,1218,61.0,54,0,0,0,0,0,0
8152,H01621,H,299.7,312.2,1644,51.8,229,0,0,0,0,0,0
8153,L04124,L,296.9,306.3,1393,48.4,11,0,0,0,0,0,0
8154,H01622,H,299.0,308.2,1761,30.4,204,0,0,0,0,0,0
8155,M02409,M,300.8,312.3,1539,40.8,190,0,0,0,0,0,0
8156,L04125,L,298.9,309.0,1453,36.8,162,0,0,0,0,0,0
8157,M02410,M,300.0,308.6,1168,40.3,239,1,1,0,0,0,0
8158,L04126,L,301.5,311.2,1756,41.5,116,0,0,0,0,0,0
8159,L04127,L,299.6,309.9,1590,31.0,73,0,0,0,0,0,0
8160,M02411,M,298.1,307.5,1457,38.4,149,0,0,0,0,0,0
8161,H01623,H,299.4,308.4,1378,39.0,9,0,0,0,0,0,0
8162,L04128,L,302.8,312.6,1824,29.9,49,0,0,0,0,0,0
8163,L04129,L,303.4,312.3,1347,48.0,162,0,0,0,0,0,0
8164,L04130,L,296.0,306.6,1472,42.2,236,0,0,0,0,0,0
8165,L04131,L,302.2,310.3,1639,48.1,143,0,0,0,0,0,0
8166,L04132,L,300.5,310.6,1797,44.9,35,0,0,0,0,0,0
8167,L04133,L,301.8,312.3,1499,22.9,247,0,0,0,0,0,0
8168,M02412,M,298.9,308.8,1406,31.7,60,0,0,0,0,0,0
8169,L04134,L,296.5,307.6,1518,56.5,74,0,0,0,0,0,0
8170,L04135,L,301.2,309.8,1699,47.9,16,0,0,0,0,0,0
8171,H01624,H,298.1,307.4,1740,23.8,88,0,0,0,0,0,0
8172,H01625,H,297.2,306.9,1291,44.7,128,0,0,0,0,0,0
8173,L04136,L,297.4,308.1,1558,31.7,11,0,0,0,0,0,0
8174,L04137,L,301.2,311.4,1281,19.0,2,1,0,0,1,0,0
8175,M02413,M,300.3,312.4,1696,56.6,114,1,0,0,1,0,0
8176,L04138,L,301.6,310.8,1613,40.8,72,0,0,0,0,0,0
8177,L04139,L,301.3,309.9,1373,42.2,82,1,0,1,0,0,0
8178,M02414,M,299.2,311.0,1812,27.4,146,0,0,0,0,0,0
8179,L04140,L,299.9,308.5,1597,28.5,126,0,0,0,0,0,0
8180,L04141,L,299.0,309.7,1578,24.1,113,0,0,0,0,0,0
8181,L04142,L,299.6,308.6,1505,54.2,83,0,0,0,0,0,0
8182,L04143,L,298.1,306.0,1536,23.6,74,0,0,0,0,0,0
8183,L04144,L,300.8,310.4,1469,56.2,215,1,0,0,0,1,0
8184,H01626,H,302.2,313.1,1405,30.1,21,0,0,0,0,0,0
8185,L04145,L,298.4,307.2,1758,27.7,0,0,0,0,0,0,0
8186,L04146,L,302.6,313.2,1449,39.4,52,0,0,0,0,0,0
8187,L04147,L,300.2,311.0,1443,33.2,171,0,0,0,0,0,0
8188,H01627,H,300.5,309.2,1514,41.0,234,0,0,0,0,0,0
8189,M02415,M,296.6,306.4,1792,31.2,9,0,0,0,0,0,0
8190,L04148,L,296.4,308.0,1740,36.9,202,0,0,0,0,0,0
8191,H01628,H,300.3,311.0,1467,32.4,7,0,0,0,0,0,0
8192,L04149,L,301.6,311.3,1757,48.6,144,0,0,0,0,0,0
8193,L04150,L,298.7,309.1,1557,45.1,197,0,0,0,0,0,0
8194,L04151,L,303.3,312.6,1387,42.5,134,0,0,0,0,0,0
8195,L04152,L,301.5,312.6,1452,50.5,124,0,0,0,0,0,0
8196,L04153,L,298.2,309.3,1783,42.6,62,0,0,0,0,0,0
8197,M02416,M,300.1,310.2,1910,41.8,94,0,0,0,0,0,0
8198,L04154,L,305.0,315.2,1595,38.8,164,0,0,0,0,0,0
8199,M02417,M,297.5,306.5,1436,32.8,67,0,0,0,0,0,0
8200,L04155,L,301.1,309.7,1515,32.9,63,0,0,0,0,0,0
8201,L04156,L,299.4,309.0,1401,41.5,6,0,0,0,0,0,0
8202,L04157,L,301.4,311.3,1427,50.2,143,0,0,0,0,0,0
8203,H01629,H,302.5,313.6,1410,45.7,216,0,0,0,0,0,0
8204,L04158,L,299.2,310.1,1523,45.6,99,0,0,0,0,0,0
8205,M02418,M,302.2,312.4,1559,28.9,226,1,1,0,0,0,0
8206,L04159,L,304.4,315.6,1511,45.2,13,0,0,0,0,0,0
8207,L04160,L,300.1,309.2,1498,36.0,249,0,0,0,0,0,0
8208,L04161,L,301.6,312.7,1674,41.8,163,0,0,0,0,0,0
8209,L04162,L,298.8,308.0,1496,45.5,116,0,0,0,0,0,0
8210,L04163,L,300.0,311.2,1508,28.4,72,0,0,0,0,0,0
8211,L04164,L,299.6,309.6,1506,41.6,10,0,0,0,0,0,0
8212,M02419,M,301.6,309.6,1814,42.4,127,0,0,0,0,0,0
8213,L04165,L,302.4,313.1,1450,50.0,128,0,0,0,0,0,0
8214,M02420,M,299.8,310.6,1644,34.8,8,0,0,0,0,0,0
8215,L04166,L,303.1,312.6,1404,39.4,24,0,0,0,0,0,0
8216,M02421,M,303.1,312.7,1600,41.7,103,0,0,0,0,0,0
8217,M02422,M,301.7,311.5,1635,34.8,14,0,0,0,0,0,0
8218,L04167,L,299.0,307.1,1732,34.6,57,0,0,0,0,0,0
8219,L04168,L,298.8,306.4,1469,34.3,23,0,0,0,0,0,0
8220,M02423,M,298.4,309.7,1338,38.7,71,0,0,0,0,0,0
8221,H01630,H,301.9,311.1,1397,57.5,115,0,0,0,0,0,0
8222,L04169,L,297.6,309.5,1710,39.1,92,0,0,0,0,0,0
8223,L04170,L,301.4,312.8,1910,44.9,198,0,0,0,0,0,0
8224,H01631,H,297.8,309.4,1687,40.3,126,0,0,0,0,0,0
8225,L04171,L,301.6,310.9,1312,36.9,173,0,0,0,0,0,0
8226,M02424,M,300.0,308.4,1681,39.8,17,0,0,0,0,0,0
8227,L04172,L,302.7,311.6,1369,47.7,194,0,0,0,0,0,0
8228,L04173,L,302.3,311.9,1475,39.5,62,0,0,0,0,0,0
8229,M02425,M,302.9,310.5,1571,38.4,110,0,0,0,0,0,0
8230,M02426,M,302.9,312.4,1601,37.7,151,0,0,0,0,0,0
8231,L04174,L,300.3,310.1,1549,30.1,83,0,0,0,0,0,0
8232,L04175,L,297.7,306.4,1430,50.4,158,0,0,0,0,0,0
8233,M02427,M,297.9,306.9,1727,35.5,217,0,0,0,0,0,0
8234,M02428,M,295.8,305.6,1443,54.7,165,0,0,0,0,0,0
8235,L04176,L,297.8,308.2,1762,42.4,238,0,0,0,0,0,0
8236,M02429,M,300.1,309.2,1294,54.1,237,1,0,0,0,1,0
8237,M02430,M,298.9,309.2,1576,38.0,42,0,0,0,0,0,0
8238,M02431,M,299.6,309.7,1318,32.7,7,0,0,0,0,0,0
8239,M02432,M,301.0,311.0,1388,50.4,223,0,0,0,0,0,0
8240,L04177,L,299.4,308.7,1446,34.4,199,0,0,0,0,0,0
8241,M02433,M,297.8,306.5,1810,52.9,132,1,0,0,1,0,0
8242,M02434,M,299.9,311.6,1772,45.8,79,0,0,0,0,0,0
8243,L04178,L,298.2,308.8,1694,54.6,26,1,0,0,1,0,0
8244,L04179,L,299.5,310.5,1543,30.2,125,0,0,0,0,0,0
8245,L04180,L,302.7,312.6,1571,49.6,190,0,0,0,0,0,0
8246,M02435,M,299.5,309.3,1764,32.6,230,1,1,0,0,0,0
8247,L04181,L,303.5,314.0,1663,16.0,192,1,0,0,1,0,0
8248,M02436,M,302.9,311.1,1541,49.0,62,0,0,0,0,0,0
8249,H01632,H,298.8,307.7,1804,39.9,132,0,0,0,0,0,0
8250,M02437,M,297.8,307.0,1683,49.6,66,0,0,0,0,0,0
8251,H01633,H,299.9,309.4,1581,40.9,236,0,0,0,0,0,0
8252,H01634,H,302.3,311.4,1455,40.2,51,0,0,0,0,0,0
8253,L04182,L,299.0,309.3,1439,55.0,80,0,0,0,0,0,0
8254,M02438,M,301.8,311.9,1477,41.2,224,0,0,0,0,0,0
8255,L04183,L,302.4,313.8,1619,35.2,82,0,0,0,0,0,0
8256,H01635,H,298.5,311.0,1687,39.1,131,0,0,0,0,0,0
8257,L04184,L,298.6,307.3,1279,41.6,76,0,0,0,0,0,0
8258,H01636,H,301.4,311.5,1189,11.6,178,1,0,0,1,0,0
8259,M02439,M,300.3,310.4,1367,44.9,241,0,0,0,0,0,0
8260,M02440,M,298.6,308.6,1465,53.6,170,0,0,0,0,0,0
8261,L04185,L,299.3,308.2,1752,39.5,182,0,0,0,0,0,0
8262,L04186,L,299.9,309.0,1487,35.8,217,1,1,0,0,0,0
8263,M02441,M,296.9,307.1,1583,43.9,40,0,0,0,0,0,0
8264,L04187,L,301.5,310.6,1612,57.4,158,1,0,0,1,0,0
8265,H01637,H,299.0,309.2,1354,44.7,34,0,0,0,0,0,0
8266,L04188,L,294.4,304.2,1799,42.1,207,0,0,0,0,0,0
8267,M02442,M,300.0,310.1,1418,36.1,56,0,0,0,0,0,0
8268,L04189,L,298.5,307.5,1817,29.3,151,0,0,0,0,0,0
8269,M02443,M,303.4,313.6,1515,40.2,52,0,0,0,0,0,0
8270,M02444,M,298.8,307.9,1477,40.4,29,0,0,0,0,0,0
8271,L04190,L,297.8,308.0,1339,20.7,122,1,0,0,1,0,0
8272,L04191,L,301.0,312.3,1573,32.7,245,1,1,0,0,0,0
8273,L04192,L,298.7,309.0,1941,51.6,208,1,0,0,1,0,0
8274,M02445,M,298.4,308.7,1612,37.4,204,0,0,0,0,0,0
8275,M02446,M,301.0,311.8,1586,15.4,101,1,0,0,1,0,0
8276,M02447,M,297.9,306.5,1418,56.0,248,1,0,0,0,1,0
8277,M02448,M,297.1,308.8,1643,31.1,134,0,0,0,0,0,0
8278,L04193,L,303.5,312.4,1566,35.3,136,0,0,0,0,0,0
8279,L04194,L,301.2,312.1,1526,50.6,148,0,0,0,0,0,0
8280,L04195,L,299.5,310.2,1626,32.6,157,0,0,0,0,0,0
8281,L04196,L,300.0,309.1,1212,20.3,228,1,0,0,1,0,0
8282,H01638,H,301.0,312.0,1520,42.2,100,0,0,0,0,0,0
8283,H01639,H,301.9,312.4,1323,48.0,21,0,0,0,0,0,0
8284,L04197,L,298.5,310.4,1543,35.3,174,0,0,0,0,0,0
8285,M02449,M,300.7,310.9,1408,38.8,61,0,0,0,0,0,0
8286,H01640,H,299.0,308.9,1420,28.2,30,0,0,0,0,0,0
8287,L04198,L,299.6,309.1,1299,30.0,131,0,0,0,0,0,0
8288,L04199,L,300.3,308.6,1737,36.8,9,0,0,0,0,0,0
8289,L04200,L,300.0,309.7,1416,46.5,29,0,0,0,0,0,0
8290,M02450,M,301.5,311.2,1426,41.0,221,0,0,0,0,0,0
8291,H01641,H,301.0,311.3,1811,50.2,232,1,0,0,1,0,0
8292,M02451,M,297.0,305.6,1639,56.5,134,1,0,0,1,0,0
8293,L04201,L,297.3,307.1,1173,48.9,142,0,0,0,0,0,0
8294,L04202,L,299.3,309.9,1785,24.1,146,0,0,0,0,0,0
8295,M02452,M,303.7,314.4,1832,37.2,73,0,0,0,0,0,0
8296,H01642,H,298.3,306.4,1816,48.8,166,1,0,0,1,0,0
8297,M02453,M,299.6,310.3,1657,38.8,90,0,0,0,0,0,0
8298,M02454,M,298.9,308.7,1340,23.8,2,1,0,0,1,0,0
8299,L04203,L,298.9,308.7,1529,34.5,98,0,0,0,0,0,0
8300,H01643,H,300.4,308.0,1278,17.3,51,1,0,1,1,0,0
8301,M02455,M,302.8,314.3,1382,37.2,123,0,0,0,0,0,0
8302,L04204,L,300.9,311.1,1339,33.2,209,0,0,0,0,0,0
8303,M02456,M,298.4,306.9,1425,36.4,87,0,0,0,0,0,0
8304,L04205,L,305.5,315.9,1567,51.8,12,0,0,0,0,0,0
8305,L04206,L,300.2,310.5,1458,26.7,43,0,0,0,0,0,0
8306,L04207,L,298.8,310.0,1450,32.8,208,0,0,0,0,0,0
8307,L04208,L,302.8,312.5,1485,28.6,249,0,0,0,0,0,0
8308,L04209,L,299.1,309.1,1806,50.7,16,1,0,0,1,0,0
8309,L04210,L,303.3,312.7,1925,51.3,74,1,0,0,1,0,0
8310,M02457,M,298.3,308.9,1457,43.6,144,0,0,0,0,0,0
8311,L04211,L,302.9,312.1,1598,43.1,51,0,0,0,0,0,0
8312,L04212,L,300.4,309.5,1387,28.0,176,0,0,0,0,0,0
8313,L04213,L,302.6,312.5,1675,42.0,82,0,0,0,0,0,0
8314,M02458,M,303.8,312.6,1452,28.8,70,0,0,0,0,0,0
8315,L04214,L,297.7,309.3,1410,40.4,146,0,0,0,0,0,0
8316,L04215,L,302.6,314.5,1896,36.6,123,0,0,0,0,0,0
8317,H01644,H,297.2,306.7,1295,34.1,33,0,0,0,0,0,0
8318,M02459,M,297.9,306.5,1168,40.3,220,0,0,0,0,0,0
8319,H01645,H,298.4,308.7,1669,46.8,157,0,0,0,0,0,0
8320,L04216,L,301.0,310.5,1472,57.8,105,0,0,0,0,0,0
8321,L04217,L,300.1,311.3,1422,45.5,28,0,0,0,0,0,0
8322,M02460,M,299.7,308.9,2026,62.8,229,1,0,0,1,1,0
8323,L04218,L,300.3,310.8,1668,42.0,175,0,0,0,0,0,0
8324,L04219,L,301.2,311.3,1527,57.8,135,1,0,0,1,0,0
8325,L04220,L,301.3,310.6,1411,44.4,67,0,0,0,0,0,0
8326,H01646,H,302.2,312.4,1617,42.4,91,0,0,0,0,0,0
8327,L04221,L,303.6,314.5,1227,38.3,51,0,0,0,0,0,0
8328,H01647,H,300.0,310.1,1445,43.0,74,0,0,0,0,0,0
8329,H01648,H,299.0,309.1,1531,44.3,81,0,0,0,0,0,0
8330,L04222,L,301.2,310.3,1576,25.8,84,0,0,0,0,0,0
8331,M02461,M,297.7,308.8,1512,47.0,110,0,0,0,0,0,0
8332,M02462,M,298.6,309.6,1413,25.2,57,0,0,0,0,0,0
8333,H01649,H,302.0,311.6,1702,47.0,239,0,0,0,0,0,0
8334,L04223,L,299.8,309.7,1242,46.0,60,0,0,0,0,0,0
8335,M02463,M,297.6,309.0,1488,54.2,167,0,0,0,0,0,0
8336,L04224,L,297.0,305.9,1445,31.4,95,0,0,0,0,0,0
8337,H01650,H,300.1,310.7,1719,30.1,16,0,0,0,0,0,0
8338,L04225,L,302.3,311.7,1455,51.1,225,1,0,0,0,1,0
8339,L04226,L,302.3,314.1,1616,29.3,80,0,0,0,0,0,0
8340,M02464,M,300.2,310.3,1597,28.3,14,0,0,0,0,0,0
8341,H01651,H,304.0,315.3,1209,42.1,211,0,0,0,0,0,0
8342,M02465,M,299.8,309.0,1526,39.5,102,0,0,0,0,0,0
8343,L04227,L,299.7,308.5,1226,41.6,138,0,0,0,0,0,0
8344,L04228,L,294.9,304.7,1600,45.4,82,0,0,0,0,0,0
8345,H01652,H,299.1,309.4,1407,45.4,95,0,0,0,0,0,0
8346,M02466,M,301.7,311.2,1750,39.2,215,0,0,0,0,0,0
8347,H01653,H,303.1,313.9,1505,40.5,69,0,0,0,0,0,0
8348,L04229,L,298.3,308.1,1400,39.3,81,0,0,0,0,0,0
8349,L04230,L,300.9,308.8,1752,40.4,232,1,1,0,0,0,0
8350,M02467,M,302.1,312.7,1381,26.1,120,0,0,0,0,0,0
8351,H01654,H,300.0,309.1,1698,47.6,175,0,0,0,0,0,0
8352,L04231,L,295.4,305.0,1621,50.5,12,0,0,0,0,0,0
8353,H01655,H,300.5,312.1,1472,46.4,118,0,0,0,0,0,0
8354,M02468,M,301.5,313.3,1298,45.6,153,0,0,0,0,0,0
8355,L04232,L,298.1,307.5,1760,30.1,7,0,0,0,0,0,0
8356,L04233,L,299.5,310.1,1627,25.8,25,0,0,0,0,0,0
8357,L04234,L,297.7,307.1,1399,48.3,112,0,0,0,0,0,0
8358,M02469,M,294.9,304.6,1581,40.3,141,0,0,0,0,0,0
8359,L04235,L,302.1,311.5,1718,41.7,245,0,0,0,0,0,0
8360,L04236,L,300.0,308.3,1558,42.1,168,0,0,0,0,0,0
8361,H01656,H,303.2,313.3,1580,42.6,133,0,0,0,0,0,0
8362,L04237,L,301.7,312.0,1722,46.5,143,0,0,0,0,0,0
8363,L04238,L,299.3,308.6,1813,39.0,226,0,0,0,0,0,0
8364,L04239,L,299.8,310.9,1516,20.9,33,1,0,0,1,0,0
8365,M02470,M,301.1,310.7,1298,46.9,39,0,0,0,0,0,0
8366,M02471,M,301.9,311.3,1304,45.8,218,0,0,0,0,0,0
8367,L04240,L,300.6,311.1,1414,27.1,227,0,0,0,0,0,0
8368,M02472,M,302.2,310.7,1370,28.3,139,1,0,1,0,0,0
8369,M02473,M,299.4,310.3,1236,48.8,128,0,0,0,0,0,0
8370,L04241,L,298.0,307.6,1868,51.2,247,1,0,0,1,1,0
8371,L04242,L,299.9,310.9,1632,13.4,28,1,0,0,1,0,0
8372,L04243,L,300.4,311.7,1444,44.4,208,0,0,0,0,0,0
8373,L04244,L,297.6,308.2,1532,37.8,81,0,0,0,0,0,0
8374,M02474,M,297.3,306.5,1218,40.7,176,0,0,0,0,0,0
8375,M02475,M,300.9,309.6,1745,41.3,247,0,0,0,0,0,0
8376,L04245,L,299.2,307.8,1189,32.4,143,0,0,0,0,0,0
8377,L04246,L,299.7,310.8,1629,46.5,98,0,0,0,0,0,0
8378,L04247,L,299.3,309.2,1208,33.1,136,0,0,0,0,0,0
8379,M02476,M,303.0,312.4,1463,47.5,186,0,0,0,0,0,0
8380,L04248,L,302.5,312.4,1760,49.7,107,1,0,0,1,0,0
8381,M02477,M,297.5,308.6,1245,31.3,38,0,0,0,0,0,0
8382,L04249,L,298.9,309.7,1511,31.5,165,0,0,0,0,0,0
8383,M02478,M,301.7,312.1,1650,41.1,234,1,1,0,0,0,0
8384,H01657,H,301.2,311.8,1621,55.0,5,1,0,0,1,0,0
8385,L04250,L,299.9,310.1,1550,34.1,89,0,0,0,0,0,0
8386,L04251,L,297.7,308.0,1626,36.0,80,0,0,0,0,0,0
8387,H01658,H,298.6,308.8,1428,43.2,87,0,0,0,0,0,0
8388,L04252,L,299.0,309.0,1883,46.6,73,1,0,0,1,0,0
8389,M02479,M,300.6,311.4,1249,45.3,223,0,0,0,0,0,0
8390,L04253,L,303.4,313.8,1746,40.3,58,0,0,0,0,0,0
8391,M02480,M,298.6,307.7,1571,36.9,2,0,0,0,0,0,0
8392,L04254,L,297.9,308.4,1648,43.3,146,0,0,0,0,0,0
8393,H01659,H,299.8,310.0,1680,8.0,226,1,0,0,1,0,0
8394,M02481,M,302.1,312.7,1637,58.7,154,1,0,0,1,0,0
8395,M02482,M,297.1,307.0,1392,38.1,24,0,0,0,0,0,0
8396,M02483,M,302.9,313.7,1486,41.8,212,0,0,0,0,0,0
8397,M02484,M,299.7,309.6,1278,61.0,193,0,0,0,0,0,0
8398,L04255,L,298.5,309.2,1484,32.6,83,0,0,0,0,0,0
8399,H01660,H,296.8,306.3,1595,63.3,150,1,0,0,1,0,0
8400,H01661,H,301.4,311.0,1646,47.4,123,0,0,0,0,0,0
8401,L04256,L,299.7,310.3,1608,44.5,62,0,0,0,0,0,0
8402,H01662,H,300.3,310.0,1223,46.4,185,0,0,0,0,0,0
8403,M02485,M,298.2,310.4,1437,31.6,224,0,0,0,0,0,0
8404,M02486,M,299.4,310.0,1419,23.5,49,1,0,0,1,0,0
8405,L04257,L,299.0,309.0,1303,28.2,135,0,0,0,0,0,0
8406,L04258,L,299.8,310.6,1388,50.9,119,0,0,0,0,0,0
8407,L04259,L,298.7,308.2,1538,30.6,178,0,0,0,0,0,0
8408,L04260,L,296.9,307.8,1791,23.5,100,0,0,0,0,0,0
8409,M02487,M,305.5,316.4,1367,39.2,247,0,0,0,0,0,0
8410,L04261,L,297.3,308.6,1335,45.7,41,0,0,0,0,0,0
8411,L04262,L,300.4,310.0,1430,40.4,221,1,1,0,0,0,0
8412,H01663,H,296.5,305.3,1598,46.1,62,0,0,0,0,0,0
8413,L04263,L,296.0,305.4,1757,51.6,158,1,0,0,1,0,0
8414,L04264,L,300.2,309.9,1522,45.7,104,0,0,0,0,0,0
8415,L04265,L,300.3,312.0,1279,38.5,58,0,0,0,0,0,0
8416,L04266,L,302.5,314.7,1317,34.6,209,0,0,0,0,0,0
8417,M02488,M,300.8,311.1,1571,47.7,94,0,0,0,0,0,0
8418,M02489,M,299.7,309.7,1716,42.8,89,0,0,0,0,0,0
8419,M02490,M,298.1,307.8,1863,31.4,87,0,0,0,0,0,0
8420,L04267,L,303.0,313.8,1326,53.0,50,0,0,0,0,0,0
8421,M02491,M,301.9,314.1,1563,42.6,184,0,0,0,0,0,0
8422,L04268,L,297.5,309.3,1353,46.5,132,0,0,0,0,0,0
8423,L04269,L,300.1,311.2,1377,36.1,244,0,0,0,0,0,0
8424,L04270,L,300.3,311.4,1361,51.3,202,0,0,0,0,0,0
8425,L04271,L,299.3,310.1,1478,24.1,51,0,0,0,0,0,0
8426,L04272,L,301.5,311.5,1380,56.8,215,1,0,0,0,1,0
8427,L04273,L,301.7,311.0,1981,20.6,192,0,0,0,0,0,0
8428,H01664,H,299.6,309.6,1455,26.2,139,0,0,0,0,0,0
8429,L04274,L,299.4,309.8,1714,42.5,101,0,0,0,0,0,0
8430,L04275,L,303.0,311.5,1419,34.7,150,0,0,0,0,0,0
8431,L04276,L,301.9,311.7,1937,36.7,119,0,0,0,0,0,0
8432,M02492,M,300.1,309.3,1598,34.7,51,0,0,0,0,0,0
8433,L04277,L,296.7,307.7,1687,32.2,107,0,0,0,0,0,0
8434,H01665,H,300.7,310.2,1432,43.2,216,1,1,0,0,0,0
8435,H01666,H,301.4,311.7,1712,39.5,190,0,0,0,0,0,0
8436,L04278,L,294.5,303.8,1597,48.8,75,0,0,0,0,0,0
8437,L04279,L,300.5,312.1,1470,40.8,130,0,0,0,0,0,0
8438,L04280,L,299.2,307.5,1344,35.8,151,1,0,1,0,0,0
8439,M02493,M,299.6,310.1,1495,47.7,217,0,0,0,0,0,0
8440,L04281,L,298.2,306.9,1480,21.7,78,1,0,0,1,0,0
8441,L04282,L,299.7,309.2,1693,14.2,94,1,0,0,1,0,0
8442,L04283,L,302.8,313.0,1496,24.1,234,0,0,0,0,0,0
8443,M02494,M,299.1,309.4,1194,36.6,169,0,0,0,0,0,0
8444,L04284,L,301.9,312.1,1653,43.9,148,0,0,0,0,0,0
8445,L04285,L,298.4,308.6,1769,13.3,212,1,0,0,1,0,0
8446,M02495,M,301.5,310.9,1239,39.9,118,0,0,0,0,0,0
8447,M02496,M,300.0,309.8,1861,36.5,84,0,0,0,0,0,0
8448,H01667,H,300.7,310.7,1788,41.4,118,0,0,0,0,0,0
8449,L04286,L,300.0,310.2,1425,20.9,239,1,1,0,1,0,0
8450,M02497,M,301.3,311.2,1338,66.2,152,1,0,0,1,0,0
8451,M02498,M,294.9,305.6,1726,40.3,11,0,0,0,0,0,0
8452,L04287,L,297.2,307.3,1292,27.8,47,0,0,0,0,0,0
8453,M02499,M,300.8,311.0,1418,41.3,100,0,0,0,0,0,0
8454,L04288,L,295.9,305.5,1302,54.9,209,1,0,0,0,1,0
8455,H01668,H,298.9,307.8,1539,27.1,73,0,0,0,0,0,0
8456,L04289,L,299.9,310.1,1800,25.1,197,0,0,0,0,0,0
8457,M02500,M,298.3,309.5,1605,38.8,184,0,0,0,0,0,0
8458,L04290,L,298.6,309.0,1720,39.7,28,0,0,0,0,0,0
8459,H01669,H,300.5,309.7,1475,47.1,156,0,0,0,0,0,0
8460,L04291,L,302.0,312.8,1555,54.8,220,1,0,0,0,1,0
8461,H01670,H,298.1,307.8,1318,47.8,173,0,0,0,0,0,0
8462,H01671,H,298.8,309.5,1520,26.1,237,0,0,0,0,0,0
8463,L04292,L,298.5,308.1,1404,29.3,8,0,0,0,0,0,0
8464,H01672,H,295.2,305.6,1509,32.0,31,0,0,0,0,0,0
8465,H01673,H,300.3,309.8,1497,47.8,239,1,1,0,0,0,0
8466,L04293,L,301.9,311.4,1481,46.1,140,0,0,0,0,0,0
8467,L04294,L,302.0,310.4,1915,52.6,109,1,0,0,1,0,0
8468,M02501,M,298.3,308.8,1854,45.6,180,0,0,0,0,0,0
8469,L04295,L,297.5,307.9,1791,33.7,74,0,0,0,0,0,0
8470,L04296,L,300.0,310.4,1859,38.0,97,0,0,0,0,0,0
8471,L04297,L,301.7,312.0,1792,25.4,53,0,0,0,0,0,0
8472,L04298,L,300.3,309.5,1533,46.3,123,0,0,0,0,0,0
8473,L04299,L,300.6,311.6,1515,33.7,243,1,1,0,0,0,0
8474,L04300,L,302.3,313.3,1580,52.2,115,0,0,0,0,0,0
8475,H01674,H,298.5,307.7,1500,46.0,156,0,0,0,0,0,0
8476,M02502,M,299.6,310.1,1351,59.4,178,0,0,0,0,0,0
8477,L04301,L,303.3,314.2,1591,44.2,203,0,0,0,0,0,0
8478,M02503,M,299.6,309.1,1257,44.0,176,0,0,0,0,0,0
8479,M02504,M,297.5,307.2,1562,38.2,94,0,0,0,0,0,0
8480,H01675,H,298.7,309.2,1359,36.2,168,0,0,0,0,0,0
8481,L04302,L,298.1,306.6,1523,37.4,213,0,0,0,0,0,0
8482,L04303,L,300.7,309.6,1572,50.0,217,0,0,0,0,0,0
8483,H01676,H,298.2,307.2,1474,26.5,234,1,1,0,0,0,0
8484,H01677,H,300.5,308.7,1244,40.6,11,1,0,1,0,0,0
8485,M02505,M,298.5,309.6,1325,23.3,34,1,0,0,1,0,0
8486,M02506,M,295.8,303.8,1620,43.7,112,0,0,0,0,0,0
8487,L04304,L,300.6,310.9,1438,35.4,229,1,1,0,0,0,0
8488,M02507,M,300.3,311.1,1638,45.0,3,0,0,0,0,0,0
8489,L04305,L,301.0,310.7,1539,32.6,44,0,0,0,0,0,0
8490,L04306,L,298.7,308.0,1502,37.4,48,0,0,0,0,0,0
8491,H01678,H,298.4,308.6,1600,46.3,201,0,0,0,0,0,0
8492,L04307,L,300.8,310.8,1417,41.3,243,1,1,0,0,0,0
8493,L04308,L,303.0,314.0,1609,55.4,126,1,0,0,1,0,0
8494,H01679,H,300.0,307.4,1462,35.2,145,0,0,0,0,0,0
8495,L04309,L,300.8,309.9,1991,34.3,45,0,0,0,0,0,0
8496,H01680,H,299.4,310.0,1335,52.4,111,0,0,0,0,0,0
8497,H01681,H,296.9,307.0,1474,36.3,210,0,0,0,0,0,0
8498,M02508,M,301.9,312.7,1481,35.9,185,0,0,0,0,0,0
8499,L04310,L,301.8,312.1,1296,43.8,14,0,0,0,0,0,0
8500,L04311,L,301.4,311.3,1667,38.4,57,0,0,0,0,0,0
8501,L04312,L,299.6,309.3,1461,36.9,150,0,0,0,0,0,0
8502,L04313,L,301.2,313.5,1168,33.1,150,0,0,0,0,0,0
8503,L04314,L,301.8,313.3,1662,53.6,84,1,0,0,1,0,0
8504,H01682,H,303.2,313.7,1424,38.5,153,0,0,0,0,0,0
8505,L04315,L,302.0,312.1,1519,34.4,236,1,1,0,0,0,0
8506,M02509,M,300.1,310.6,1659,37.0,161,0,0,0,0,0,0
8507,L04316,L,297.4,308.2,1472,43.5,124,0,0,0,0,0,0
8508,M02510,M,300.3,310.7,1471,54.6,40,0,0,0,0,0,0
8509,H01683,H,300.5,309.7,1979,38.3,204,0,0,0,0,0,0
8510,L04317,L,301.4,313.2,1168,31.4,56,0,0,0,0,0,0
8511,L04318,L,302.7,312.9,1307,59.2,24,0,0,0,0,0,0
8512,M02511,M,299.8,311.8,1342,41.4,181,0,0,0,0,0,0
8513,M02512,M,304.2,314.4,1858,38.9,43,0,0,0,0,0,0
8514,M02513,M,296.5,306.3,1422,40.7,224,0,0,0,0,0,0
8515,L04319,L,300.8,312.2,1580,27.5,219,0,0,0,0,0,0
8516,L04320,L,298.4,308.7,1453,39.5,140,0,0,0,0,0,0
8517,H01684,H,296.2,306.3,1645,47.6,53,0,0,0,0,0,0
8518,H01685,H,299.6,308.4,1535,52.2,26,0,0,0,0,0,0
8519,L04321,L,297.1,307.8,1583,36.4,7,0,0,0,0,0,0
8520,H01686,H,299.7,309.2,1768,41.9,227,0,0,0,0,0,0
8521,L04322,L,300.1,309.7,1616,52.4,245,1,0,0,0,1,0
8522,L04323,L,302.2,311.7,1406,40.4,170,0,0,0,0,0,0
8523,L04324,L,297.0,307.4,1593,47.2,119,0,0,0,0,0,0
8524,L04325,L,301.8,310.3,1970,44.2,197,1,0,0,1,0,0
8525,M02514,M,300.2,310.0,1639,33.4,76,0,0,0,0,0,0
8526,L04326,L,302.1,313.1,1565,30.8,83,0,0,0,0,0,0
8527,L04327,L,299.1,307.9,1292,50.6,182,0,0,0,0,0,0
8528,M02515,M,297.3,307.5,1667,13.3,191,1,0,0,1,0,0
8529,M02516,M,297.6,307.0,1694,33.3,4,0,0,0,0,0,0
8530,M02517,M,297.4,307.0,1593,26.0,58,0,0,0,0,0,0
8531,H01687,H,301.0,312.7,1558,50.6,236,1,1,0,0,0,0
8532,L04328,L,303.0,311.3,2045,53.6,154,1,0,0,1,0,0
8533,M02518,M,298.9,309.7,1691,32.8,240,0,0,0,0,0,0
8534,M02519,M,301.3,310.8,1759,67.6,242,1,0,0,1,1,0
8535,M02520,M,297.0,306.5,1549,53.8,18,0,0,0,0,0,0
8536,L04329,L,300.4,309.3,1514,42.0,64,0,0,0,0,0,0
8537,L04330,L,301.3,312.1,1651,55.0,67,1,0,0,1,0,0
8538,H01688,H,297.1,306.9,1514,33.6,65,0,0,0,0,0,0
8539,L04331,L,299.6,309.3,1528,37.2,235,1,1,0,0,0,0
8540,H01689,H,301.4,311.5,1620,44.6,153,0,0,0,0,0,0
8541,M02521,M,294.1,303.9,1446,33.1,32,0,0,0,0,0,0
8542,M02522,M,302.7,310.7,1577,27.2,235,0,0,0,0,0,0
8543,H01690,H,300.7,310.2,1552,30.6,236,0,0,0,0,0,0
8544,M02523,M,301.4,312.3,1711,38.0,165,0,0,0,0,0,0
8545,L04332,L,299.2,307.7,1428,44.7,134,0,0,0,0,0,0
8546,M02524,M,296.6,305.5,1180,36.6,220,0,0,0,0,0,0
8547,H01691,H,301.1,310.7,1482,23.6,243,0,0,0,0,0,0
8548,L04333,L,299.8,309.1,1609,44.7,4,0,0,0,0,0,0
8549,L04334,L,300.1,310.1,1710,52.7,136,1,0,0,1,0,0
8550,L04335,L,302.2,311.1,1413,33.4,140,0,0,0,0,0,0
8551,H01692,H,301.5,311.1,1635,56.6,237,1,0,0,1,1,0
8552,L04336,L,303.8,313.8,1741,48.7,167,0,0,0,0,0,0
8553,M02525,M,300.3,310.9,1672,29.5,47,0,0,0,0,0,0
8554,L04337,L,298.6,309.8,1396,33.5,45,0,0,0,0,0,0
8555,L04338,L,299.6,309.3,1415,36.9,63,0,0,0,0,0,0
8556,M02526,M,300.8,312.7,1615,38.1,191,0,0,0,0,0,0
8557,L04339,L,302.0,311.8,1828,15.6,28,1,0,0,1,0,0
8558,M02527,M,297.1,307.9,1540,32.5,17,0,0,0,0,0,0
8559,M02528,M,300.0,311.9,1508,34.5,157,0,0,0,0,0,0
8560,H01693,H,303.2,313.3,1292,58.9,201,0,0,0,0,0,0
8561,L04340,L,299.5,308.1,1472,42.3,18,0,0,0,0,0,0
8562,H01694,H,301.9,312.0,1409,32.0,175,0,0,0,0,0,0
8563,M02529,M,301.0,310.4,1542,35.6,8,0,0,0,0,0,0
8564,H01695,H,301.9,311.6,1267,44.3,212,0,0,0,0,0,0
8565,L04341,L,298.4,310.4,1479,36.2,0,0,0,0,0,0,0
8566,M02530,M,298.4,307.2,1357,34.1,232,0,0,0,0,0,0
8567,H01696,H,300.0,310.3,1706,34.5,247,0,0,0,0,0,0
8568,H01697,H,296.9,306.0,1384,44.8,217,0,0,0,0,0,0
8569,L04342,L,299.5,309.2,1435,26.2,205,1,1,0,0,0,0
8570,L04343,L,300.5,311.2,1588,29.1,38,0,0,0,0,0,0
8571,L04344,L,303.6,313.9,1456,30.7,220,0,0,0,0,0,0
8572,L04345,L,300.8,310.6,1960,29.0,54,0,0,0,0,0,0
8573,L04346,L,301.3,310.7,1704,31.8,247,1,1,0,0,0,0
8574,L04347,L,302.3,312.6,1541,49.0,234,1,0,0,0,1,0
8575,H01698,H,298.1,309.8,1603,50.4,51,0,0,0,0,0,0
8576,L04348,L,299.7,308.8,1168,42.7,198,0,0,0,0,0,0
8577,M02531,M,304.9,316.8,1758,42.1,63,0,0,0,0,0,0
8578,L04349,L,299.8,311.0,1629,33.3,23,0,0,0,0,0,0
8579,L04350,L,302.2,313.6,1524,19.2,26,1,0,0,1,0,0
8580,L04351,L,301.9,312.2,1639,41.4,233,0,0,0,0,0,0
8581,L04352,L,297.0,308.2,1661,43.0,114,0,0,0,0,0,0
8582,M02532,M,300.6,309.6,1463,33.3,65,0,0,0,0,0,0
8583,H01699,H,300.3,309.6,1606,29.2,193,0,0,0,0,0,0
8584,L04353,L,300.7,311.5,1725,27.3,118,0,0,0,0,0,0
8585,L04354,L,298.5,308.8,1619,41.7,248,1,1,0,0,0,0
8586,L04355,L,297.8,307.7,1492,40.8,61,0,0,0,0,0,0
8587,H01700,H,299.0,306.5,1591,51.9,143,0,0,0,0,0,0
8588,M02533,M,299.8,309.4,1785,31.9,139,0,0,0,0,0,0
8589,M02534,M,302.4,311.2,1678,37.1,39,0,0,0,0,0,0
8590,M02535,M,303.6,314.1,1329,40.2,217,0,0,0,0,0,0
8591,H01701,H,302.8,312.6,1643,34.5,9,0,0,0,0,0,0
8592,L04356,L,301.7,311.1,1619,48.4,191,0,0,0,0,0,0
8593,L04357,L,298.0,310.6,1746,52.4,54,1,0,0,1,0,0
8594,H01702,H,299.2,310.2,1543,28.9,78,0,0,0,0,0,0
8595,M02536,M,300.4,311.5,1471,35.4,239,0,0,0,0,0,0
8596,M02537,M,298.7,310.9,1293,53.2,88,0,0,0,0,0,0
8597,M02538,M,301.2,312.0,1413,43.2,3,0,0,0,0,0,0
8598,L04358,L,301.4,310.6,1754,41.2,217,0,0,0,0,0,0
8599,M02539,M,301.1,310.2,1573,43.4,126,0,0,0,0,0,0
8600,M02540,M,302.1,313.1,1520,46.6,22,0,0,0,0,0,0
8601,L04359,L,298.2,306.1,1769,43.9,100,0,0,0,0,0,0
8602,M02541,M,301.9,311.8,1733,42.1,48,0,0,0,0,0,0
8603,H01703,H,298.6,306.4,1406,40.1,105,0,0,0,0,0,0
8604,L04360,L,298.1,308.2,1752,53.5,3,1,0,0,1,0,0
8605,L04361,L,301.1,312.0,1241,37.3,128,0,0,0,0,0,0
8606,L04362,L,302.4,312.7,1620,40.0,192,0,0,0,0,0,0
8607,M02542,M,301.0,311.9,1599,55.5,166,1,0,0,1,0,0
8608,L04363,L,300.0,312.0,1743,43.3,130,0,0,0,0,0,0
8609,M02543,M,300.6,310.5,1606,39.3,239,0,0,0,0,0,0
8610,H01704,H,300.3,313.1,1494,46.3,56,0,0,0,0,0,0
8611,L04364,L,297.7,307.9,1508,42.3,58,0,0,0,0,0,0
8612,H01705,H,297.5,308.4,2020,32.6,111,0,0,0,0,0,0
8613,H01706,H,299.8,309.2,1552,42.5,206,0,0,0,0,0,0
8614,L04365,L,300.2,311.8,1644,31.9,246,0,0,0,0,0,0
8615,L04366,L,300.0,311.0,1176,58.3,234,1,1,0,0,1,0
8616,H01707,H,301.4,312.9,1389,42.4,117,0,0,0,0,0,0
8617,H01708,H,299.6,309.7,1630,30.6,17,0,0,0,0,0,0
8618,L04367,L,301.1,309.8,1249,36.1,148,0,0,0,0,0,0
8619,L04368,L,299.7,310.2,1636,47.6,55,0,0,0,0,0,0
8620,L04369,L,303.6,311.9,1408,29.1,179,0,0,0,0,0,0
8621,H01709,H,300.2,309.9,1352,67.2,125,1,0,0,1,0,0
8622,L04370,L,304.7,314.9,1407,25.4,135,0,0,0,0,0,0
8623,M02544,M,300.7,313.1,1811,49.3,24,1,0,0,1,0,0
8624,H01710,H,299.6,309.9,1597,35.1,159,0,0,0,0,0,0
8625,L04371,L,298.2,308.3,1375,31.9,119,0,0,0,0,0,0
8626,M02545,M,297.1,307.0,1676,45.4,69,0,0,0,0,0,0
8627,L04372,L,298.0,306.7,1686,35.5,241,0,0,0,0,0,0
8628,H01711,H,298.2,308.3,1469,55.9,39,0,0,0,0,0,0
8629,L04373,L,300.8,310.9,1709,26.0,83,0,0,0,0,0,0
8630,M02546,M,298.9,307.9,1718,45.6,240,0,0,0,0,0,0
8631,M02547,M,300.4,309.2,1690,37.2,156,0,0,0,0,0,0
8632,L04374,L,302.6,312.1,1417,43.0,196,0,0,0,0,0,0
8633,L04375,L,299.8,309.9,1326,45.1,162,0,0,0,0,0,0
8634,L04376,L,304.2,313.7,1234,22.7,82,1,0,0,1,0,0
8635,L04377,L,297.6,306.5,1420,42.3,102,0,0,0,0,0,0
8636,H01712,H,299.7,310.0,1472,50.9,203,0,0,0,0,0,0
8637,H01713,H,298.9,309.4,1486,44.7,160,0,0,0,0,0,0
8638,L04378,L,301.9,312.0,1529,36.3,98,0,0,0,0,0,0
8639,M02548,M,295.5,304.9,1848,25.9,105,0,0,0,0,0,0
8640,M02549,M,297.1,307.7,1477,45.1,101,0,0,0,0,0,0
8641,H01714,H,299.8,309.6,1529,58.8,239,1,0,0,1,1,0
8642,L04379,L,303.1,311.9,1212,46.6,173,0,0,0,0,0,0
8643,L04380,L,300.5,311.5,1936,51.6,199,1,0,0,1,0,0
8644,L04381,L,297.3,307.7,1302,49.3,229,1,1,0,0,1,0
8645,M02550,M,297.6,307.5,1411,36.1,158,0,0,0,0,0,0
8646,L04382,L,303.3,311.7,1662,40.9,202,0,0,0,0,0,0
8647,L04383,L,298.8,308.1,1582,48.7,67,0,0,0,0,0,0
8648,L04384,L,298.1,310.1,1832,24.2,167,0,0,0,0,0,0
8649,M02551,M,303.0,311.5,1666,46.5,249,0,0,0,0,0,0
8650,L04385,L,302.0,311.7,1523,52.6,196,0,0,0,0,0,0
8651,L04386,L,302.5,312.5,1724,39.5,41,0,0,0,0,0,0
8652,L04387,L,298.1,308.4,1745,48.1,213,0,0,0,0,0,0
8653,L04388,L,296.9,305.4,1419,34.5,171,0,0,0,0,0,0
8654,M02552,M,300.3,310.5,1710,40.4,16,0,0,0,0,0,0
8655,L04389,L,300.7,309.0,1498,37.3,147,0,0,0,0,0,0
8656,L04390,L,300.7,310.8,1519,44.6,234,0,0,0,0,0,0
8657,M02553,M,303.0,312.3,1563,39.0,115,0,0,0,0,0,0
8658,L04391,L,296.5,305.6,1469,23.2,123,0,0,0,0,0,0
8659,L04392,L,301.7,312.5,1460,32.8,203,0,0,0,0,0,0
8660,H01715,H,297.8,307.6,1714,59.4,180,1,0,0,1,0,0
8661,L04393,L,301.7,312.2,1264,45.7,43,0,0,0,0,0,0
8662,L04394,L,299.1,309.6,1347,19.0,144,1,0,0,1,0,0
8663,L04395,L,298.4,309.7,1658,52.1,243,1,1,0,1,1,0
8664,L04396,L,298.8,307.6,1524,28.5,26,0,0,0,0,0,0
8665,M02554,M,297.1,308.0,1715,48.9,150,0,0,0,0,0,0
8666,M02555,M,300.1,310.1,1602,52.9,245,1,0,0,0,1,0
8667,M02556,M,298.5,308.1,1299,41.0,57,0,0,0,0,0,0
8668,L04397,L,301.6,310.5,1549,30.0,196,0,0,0,0,0,0
8669,L04398,L,301.3,311.9,1633,32.8,240,1,1,0,0,0,0
8670,H01716,H,303.4,312.5,1579,46.3,183,0,0,0,0,0,0
8671,H01717,H,300.7,311.2,1454,28.6,91,0,0,0,0,0,0
8672,L04399,L,301.0,312.9,1488,34.2,100,0,0,0,0,0,0
8673,L04400,L,302.8,313.8,1437,45.1,93,0,0,0,0,0,0
8674,L04401,L,298.7,310.1,1300,33.5,172,0,0,0,0,0,0
8675,L04402,L,297.0,306.3,1276,54.2,156,0,0,0,0,0,0
8676,L04403,L,300.4,311.2,1607,29.6,141,0,0,0,0,0,0
8677,L04404,L,297.2,306.1,1382,7.1,135,1,0,0,1,0,0
8678,M02557,M,304.9,314.7,1641,32.2,45,0,0,0,0,0,0
8679,M02558,M,302.9,314.6,1431,43.1,154,0,0,0,0,0,0
8680,L04405,L,304.3,313.7,1302,48.6,69,0,0,0,0,0,0
8681,L04406,L,300.1,311.2,1464,35.9,134,0,0,0,0,0,0
8682,H01718,H,301.1,312.1,1912,37.2,25,0,0,0,0,0,0
8683,L04407,L,299.1,310.2,1520,39.7,169,0,0,0,0,0,0
8684,M02559,M,301.8,310.5,1653,57.4,29,1,0,0,1,0,0
8685,L04408,L,297.6,308.1,1568,43.8,208,0,0,0,0,0,0
8686,M02560,M,294.9,304.7,1286,35.1,5,0,0,0,0,0,0
8687,L04409,L,298.4,309.5,1797,60.5,66,1,0,0,1,0,0
8688,L04410,L,297.1,305.4,1493,40.1,82,0,0,0,0,0,0
8689,L04411,L,303.0,313.4,1303,19.2,210,1,0,0,1,0,0
8690,L04412,L,303.6,313.8,1446,26.1,181,0,0,0,0,0,0
8691,L04413,L,297.2,305.2,1501,45.6,215,0,0,0,0,0,0
8692,M02561,M,302.6,311.7,1672,22.2,219,0,0,0,0,0,0
8693,L04414,L,301.9,310.1,1416,45.0,34,0,0,0,0,0,0
8694,L04415,L,296.9,306.2,2007,32.2,34,0,0,0,0,0,0
8695,M02562,M,299.2,309.7,1370,51.8,4,0,0,0,0,0,0
8696,M02563,M,298.8,309.0,1647,41.7,101,0,0,0,0,0,0
8697,H01719,H,301.5,311.7,1184,23.6,5,1,0,0,1,0,0
8698,M02564,M,297.5,306.5,1515,49.1,246,1,0,0,0,1,0
8699,L04416,L,299.8,310.9,1603,53.6,92,0,0,0,0,0,0
8700,M02565,M,298.6,308.6,1337,27.2,22,0,0,0,0,0,0
8701,H01720,H,300.9,310.9,1806,32.0,236,0,0,0,0,0,0
8702,H01721,H,299.6,310.5,1615,45.0,58,0,0,0,0,0,0
8703,L04417,L,298.9,307.9,1481,46.8,178,0,0,0,0,0,0
8704,L04418,L,299.6,309.8,1613,63.5,189,1,0,0,1,1,1
8705,L04419,L,304.1,314.5,1431,48.9,100,0,0,0,0,0,0
8706,M02566,M,299.2,308.7,1761,64.0,31,1,0,0,1,0,0
8707,M02567,M,297.9,308.6,1719,40.2,0,0,0,0,0,0,0
8708,M02568,M,301.2,311.7,1604,43.8,176,0,0,0,0,0,0
8709,L04420,L,299.7,309.6,1647,34.3,225,1,1,0,0,0,0
8710,M02569,M,297.2,307.1,1273,34.8,235,0,0,0,0,0,0
8711,H01722,H,304.5,315.0,1800,41.5,27,0,0,0,0,0,0
8712,L04421,L,299.3,310.1,1520,34.2,113,0,0,0,0,0,0
8713,M02570,M,299.2,309.3,1721,14.4,198,1,0,0,1,0,0
8714,L04422,L,300.3,311.4,1672,33.3,164,0,0,0,0,0,0
8715,H01723,H,303.5,314.2,1718,50.8,28,1,0,0,1,0,0
8716,H01724,H,296.6,304.8,1350,40.7,146,1,0,1,0,0,0
8717,M02571,M,300.6,309.2,1373,40.8,111,1,0,1,0,0,0
8718,M02572,M,304.2,315.4,1940,32.4,246,0,0,0,0,0,0
8719,H01725,H,300.3,310.1,1266,43.3,107,0,0,0,0,0,0
8720,L04423,L,297.5,307.7,1341,56.6,18,0,0,0,0,0,0
8721,L04424,L,298.8,309.9,1545,54.0,178,0,0,0,0,0,0
8722,M02573,M,300.4,310.4,1546,43.7,211,0,0,0,0,0,0
8723,L04425,L,302.7,312.7,1441,31.5,116,0,0,0,0,0,0
8724,L04426,L,299.3,308.4,1648,57.7,14,1,0,0,1,0,0
8725,H01726,H,301.7,312.1,1699,50.6,151,1,0,0,1,0,0
8726,M02574,M,297.1,307.7,1534,25.2,104,0,0,0,0,0,0
8727,L04427,L,297.1,306.5,1489,22.4,188,1,0,0,1,0,0
8728,L04428,L,299.0,308.1,1534,25.7,52,0,0,0,0,0,0
8729,L04429,L,302.9,315.5,1448,35.1,199,0,0,0,0,0,0
8730,L04430,L,300.1,310.0,1234,49.0,114,0,0,0,0,0,0
8731,L04431,L,300.6,309.9,1591,48.8,186,0,0,0,0,0,0
8732,M02575,M,300.6,311.3,1675,43.4,6,0,0,0,0,0,0
8733,L04432,L,302.2,312.1,1510,38.6,210,0,0,0,0,0,0
8734,L04433,L,298.8,307.7,1168,63.7,91,0,0,0,0,0,0
8735,L04434,L,301.4,311.9,1435,40.3,75,0,0,0,0,0,0
8736,H01727,H,298.3,307.4,1700,39.1,89,0,0,0,0,0,0
8737,L04435,L,304.0,315.6,1280,34.9,98,0,0,0,0,0,0
8738,L04436,L,298.4,308.9,1662,62.1,67,1,0,0,1,0,0
8739,L04437,L,298.2,307.9,1458,47.2,33,0,0,0,0,0,0
8740,M02576,M,301.1,311.2,1534,29.7,6,0,0,0,0,0,0
8741,M02577,M,300.2,311.1,1415,28.5,181,0,0,0,0,0,0
8742,L04438,L,300.7,310.9,1334,23.2,218,1,0,0,1,0,0
8743,L04439,L,300.5,312.6,1794,39.0,194,0,0,0,0,0,0
8744,L04440,L,297.8,308.9,1684,25.0,96,0,0,0,0,0,0
8745,M02578,M,303.2,313.7,1653,28.3,139,0,0,0,0,0,0
8746,M02579,M,301.8,310.9,1700,50.7,57,1,0,0,1,0,0
8747,L04441,L,302.7,312.6,1627,48.9,210,0,0,0,0,0,0
8748,L04442,L,298.9,309.4,1706,54.9,51,1,0,0,1,0,0
8749,L04443,L,300.8,310.0,1419,25.3,121,0,0,0,0,0,0
8750,L04444,L,300.4,311.7,1784,30.0,208,0,0,0,0,0,0
8751,M02580,M,302.3,311.3,1768,33.7,55,0,0,0,0,0,0
8752,L04445,L,302.3,311.7,1606,56.4,81,1,0,0,1,0,0
8753,L04446,L,300.4,309.8,1486,40.6,2,0,0,0,0,0,0
8754,L04447,L,297.0,307.7,1318,58.2,140,0,0,0,0,0,0
8755,H01728,H,303.6,312.8,1578,46.3,95,0,0,0,0,0,0
8756,H01729,H,301.1,309.3,1839,38.9,62,0,0,0,0,0,0
8757,L04448,L,298.8,309.9,1330,45.7,132,0,0,0,0,0,0
8758,L04449,L,300.8,310.4,1720,22.7,152,0,0,0,0,0,0
8759,L04450,L,297.0,305.9,1453,19.5,85,1,0,0,1,0,0
8760,L04451,L,302.1,311.3,1468,42.6,114,0,0,0,0,0,0
8761,L04452,L,297.1,308.8,1327,40.1,114,0,0,0,0,0,0
8762,M02581,M,299.6,308.9,1403,59.3,71,0,0,0,0,0,0
8763,M02582,M,300.5,310.4,1653,26.2,51,0,0,0,0,0,0
8764,H01730,H,302.1,311.7,1676,43.7,207,0,0,0,0,0,0
8765,L04453,L,300.2,309.0,1580,47.0,95,0,0,0,0,0,0
8766,H01731,H,301.3,310.6,1448,43.4,4,0,0,0,0,0,0
8767,M02583,M,299.9,308.6,1340,51.0,99,0,0,0,0,0,0
8768,L04454,L,299.9,310.9,1549,33.7,58,0,0,0,0,0,0
8769,L04455,L,300.2,310.3,1472,48.3,24,0,0,0,0,0,0
8770,L04456,L,299.6,312.1,1575,45.6,79,0,0,0,0,0,0
8771,L04457,L,296.6,305.9,1480,51.7,87,0,0,0,0,0,0
8772,L04458,L,298.5,307.6,1485,34.9,13,0,0,0,0,0,0
8773,M02584,M,300.5,312.0,1566,28.1,204,0,0,0,0,0,0
8774,L04459,L,299.5,310.6,1601,33.7,214,0,0,0,0,0,0
8775,H01732,H,299.7,310.1,1757,29.4,51,0,0,0,0,0,0
8776,L04460,L,299.4,308.3,1477,34.4,24,0,0,0,0,0,0
8777,H01733,H,298.3,310.0,1635,36.7,218,0,0,0,0,0,0
8778,L04461,L,299.0,308.9,1860,30.9,71,0,0,0,0,0,0
8779,M02585,M,299.4,309.0,1640,40.1,55,0,0,0,0,0,0
8780,L04462,L,300.0,311.1,1746,28.2,249,1,1,0,0,0,0
8781,L04463,L,300.8,310.8,1426,39.3,209,1,1,0,0,0,0
8782,H01734,H,299.6,308.4,1409,35.0,36,0,0,0,0,0,0
8783,L04464,L,297.9,307.9,1509,38.8,197,0,0,0,0,0,0
8784,M02586,M,297.2,306.4,1528,43.9,133,0,0,0,0,0,0
8785,M02587,M,305.2,312.2,1729,35.8,152,0,0,0,0,0,0
8786,L04465,L,297.7,306.8,1407,32.2,147,0,0,0,0,0,0
8787,L04466,L,299.0,308.5,1522,33.5,22,0,0,0,0,0,0
8788,M02588,M,301.0,309.8,1730,50.2,56,1,0,0,1,0,0
8789,L04467,L,300.7,311.3,1576,52.8,180,0,0,0,0,0,0
8790,M02589,M,301.0,310.2,1536,34.9,186,0,0,0,0,0,0
8791,H01735,H,299.1,309.6,1580,38.5,117,0,0,0,0,0,0
8792,L04468,L,300.5,309.3,1336,23.0,80,1,0,0,1,0,0
8793,L04469,L,300.1,311.0,1333,38.2,223,0,0,0,0,0,0
8794,M02590,M,299.4,308.1,1253,25.5,60,1,0,0,1,0,0
8795,L04470,L,300.5,308.2,1574,35.1,54,0,0,0,0,0,0
8796,L04471,L,302.1,313.3,1702,50.8,79,1,0,0,1,0,0
8797,L04472,L,300.0,309.1,1675,25.0,228,0,0,0,0,0,0
8798,M02591,M,300.0,311.8,1742,31.0,19,0,0,0,0,0,0
8799,L04473,L,302.1,312.7,1798,31.0,2,0,0,0,0,0,0
8800,L04474,L,301.9,312.7,1563,23.3,64,0,0,0,0,0,0
8801,M02592,M,303.2,314.2,1526,48.6,36,0,0,0,0,0,0
8802,L04475,L,296.5,306.6,1802,42.8,162,0,0,0,0,0,0
8803,L04476,L,301.8,311.9,1412,58.1,247,1,0,0,0,1,0
8804,H01736,H,301.2,312.5,1327,30.0,123,0,0,0,0,0,0
8805,M02593,M,298.2,308.3,1477,22.3,15,1,0,0,1,0,0
8806,H01737,H,300.5,309.8,1456,49.4,111,0,0,0,0,0,0
8807,L04477,L,302.1,312.7,1546,36.4,3,0,0,0,0,0,0
8808,M02594,M,298.3,306.2,1385,35.3,2,0,0,0,0,0,0
8809,L04478,L,300.9,312.2,1604,54.8,107,1,0,0,1,0,0
8810,L04479,L,301.7,313.0,1436,41.7,16,0,0,0,0,0,0
8811,L04480,L,297.9,309.1,1757,49.0,171,1,0,0,1,0,0
8812,L04481,L,299.7,310.9,1324,33.8,190,0,0,0,0,0,0
8813,H01738,H,300.6,310.5,1513,32.7,233,0,0,0,0,0,0
8814,L04482,L,298.4,308.3,1478,36.3,97,0,0,0,0,0,0
8815,M02595,M,298.2,307.0,1579,46.7,169,0,0,0,0,0,0
8816,M02596,M,299.7,311.4,1703,40.5,97,0,0,0,0,0,0
8817,M02597,M,301.6,311.1,1585,44.7,144,0,0,0,0,0,0
8818,L04483,L,301.3,311.6,1514,14.0,23,1,0,0,1,0,0
8819,M02598,M,298.3,308.6,1661,21.2,164,0,0,0,0,0,0
8820,L04484,L,301.3,310.0,1688,18.5,1,1,0,0,1,0,0
8821,L04485,L,298.3,306.6,1586,36.2,119,0,0,0,0,0,0
8822,H01739,H,296.8,306.8,1607,26.0,13,0,0,0,0,0,0
8823,L04486,L,299.3,308.8,1653,56.9,137,1,0,0,1,0,0
8824,L04487,L,302.2,312.1,1243,39.8,14,0,0,0,0,0,0
8825,H01740,H,301.3,312.4,1475,42.2,36,0,0,0,0,0,0
8826,L04488,L,300.0,310.2,1605,29.1,57,0,0,0,0,0,0
8827,M02599,M,299.2,310.0,1485,28.8,173,0,0,0,0,0,0
8828,L04489,L,299.2,309.6,1486,55.5,180,0,0,0,0,0,0
8829,L04490,L,300.2,309.9,1605,57.8,81,1,0,0,1,0,0
8830,L04491,L,297.9,306.9,1609,44.2,55,0,0,0,0,0,0
8831,L04492,L,299.3,309.6,1621,19.7,236,1,1,0,1,0,0
8832,L04493,L,299.6,309.7,1396,35.7,12,0,0,0,0,0,0
8833,M02600,M,297.3,308.2,1284,43.1,162,0,0,0,0,0,0
8834,M02601,M,298.3,308.1,1681,37.7,163,0,0,0,0,0,0
8835,H01741,H,300.8,310.5,1405,18.8,228,1,0,0,1,0,0
8836,L04494,L,300.0,309.8,1392,58.5,73,0,0,0,0,0,0
8837,M02602,M,299.4,308.5,1376,31.6,248,0,0,0,0,0,0
8838,M02603,M,298.2,309.6,1744,26.6,92,0,0,0,0,0,0
8839,H01742,H,303.2,314.3,1575,39.7,161,0,0,0,0,0,0
8840,L04495,L,298.3,307.1,1599,51.8,23,0,0,0,0,0,0
8841,M02604,M,300.5,311.3,1661,45.1,180,0,0,0,0,0,0
8842,H01743,H,299.0,307.2,1530,26.8,26,0,0,0,0,0,0
8843,L04496,L,300.1,311.1,1719,25.2,200,0,0,0,0,0,0
8844,H01744,H,300.9,310.2,1323,18.1,200,1,0,0,1,0,0
8845,L04497,L,297.3,307.7,1343,37.1,73,0,0,0,0,0,0
8846,M02605,M,300.0,308.1,1333,35.3,139,1,0,1,0,0,0
8847,H01745,H,302.4,311.2,1613,45.1,142,0,0,0,0,0,0
8848,M02606,M,303.5,314.0,1628,33.1,2,0,0,0,0,0,0
8849,L04498,L,299.7,309.0,1453,49.7,27,0,0,0,0,0,0
8850,L04499,L,300.1,309.3,1496,46.5,8,0,0,0,0,0,0
8851,H01746,H,304.4,315.8,1764,32.7,166,0,0,0,0,0,0
8852,L04500,L,302.3,314.5,1413,43.9,29,0,0,0,0,0,0
8853,L04501,L,298.8,309.7,1590,53.3,56,0,0,0,0,0,0
8854,M02607,M,298.8,307.7,1415,30.4,22,0,0,0,0,0,0
8855,L04502,L,301.9,313.7,1734,37.9,157,0,0,0,0,0,0
8856,L04503,L,298.0,306.4,1650,37.7,63,0,0,0,0,0,0
8857,L04504,L,302.2,311.9,1287,36.4,143,0,0,0,0,0,0
8858,L04505,L,300.7,310.8,1491,48.0,119,0,0,0,0,0,0
8859,M02608,M,301.0,312.9,1168,48.8,163,0,0,0,0,0,0
8860,M02609,M,299.5,310.4,1699,44.1,29,0,0,0,0,0,0
8861,M02610,M,298.7,308.2,1904,43.6,45,0,0,0,0,0,0
8862,H01747,H,302.9,312.0,1168,34.4,100,0,0,0,0,0,0
8863,H01748,H,299.5,310.5,1282,43.3,79,0,0,0,0,0,0
8864,M02611,M,299.2,308.7,1567,27.1,91,0,0,0,0,0,0
8865,L04506,L,299.8,310.0,1534,64.8,117,1,0,0,1,0,0
8866,M02612,M,300.4,309.0,1464,53.5,147,0,0,0,0,0,0
8867,L04507,L,297.9,308.5,1226,49.6,205,0,0,0,0,0,0
8868,M02613,M,298.9,309.4,1595,44.1,108,0,0,0,0,0,0
8869,M02614,M,298.8,307.6,1696,44.1,55,0,0,0,0,0,0
8870,L04508,L,301.7,312.7,2047,23.1,220,0,0,0,0,0,0
8871,H01749,H,298.2,308.8,1772,27.4,237,0,0,0,0,0,0
8872,L04509,L,296.5,307.2,1305,28.7,36,0,0,0,0,0,0
8873,M02615,M,296.1,305.7,1535,40.6,210,0,0,0,0,0,0
8874,L04510,L,297.1,307.3,1643,37.2,208,0,0,0,0,0,0
8875,H01750,H,302.7,312.8,1414,48.1,189,0,0,0,0,0,0
8876,L04511,L,300.0,309.9,1677,30.3,192,0,0,0,0,0,0
8877,L04512,L,301.0,311.2,1663,50.3,156,0,0,0,0,0,0
8878,L04513,L,301.1,312.4,1759,31.8,125,0,0,0,0,0,0
8879,L04514,L,300.1,311.2,1681,35.8,125,0,0,0,0,0,0
8880,L04515,L,299.9,308.7,1589,49.0,127,0,0,0,0,0,0
8881,M02616,M,302.1,313.1,1423,45.0,92,0,0,0,0,0,0
8882,L04516,L,300.3,311.5,1306,27.5,215,0,0,0,0,0,0
8883,L04517,L,302.8,312.6,1577,50.6,82,0,0,0,0,0,0
8884,L04518,L,301.2,311.7,1465,40.9,42,0,0,0,0,0,0
8885,H01751,H,298.8,309.3,1483,18.6,201,1,0,0,1,0,0
8886,M02617,M,299.0,308.2,1738,31.6,35,0,0,0,0,0,0
8887,M02618,M,298.5,308.1,1783,35.9,118,0,0,0,0,0,0
8888,M02619,M,302.4,313.2,1316,28.3,144,0,0,0,0,0,0
8889,L04519,L,299.2,308.7,1500,53.4,181,0,0,0,0,0,0
8890,L04520,L,298.4,309.4,1460,36.3,144,0,0,0,0,0,0
8891,L04521,L,300.6,311.9,1594,44.6,159,0,0,0,0,0,0
8892,H01752,H,299.8,310.9,1168,42.1,143,0,0,0,0,0,0
8893,H01753,H,300.6,312.6,1276,47.1,50,0,0,0,0,0,0
8894,L04522,L,303.8,313.7,1516,56.7,115,1,0,0,1,0,0
8895,L04523,L,301.8,312.0,1678,46.8,186,0,0,0,0,0,0
8896,L04524,L,300.1,310.4,1551,57.4,237,1,1,0,1,1,0
8897,L04525,L,297.2,307.1,1658,47.0,22,0,0,0,0,0,0
8898,M02620,M,299.0,309.5,1573,41.3,143,0,0,0,0,0,0
8899,L04526,L,301.4,309.7,1766,43.2,31,0,0,0,0,0,0
8900,H01754,H,297.7,307.9,1803,13.7,65,1,0,0,1,0,0
8901,L04527,L,304.3,312.9,1401,35.4,103,0,0,0,0,0,0
8902,H01755,H,300.0,309.0,1696,38.6,69,0,0,0,0,0,0
8903,M02621,M,300.1,310.8,1628,44.4,201,0,0,0,0,0,0
8904,M02622,M,298.7,308.5,1986,39.7,225,1,1,0,0,0,0
8905,M02623,M,301.0,311.7,1395,43.3,189,0,0,0,0,0,0
8906,M02624,M,297.7,307.5,1517,26.8,157,0,0,0,0,0,0
8907,M02625,M,304.3,315.4,1353,24.2,114,1,0,0,1,0,0
8908,M02626,M,302.6,312.4,1363,28.2,163,0,0,0,0,0,0
8909,M02627,M,302.0,310.0,1607,55.7,5,1,0,0,1,0,0
8910,H01756,H,297.2,307.4,1574,27.3,44,0,0,0,0,0,0
8911,M02628,M,300.4,308.2,1634,32.1,32,0,0,0,0,0,0
8912,M02629,M,302.4,310.9,1631,41.1,4,0,0,0,0,0,0
8913,H01757,H,301.2,310.3,1495,24.1,55,0,0,0,0,0,0
8914,L04528,L,298.0,307.0,1494,31.3,27,0,0,0,0,0,0
8915,L04529,L,298.7,308.2,1364,46.8,134,0,0,0,0,0,0
8916,L04530,L,299.1,308.1,1412,35.6,237,0,0,0,0,0,0
8917,M02630,M,298.8,307.4,1527,56.8,58,1,0,0,1,0,0
8918,H01758,H,303.1,314.6,1573,23.0,146,0,0,0,0,0,0
8919,L04531,L,296.2,305.5,1665,36.5,61,0,0,0,0,0,0
8920,M02631,M,301.3,309.1,1646,35.6,42,0,0,0,0,0,0
8921,M02632,M,297.4,307.0,1816,39.9,49,0,0,0,0,0,0
8922,L04532,L,298.1,307.0,1363,27.7,241,0,0,0,0,0,0
8923,M02633,M,296.0,305.1,1496,34.2,217,0,0,0,0,0,0
8924,H01759,H,298.9,309.6,1379,47.9,180,0,0,0,0,0,0
8925,L04533,L,303.0,312.6,1766,37.3,119,0,0,0,0,0,0
8926,M02634,M,300.5,309.3,1448,29.3,101,0,0,0,0,0,0
8927,M02635,M,297.6,308.0,1744,60.8,37,1,0,0,1,0,0
8928,L04534,L,302.0,313.1,1798,40.5,230,0,0,0,0,0,0
8929,L04535,L,302.5,313.0,1612,46.1,144,0,0,0,0,0,0
8930,H01760,H,300.2,307.7,1590,47.6,210,0,0,0,0,0,0
8931,L04536,L,304.1,313.0,1544,39.3,26,0,0,0,0,0,0
8932,L04537,L,301.6,311.6,1481,32.1,164,0,0,0,0,0,0
8933,L04538,L,301.4,311.2,1459,42.0,126,0,0,0,0,0,0
8934,M02636,M,298.4,308.1,1511,33.0,6,0,0,0,0,0,0
8935,M02637,M,301.3,310.3,1864,43.7,37,0,0,0,0,0,0
8936,M02638,M,300.4,309.0,1351,38.4,208,0,0,0,0,0,0
8937,L04539,L,301.0,313.0,1574,50.3,120,0,0,0,0,0,0
8938,H01761,H,298.6,308.6,1665,28.6,156,0,0,0,0,0,0
8939,L04540,L,300.3,310.9,1487,47.2,50,0,0,0,0,0,0
8940,L04541,L,298.4,308.4,1612,46.1,107,0,0,0,0,0,0
8941,L04542,L,295.7,305.7,1268,37.6,102,0,0,0,0,0,0
8942,L04543,L,302.0,311.9,1775,47.3,235,1,0,0,0,1,0
8943,H01762,H,297.0,305.9,1740,44.2,208,0,0,0,0,0,0
8944,H01763,H,300.2,308.7,1520,46.7,142,0,0,0,0,0,0
8945,L04544,L,300.7,311.1,1380,46.0,143,0,0,0,0,0,0
8946,H01764,H,300.7,310.9,1679,40.5,96,0,0,0,0,0,0
8947,M02639,M,299.4,310.3,1332,34.0,10,0,0,0,0,0,0
8948,H01765,H,300.5,311.2,1358,33.9,160,0,0,0,0,0,0
8949,L04545,L,300.9,310.1,1528,37.9,95,0,0,0,0,0,0
8950,M02640,M,301.5,312.6,1809,48.4,236,1,1,0,1,0,0
8951,L04546,L,303.5,314.3,1652,46.3,91,0,0,0,0,0,0
8952,H01766,H,300.5,311.2,1422,50.1,126,0,0,0,0,0,0
8953,L04547,L,300.1,312.3,1236,51.1,147,0,0,0,0,0,0
8954,M02641,M,298.2,310.2,1545,37.8,240,1,1,0,0,0,0
8955,L04548,L,300.9,311.6,1583,59.6,28,1,0,0,1,0,0
8956,L04549,L,301.3,311.9,1524,39.0,15,0,0,0,0,0,0
8957,M02642,M,299.6,310.7,1861,35.1,93,0,0,0,0,0,0
8958,H01767,H,301.1,310.5,1514,43.3,144,0,0,0,0,0,0
8959,M02643,M,299.4,308.8,1168,44.8,184,0,0,0,0,0,0
8960,H01768,H,301.3,312.0,1465,32.6,205,0,0,0,0,0,0
8961,L04550,L,301.8,310.9,1619,38.4,215,0,0,0,0,0,0
8962,M02644,M,301.8,312.4,1607,35.5,36,0,0,0,0,0,0
8963,L04551,L,300.2,310.4,1506,41.4,76,0,0,0,0,0,0
8964,L04552,L,297.9,307.0,1476,48.0,17,0,0,0,0,0,0
8965,M02645,M,298.8,308.8,1180,37.3,70,0,0,0,0,0,0
8966,M02646,M,301.2,312.5,1553,45.7,123,0,0,0,0,0,0
8967,M02647,M,304.9,315.0,1477,26.1,176,0,0,0,0,0,0
8968,M02648,M,299.3,309.4,1582,48.9,138,0,0,0,0,0,0
8969,M02649,M,300.9,311.2,1625,35.5,184,0,0,0,0,0,0
8970,L04553,L,298.9,309.4,1760,35.3,208,0,0,0,0,0,0
8971,L04554,L,298.1,307.8,1366,44.0,18,0,0,0,0,0,0
8972,M02650,M,298.6,309.0,1306,44.5,69,0,0,0,0,0,0
8973,L04555,L,295.8,304.8,1435,38.9,115,0,0,0,0,0,0
8974,L04556,L,302.7,311.9,1406,31.1,209,0,0,0,0,0,0
8975,L04557,L,295.5,304.8,1390,35.2,52,0,0,0,0,0,0
8976,M02651,M,299.5,310.0,1796,41.0,9,0,0,0,0,0,0
8977,L04558,L,297.6,307.8,1564,44.9,0,0,0,0,0,0,0
8978,M02652,M,298.2,308.1,1891,31.8,0,0,0,0,0,0,0
8979,M02653,M,302.8,313.5,1537,33.6,46,0,0,0,0,0,0
8980,L04559,L,300.4,310.8,1328,42.6,229,0,0,0,0,0,0
8981,M02654,M,298.1,307.8,1393,39.2,154,0,0,0,0,0,0
8982,M02655,M,298.8,307.8,1721,41.5,152,0,0,0,0,0,0
8983,M02656,M,298.5,307.7,1335,13.9,217,1,0,0,1,0,0
8984,M02657,M,299.9,308.4,1637,37.1,102,0,0,0,0,0,0
8985,L04560,L,300.3,310.4,1474,48.5,137,0,0,0,0,0,0
8986,M02658,M,303.8,312.9,1371,33.8,163,0,0,0,0,0,0
8987,L04561,L,296.2,305.7,1786,44.9,173,0,0,0,0,0,0
8988,H01769,H,299.9,309.8,1432,27.9,135,0,0,0,0,0,0
8989,H01770,H,299.4,310.4,1389,24.4,224,1,1,0,0,0,0
8990,M02659,M,301.9,312.8,1523,44.2,189,0,0,0,0,0,0
8991,L04562,L,300.7,310.6,1447,39.5,156,0,0,0,0,0,0
8992,L04563,L,301.2,312.5,1934,36.6,52,0,0,0,0,0,0
8993,L04564,L,300.7,308.7,1727,48.5,225,0,0,0,0,0,0
8994,L04565,L,298.1,310.0,1432,36.9,218,0,0,0,0,0,0
8995,L04566,L,302.4,313.1,1452,33.7,242,0,0,0,0,0,0
8996,M02660,M,301.6,311.7,1176,32.6,105,0,0,0,0,0,0
8997,L04567,L,301.8,310.9,1562,30.5,3,0,0,0,0,0,0
8998,H01771,H,302.5,312.1,1404,44.7,48,0,0,0,0,0,0
8999,L04568,L,300.8,311.4,1553,36.9,111,0,0,0,0,0,0
9000,H01772,H,303.0,313.6,1186,51.4,196,0,0,0,0,0,0
9001,H01773,H,300.8,311.5,1533,10.5,169,1,0,0,1,0,0
9002,M02661,M,299.6,308.9,1842,49.2,117,1,0,0,1,0,0
9003,M02662,M,300.0,309.1,1547,43.6,74,0,0,0,0,0,0
9004,L04569,L,300.0,310.2,1399,39.1,64,0,0,0,0,0,0
9005,M02663,M,299.0,309.8,1534,27.1,204,0,0,0,0,0,0
9006,L04570,L,303.3,313.3,1526,23.4,83,0,0,0,0,0,0
9007,L04571,L,300.6,312.1,1930,47.5,33,1,0,0,1,0,0
9008,M02664,M,300.2,310.2,1478,42.4,96,0,0,0,0,0,0
9009,L04572,L,300.8,310.8,1322,42.2,13,0,0,0,0,0,0
9010,M02665,M,306.0,316.7,1541,39.0,180,0,0,0,0,0,0
9011,L04573,L,297.7,308.9,1573,48.5,75,0,0,0,0,0,0
9012,L04574,L,298.3,307.0,1638,34.1,202,0,0,0,0,0,0
9013,L04575,L,297.2,306.1,1673,36.6,0,0,0,0,0,0,0
9014,L04576,L,299.5,309.2,1888,38.2,237,1,1,0,0,0,0
9015,L04577,L,300.5,313.7,1431,37.9,7,0,0,0,0,0,0
9016,L04578,L,299.1,308.8,1415,53.4,145,0,0,0,0,0,0
9017,L04579,L,298.9,308.8,1206,27.5,132,1,0,0,1,0,0
9018,H01774,H,300.3,310.9,1656,20.5,126,0,0,0,0,0,0
9019,L04580,L,299.0,310.0,1379,25.5,127,0,0,0,0,0,0
9020,M02666,M,300.6,310.8,1697,46.8,222,1,1,0,0,0,0
9021,L04581,L,302.2,313.4,1449,39.0,66,0,0,0,0,0,0
9022,H01775,H,301.4,310.2,1846,24.0,149,0,0,0,0,0,0
9023,L04582,L,301.8,311.0,1281,41.0,133,0,0,0,0,0,0
9024,L04583,L,302.2,313.4,1721,36.8,87,0,0,0,0,0,0
9025,M02667,M,300.6,310.6,1699,45.6,154,0,0,0,0,0,0
9026,L04584,L,299.7,308.4,1632,47.9,212,0,0,0,0,0,0
9027,M02668,M,298.5,307.2,1338,65.2,36,1,0,0,1,0,0
9028,L04585,L,299.2,308.4,1633,28.2,244,1,1,0,0,0,0
9029,H01776,H,299.0,309.0,1560,21.4,120,1,0,0,1,0,0
9030,L04586,L,301.5,312.0,1210,45.9,225,0,0,0,0,0,0
9031,L04587,L,300.7,310.4,1816,49.9,34,1,0,0,1,0,0
9032,M02669,M,301.4,311.8,1476,27.2,126,0,0,0,0,0,0
9033,L04588,L,297.7,307.3,1803,27.3,35,0,0,0,0,0,0
9034,H01777,H,302.9,314.1,1525,43.4,188,0,0,0,0,0,0
9035,L04589,L,299.1,311.7,1713,57.1,246,1,0,0,1,1,0
9036,M02670,M,297.8,307.4,1384,31.2,217,0,0,0,0,0,0
9037,L04590,L,299.1,309.6,1576,40.9,123,0,0,0,0,0,0
9038,H01778,H,305.0,315.4,1563,21.0,0,1,0,0,1,0,0
9039,M02671,M,299.2,309.3,1480,38.0,175,0,0,0,0,0,0
9040,L04591,L,299.3,310.0,1382,38.9,210,0,0,0,0,0,0
9041,L04592,L,299.6,310.1,1168,54.7,217,1,0,0,0,1,0
9042,L04593,L,299.7,309.2,1386,32.9,86,0,0,0,0,0,0
9043,H01779,H,298.4,309.7,1663,46.9,231,0,0,0,0,0,0
9044,L04594,L,300.3,310.5,1288,32.3,225,1,1,0,0,0,0
9045,L04595,L,302.2,311.8,1325,40.9,90,0,0,0,0,0,0
9046,L04596,L,300.6,313.0,1281,60.8,66,0,0,0,0,0,0
9047,L04597,L,297.8,307.7,1575,57.9,237,1,0,0,1,1,0
9048,M02672,M,299.3,309.6,1378,59.6,230,1,1,0,0,1,0
9049,H01780,H,298.9,309.1,1756,44.0,76,0,0,0,0,0,0
9050,M02673,M,300.1,310.0,1669,37.9,166,0,0,0,0,0,0
9051,H01781,H,302.7,313.1,1573,42.8,207,0,0,0,0,0,0
9052,M02674,M,299.7,308.9,1592,44.7,2,0,0,0,0,0,0
9053,L04598,L,299.8,310.4,1401,43.9,25,0,0,0,0,0,0
9054,L04599,L,303.6,311.8,1401,32.9,196,0,0,0,0,0,0
9055,M02675,M,301.8,310.5,1665,32.5,182,0,0,0,0,0,0
9056,H01782,H,301.1,312.9,1701,34.0,2,0,0,0,0,0,0
9057,H01783,H,303.9,312.6,1663,50.7,55,0,0,0,0,0,0
9058,L04600,L,301.0,309.0,1453,51.8,27,0,0,0,0,0,0
9059,L04601,L,296.0,304.8,1467,71.8,238,1,0,0,1,1,0
9060,L04602,L,301.7,313.4,1371,44.3,243,0,0,0,0,0,0
9061,H01784,H,296.8,305.0,1675,32.1,170,0,0,0,0,0,0
9062,H01785,H,300.9,309.9,1186,35.2,29,0,0,0,0,0,0
9063,M02676,M,296.6,305.1,1168,38.4,86,1,0,1,0,0,0
9064,L04603,L,299.1,308.8,1179,55.1,145,0,0,0,0,0,0
9065,M02677,M,299.3,308.9,1168,47.3,4,0,0,0,0,0,0
9066,L04604,L,298.5,308.0,1780,26.5,85,0,0,0,0,0,0
9067,L04605,L,299.3,311.2,1678,39.4,108,0,0,0,0,0,0
9068,M02678,M,302.1,310.9,1323,25.3,60,0,0,0,0,0,0
9069,L04606,L,298.6,308.5,1519,45.9,0,0,0,0,0,0,0
9070,L04607,L,301.1,311.4,1800,32.9,63,0,0,0,0,0,0
9071,H01786,H,298.1,307.1,1627,33.9,218,0,0,0,0,0,0
9072,M02679,M,299.6,310.1,1916,21.2,141,0,0,0,0,0,0
9073,L04608,L,300.6,310.2,1517,47.6,40,0,0,0,0,0,0
9074,M02680,M,298.0,308.4,1420,52.1,72,0,0,0,0,0,0
9075,L04609,L,297.4,307.3,1344,33.1,195,0,0,0,0,0,0
9076,M02681,M,301.0,308.9,1542,38.4,180,1,0,0,0,0,1
9077,M02682,M,302.2,313.5,1705,35.2,216,0,0,0,0,0,0
9078,M02683,M,299.8,311.9,1555,37.8,158,0,0,0,0,0,0
9079,M02684,M,299.1,308.9,1473,31.8,121,0,0,0,0,0,0
9080,L04610,L,300.3,309.4,1762,29.0,58,0,0,0,0,0,0
9081,L04611,L,300.1,311.6,1632,53.7,223,1,0,0,1,1,0
9082,L04612,L,300.5,312.4,1517,13.6,193,1,0,0,1,0,0
9083,L04613,L,294.9,304.7,1400,45.0,239,1,1,0,0,0,0
9084,M02685,M,297.9,307.7,1492,42.8,36,0,0,0,0,0,0
9085,L04614,L,298.3,308.2,1622,56.5,243,1,0,0,1,1,0
9086,L04615,L,300.3,308.6,1398,37.6,49,0,0,0,0,0,0
9087,L04616,L,300.4,310.1,1317,36.3,193,0,0,0,0,0,0
9088,H01787,H,301.3,313.0,1452,31.9,13,0,0,0,0,0,0
9089,L04617,L,300.5,310.3,1529,43.6,142,0,0,0,0,0,0
9090,M02686,M,297.4,306.4,1782,32.9,24,0,0,0,0,0,0
9091,L04618,L,302.9,313.4,1330,28.7,201,0,0,0,0,0,0
9092,L04619,L,302.5,311.8,1578,32.6,91,0,0,0,0,0,0
9093,L04620,L,297.5,307.4,1488,30.5,239,0,0,0,0,0,0
9094,M02687,M,300.7,309.4,1497,29.9,7,0,0,0,0,0,0
9095,M02688,M,298.8,307.8,1813,40.9,185,0,0,0,0,0,0
9096,H01788,H,300.3,311.0,1552,38.1,121,0,0,0,0,0,0
9097,L04621,L,302.1,312.2,1374,45.5,247,1,1,0,0,1,0
9098,L04622,L,304.3,313.5,1697,41.5,183,0,0,0,0,0,0
9099,H01789,H,301.5,311.6,1683,28.0,244,0,0,0,0,0,0
9100,L04623,L,300.6,310.0,1358,18.8,141,1,0,0,1,0,0
9101,M02689,M,299.3,308.5,1324,29.4,83,0,0,0,0,0,0
9102,M02690,M,300.4,311.6,1611,47.6,41,0,0,0,0,0,0
9103,L04624,L,302.7,313.5,1532,47.4,12,0,0,0,0,0,0
9104,M02691,M,299.9,309.9,1453,49.8,18,0,0,0,0,0,0
9105,L04625,L,298.2,308.3,1727,48.4,33,0,0,0,0,0,0
9106,L04626,L,296.8,306.8,1431,50.9,217,1,0,0,0,1,0
9107,L04627,L,301.0,311.5,1613,44.1,100,0,0,0,0,0,0
9108,H01790,H,300.5,309.7,1748,58.0,173,1,0,0,1,0,0
9109,L04628,L,298.7,309.6,1477,42.9,215,0,0,0,0,0,0
9110,M02692,M,302.1,312.5,1210,60.0,116,0,0,0,0,0,0
9111,H01791,H,299.2,308.9,1465,33.7,54,0,0,0,0,0,0
9112,M02693,M,299.7,309.2,1571,33.5,212,1,1,0,0,0,0
9113,M02694,M,300.0,310.8,1717,38.1,191,0,0,0,0,0,0
9114,L04629,L,299.3,309.1,1444,39.6,249,0,0,0,0,0,0
9115,L04630,L,300.5,309.8,1846,36.8,184,0,0,0,0,0,0
9116,L04631,L,302.3,311.9,1305,45.4,215,0,0,0,0,0,0
9117,M02695,M,297.7,308.5,1567,39.0,199,0,0,0,0,0,0
9118,H01792,H,301.0,309.4,1495,33.9,191,0,0,0,0,0,0
9119,H01793,H,300.3,309.9,1779,36.0,96,0,0,0,0,0,0
9120,H01794,H,300.3,311.4,1274,52.2,132,0,0,0,0,0,0
9121,H01795,H,301.7,311.5,1614,43.2,216,0,0,0,0,0,0
9122,L04632,L,300.1,310.4,1494,23.2,42,0,0,0,0,0,0
9123,M02696,M,301.0,312.1,1811,55.1,103,1,0,0,1,0,0
9124,H01796,H,301.4,312.3,1389,44.3,16,0,0,0,0,0,0
9125,L04633,L,299.0,308.6,1612,46.4,88,0,0,0,0,0,0
9126,H01797,H,300.6,310.5,1387,49.3,233,0,0,0,0,0,0
9127,L04634,L,299.5,310.4,1571,49.8,173,0,0,0,0,0,0
9128,M02697,M,299.7,310.6,1471,30.8,160,0,0,0,0,0,0
9129,M02698,M,299.4,309.3,1469,29.3,68,0,0,0,0,0,0
9130,H01798,H,300.9,310.8,1182,64.0,14,0,0,0,0,0,0
9131,L04635,L,300.2,310.5,1612,33.0,41,0,0,0,0,0,0
9132,M02699,M,300.8,312.2,1344,43.8,142,0,0,0,0,0,0
9133,M02700,M,300.0,311.1,1338,56.3,192,0,0,0,0,0,0
9134,L04636,L,296.8,307.5,1259,35.6,190,0,0,0,0,0,0
9135,M02701,M,300.1,309.0,1348,36.4,55,0,0,0,0,0,0
9136,M02702,M,300.1,309.8,1627,49.3,170,0,0,0,0,0,0
9137,M02703,M,300.5,310.3,1618,42.1,81,0,0,0,0,0,0
9138,L04637,L,298.8,310.2,1656,45.0,197,0,0,0,0,0,0
9139,L04638,L,297.6,307.4,1354,39.2,33,0,0,0,0,0,0
9140,M02704,M,301.2,312.5,1576,34.7,193,0,0,0,0,0,0
9141,L04639,L,299.5,308.9,1427,36.7,208,0,0,0,0,0,0
9142,L04640,L,300.3,309.8,1708,51.9,117,1,0,0,1,0,0
9143,H01799,H,299.4,309.9,1614,37.0,68,0,0,0,0,0,0
9144,M02705,M,300.0,311.6,1420,44.3,19,0,0,0,0,0,0
9145,M02706,M,299.1,308.9,1724,30.3,141,0,0,0,0,0,0
9146,L04641,L,298.1,305.5,1628,60.4,203,1,0,0,1,1,0
9147,L04642,L,300.9,309.3,1289,43.2,67,1,0,1,0,0,0
9148,L04643,L,298.8,309.1,1238,43.4,40,0,0,0,0,0,0
9149,L04644,L,300.3,308.8,1296,49.3,186,1,0,1,0,0,0
9150,M02707,M,300.8,309.9,1833,35.2,49,0,0,0,0,0,0
9151,M02708,M,298.8,308.8,1356,51.9,201,0,0,0,0,0,0
9152,L04645,L,297.6,305.2,1873,24.8,166,0,0,0,0,0,0
9153,L04646,L,304.9,314.5,1346,33.9,157,0,0,0,0,0,0
9154,L04647,L,298.9,307.7,1327,32.0,164,0,0,0,0,0,0
9155,L04648,L,301.2,309.7,1695,21.2,46,0,0,0,0,0,0
9156,L04649,L,303.9,313.1,1703,34.7,125,0,0,0,0,0,0
9157,H01800,H,301.6,310.5,1637,39.5,217,0,0,0,0,0,0
9158,M02709,M,299.4,309.9,1659,29.1,172,0,0,0,0,0,0
9159,M02710,M,299.9,311.1,1394,27.7,237,1,1,0,0,0,0
9160,L04650,L,298.3,307.9,1687,40.4,56,0,0,0,0,0,0
9161,H01801,H,301.8,311.2,1580,39.2,131,0,0,0,0,0,0
9162,M02711,M,301.1,310.7,1472,37.3,5,0,0,0,0,0,0
9163,M02712,M,299.0,307.9,1554,27.3,142,0,0,0,0,0,0
9164,L04651,L,297.9,306.6,1727,36.1,108,0,0,0,0,0,0
9165,H01802,H,297.4,305.8,1608,33.3,172,0,0,0,0,0,0
9166,H01803,H,302.0,310.7,1168,40.9,81,0,0,0,0,0,0
9167,H01804,H,300.2,311.8,1697,34.4,80,0,0,0,0,0,0
9168,L04652,L,300.4,309.7,1683,39.6,187,0,0,0,0,0,0
9169,L04653,L,298.4,305.5,1470,26.9,224,1,1,0,0,0,0
9170,L04654,L,297.1,306.5,1558,26.0,99,0,0,0,0,0,0
9171,L04655,L,301.9,310.3,1558,45.6,106,0,0,0,0,0,0
9172,H01805,H,300.1,310.2,1183,47.7,88,0,0,0,0,0,0
9173,L04656,L,301.8,311.8,1466,36.1,114,0,0,0,0,0,0
9174,L04657,L,299.2,309.3,1473,40.3,155,0,0,0,0,0,0
9175,L04658,L,299.5,309.5,1509,35.5,76,0,0,0,0,0,0
9176,L04659,L,301.4,311.0,1443,51.0,31,0,0,0,0,0,0
9177,L04660,L,301.5,310.0,1656,38.0,175,0,0,0,0,0,0
9178,M02713,M,301.6,311.5,1393,35.0,146,0,0,0,0,0,0
9179,M02714,M,299.4,310.4,1700,49.7,30,0,0,0,0,0,0
9180,L04661,L,301.2,313.0,1648,32.3,206,0,0,0,0,0,0
9181,L04662,L,302.2,312.0,1781,41.6,187,0,0,0,0,0,0
9182,L04663,L,299.8,309.7,1848,29.5,43,0,0,0,0,0,0
9183,L04664,L,299.0,309.5,1849,46.6,150,1,0,0,1,0,0
9184,M02715,M,302.7,314.2,1325,48.2,231,0,0,0,0,0,0
9185,M02716,M,298.7,308.2,1599,27.1,26,0,0,0,0,0,0
9186,M02717,M,301.3,312.0,1409,25.6,245,1,1,0,0,0,0
9187,M02718,M,299.9,309.1,2125,42.9,128,1,0,0,1,0,0
9188,L04665,L,296.3,306.6,1647,59.4,149,1,0,0,1,0,0
9189,H01806,H,302.3,313.3,1791,48.8,135,1,0,0,1,0,0
9190,H01807,H,294.5,303.2,1615,37.9,68,0,0,0,0,0,0
9191,H01808,H,296.0,305.5,1168,31.5,23,0,0,0,0,0,0
9192,L04666,L,301.1,312.1,1397,27.8,123,0,0,0,0,0,0
9193,H01809,H,301.1,311.7,1415,47.2,32,0,0,0,0,0,0
9194,H01810,H,298.7,309.7,1468,49.2,139,0,0,0,0,0,0
9195,H01811,H,300.3,311.1,1602,33.7,3,0,0,0,0,0,0
9196,L04667,L,294.9,304.6,1627,37.5,63,0,0,0,0,0,0
9197,M02719,M,301.4,313.6,1168,40.5,206,0,0,0,0,0,0
9198,H01812,H,300.5,310.6,1495,58.1,59,1,0,0,1,0,0
9199,M02720,M,299.9,306.8,1451,40.7,136,0,0,0,0,0,0
9200,M02721,M,300.0,309.7,1785,30.2,41,0,0,0,0,0,0
9201,H01813,H,301.0,310.5,1644,28.4,52,0,0,0,0,0,0
9202,L04668,L,299.9,310.7,1505,30.9,204,0,0,0,0,0,0
9203,M02722,M,296.3,305.8,1578,52.6,201,0,0,0,0,0,0
9204,L04669,L,304.4,315.5,1236,45.1,59,0,0,0,0,0,0
9205,H01814,H,302.4,313.0,1656,36.5,105,0,0,0,0,0,0
9206,L04670,L,297.4,306.4,1467,10.7,141,1,0,0,1,0,0
9207,M02723,M,299.3,309.2,1393,31.5,50,0,0,0,0,0,0
9208,M02724,M,299.5,308.7,1773,43.4,242,0,0,0,0,0,0
9209,M02725,M,302.2,312.4,1586,43.5,120,0,0,0,0,0,0
9210,M02726,M,295.7,304.9,1418,43.4,64,0,0,0,0,0,0
9211,H01815,H,299.0,309.1,1429,26.5,154,0,0,0,0,0,0
9212,H01816,H,296.5,306.2,1603,41.8,21,0,0,0,0,0,0
9213,L04671,L,299.4,309.2,1589,30.2,21,0,0,0,0,0,0
9214,L04672,L,299.1,311.2,1543,40.0,217,0,0,0,0,0,0
9215,L04673,L,300.2,309.8,1322,32.3,191,0,0,0,0,0,0
9216,L04674,L,298.8,306.9,1349,50.7,126,1,0,1,0,0,0
9217,M02727,M,298.5,309.5,1404,43.4,23,0,0,0,0,0,0
9218,H01817,H,301.2,312.2,1502,38.6,29,0,0,0,0,0,0
9219,H01818,H,300.9,308.9,1530,53.8,39,0,0,0,0,0,0
9220,L04675,L,301.1,310.4,1509,36.3,80,0,0,0,0,0,0
9221,L04676,L,299.6,310.0,1517,25.8,150,0,0,0,0,0,0
9222,M02728,M,298.9,309.4,1874,50.6,137,1,0,0,1,0,0
9223,M02729,M,299.8,309.8,1690,42.5,32,0,0,0,0,0,0
9224,L04677,L,301.0,311.0,1750,36.8,71,0,0,0,0,0,0
9225,H01819,H,295.6,304.7,1621,33.6,4,0,0,0,0,0,0
9226,H01820,H,300.8,308.4,1550,45.1,225,0,0,0,0,0,0
9227,L04678,L,300.6,312.6,1611,48.1,242,1,0,0,0,1,0
9228,H01821,H,300.1,309.1,1578,32.3,154,0,0,0,0,0,0
9229,L04679,L,299.7,309.9,1682,45.7,61,0,0,0,0,0,0
9230,M02730,M,294.9,304.7,1363,42.5,222,0,0,0,0,0,0
9231,L04680,L,299.1,310.0,1667,31.7,152,0,0,0,0,0,0
9232,L04681,L,303.6,313.7,1567,40.0,193,0,0,0,0,0,0
9233,H01822,H,300.0,310.2,1214,34.5,19,0,0,0,0,0,0
9234,L04682,L,299.4,306.8,1553,52.4,118,0,0,0,0,0,0
9235,M02731,M,300.0,309.2,1304,33.5,119,0,0,0,0,0,0
9236,L04683,L,300.7,311.4,1442,55.1,42,0,0,0,0,0,0
9237,L04684,L,301.3,312.0,1509,41.3,66,0,0,0,0,0,0
9238,L04685,L,299.5,308.5,1268,22.5,185,1,0,0,1,0,0
9239,L04686,L,300.8,309.2,1528,18.3,249,1,1,0,1,0,0
9240,M02732,M,303.4,313.5,1550,37.9,168,0,0,0,0,0,0
9241,L04687,L,302.0,309.1,1673,53.3,231,1,1,0,1,1,0
9242,M02733,M,304.7,313.6,1456,52.3,63,0,0,0,0,0,0
9243,M02734,M,298.7,310.5,1587,41.7,101,0,0,0,0,0,0
9244,M02735,M,303.4,314.8,1520,32.6,45,0,0,0,0,0,0
9245,L04688,L,298.4,308.9,1463,35.8,187,0,0,0,0,0,0
9246,H01823,H,300.7,311.0,1238,42.1,231,0,0,0,0,0,0
9247,L04689,L,301.5,309.5,1518,50.9,142,0,0,0,0,0,0
9248,L04690,L,299.0,308.3,1671,45.7,26,0,0,0,0,0,0
9249,L04691,L,300.2,309.9,1370,49.7,185,0,0,0,0,0,0
9250,L04692,L,301.8,311.1,1499,46.4,151,0,0,0,0,0,0
9251,L04693,L,298.6,308.2,1525,49.4,162,0,0,0,0,0,0
9252,M02736,M,303.3,314.6,1735,17.4,22,1,0,0,1,0,0
9253,L04694,L,297.2,306.7,1543,31.1,7,0,0,0,0,0,0
9254,L04695,L,303.9,313.6,1589,29.0,123,0,0,0,0,0,0
9255,M02737,M,302.0,312.7,1536,28.0,213,0,0,0,0,0,0
9256,L04696,L,299.8,308.4,1449,40.1,143,0,0,0,0,0,0
9257,L04697,L,299.2,308.4,1334,25.5,197,0,0,0,0,0,0
9258,L04698,L,299.0,308.3,1486,30.6,230,0,0,0,0,0,0
9259,M02738,M,299.7,309.8,1608,39.0,188,0,0,0,0,0,0
9260,L04699,L,299.9,309.6,1560,24.0,108,0,0,0,0,0,0
9261,L04700,L,302.5,312.2,1802,35.1,243,1,1,0,0,0,0
9262,M02739,M,303.9,313.2,1707,46.4,185,0,0,0,0,0,0
9263,M02740,M,300.4,309.3,1760,27.7,156,0,0,0,0,0,0
9264,M02741,M,298.3,308.9,1174,48.0,62,0,0,0,0,0,0
9265,H01824,H,298.9,308.6,1820,31.9,153,0,0,0,0,0,0
9266,L04701,L,299.6,310.2,1585,42.7,136,0,0,0,0,0,0
9267,L04702,L,297.9,306.8,1611,28.9,146,0,0,0,0,0,0
9268,L04703,L,297.6,306.9,1698,44.5,70,0,0,0,0,0,0
9269,L04704,L,304.2,314.0,1541,37.0,111,0,0,0,0,0,0
9270,L04705,L,300.6,310.5,1346,44.7,24,0,0,0,0,0,0
9271,L04706,L,298.3,309.1,1797,34.5,23,0,0,0,0,0,0
9272,M02742,M,301.6,311.2,1400,45.6,38,0,0,0,0,0,0
9273,M02743,M,297.6,308.3,1361,48.5,174,0,0,0,0,0,0
9274,L04707,L,297.8,308.2,1496,41.2,188,0,0,0,0,0,0
9275,M02744,M,298.4,308.3,1468,35.2,100,0,0,0,0,0,0
9276,L04708,L,303.3,312.3,1538,37.7,225,0,0,0,0,0,0
9277,L04709,L,299.5,310.3,1520,27.4,156,0,0,0,0,0,0
9278,M02745,M,295.1,304.2,1779,42.0,97,0,0,0,0,0,0
9279,L04710,L,302.4,312.4,1620,46.2,19,0,0,0,0,0,0
9280,L04711,L,299.4,309.3,1384,55.7,4,0,0,0,0,0,0
9281,L04712,L,296.3,306.1,1409,53.1,235,1,1,0,0,1,0
9282,H01825,H,299.4,309.0,1468,30.2,163,0,0,0,0,0,0
9283,M02746,M,301.0,310.2,1469,42.1,221,0,0,0,0,0,0
9284,L04713,L,300.8,309.2,1445,38.7,122,0,0,0,0,0,0
9285,H01826,H,303.6,315.0,1340,52.2,189,0,0,0,0,0,0
9286,M02747,M,298.3,307.8,1589,32.9,177,0,0,0,0,0,0
9287,M02748,M,300.1,310.0,1456,48.8,19,0,0,0,0,0,0
9288,H01827,H,298.6,308.5,1367,30.1,138,0,0,0,0,0,0
9289,L04714,L,296.9,308.0,1624,38.9,124,0,0,0,0,0,0
9290,L04715,L,301.8,313.7,1689,31.2,212,0,0,0,0,0,0
9291,M02749,M,300.9,311.1,1494,20.3,147,1,0,0,1,0,0
9292,M02750,M,300.6,310.4,1856,31.0,5,0,0,0,0,0,0
9293,M02751,M,300.9,309.8,1934,37.4,172,0,0,0,0,0,0
9294,M02752,M,298.6,307.2,1626,54.3,25,1,0,0,1,0,0
9295,H01828,H,298.0,306.2,1454,29.1,150,0,0,0,0,0,0
9296,H01829,H,300.1,309.3,1586,33.9,132,0,0,0,0,0,0
9297,H01830,H,302.3,310.2,1318,25.6,152,1,0,1,0,0,0
9298,H01831,H,303.2,314.3,1381,51.6,220,0,0,0,0,0,0
9299,H01832,H,301.6,312.0,1236,35.4,3,0,0,0,0,0,0
9300,L04716,L,300.1,309.8,1425,36.6,90,0,0,0,0,0,0
9301,L04717,L,300.5,311.6,1317,36.5,137,0,0,0,0,0,0
9302,L04718,L,300.0,308.9,1649,20.5,161,0,0,0,0,0,0
9303,H01833,H,297.9,307.1,1403,25.3,90,0,0,0,0,0,0
9304,M02753,M,300.0,308.1,1587,30.5,185,0,0,0,0,0,0
9305,M02754,M,297.3,308.1,1671,46.2,7,0,0,0,0,0,0
9306,L04719,L,299.8,309.0,1747,15.0,125,1,0,0,1,0,0
9307,L04720,L,303.3,313.3,1474,45.4,179,0,0,0,0,0,0
9308,M02755,M,301.6,312.6,1593,43.4,115,0,0,0,0,0,0
9309,L04721,L,298.2,309.6,1599,21.9,98,0,0,0,0,0,0
9310,L04722,L,299.9,309.9,1765,36.8,27,0,0,0,0,0,0
9311,L04723,L,298.3,308.7,1678,51.6,136,1,0,0,1,0,0
9312,L04724,L,299.9,309.0,1771,29.3,243,0,0,0,0,0,0
9313,M02756,M,302.1,313.8,1240,34.5,161,0,0,0,0,0,0
9314,L04725,L,301.3,311.1,1419,67.6,186,1,0,0,1,1,0
9315,M02757,M,305.0,315.1,1722,43.3,221,1,1,0,0,0,0
9316,L04726,L,302.4,312.0,1641,37.4,144,0,0,0,0,0,0
9317,H01834,H,300.4,311.6,1515,35.2,123,0,0,0,0,0,0
9318,L04727,L,301.4,311.6,1453,43.7,32,0,0,0,0,0,0
9319,M02758,M,299.6,310.4,1679,46.8,55,0,0,0,0,0,0
9320,M02759,M,297.7,308.1,1183,18.4,60,1,0,0,1,0,0
9321,L04728,L,302.6,312.4,1679,17.7,220,1,0,0,1,0,0
9322,H01835,H,302.0,312.9,1554,30.0,112,0,0,0,0,0,0
9323,M02760,M,299.5,309.8,1450,38.5,36,0,0,0,0,0,0
9324,L04729,L,300.5,309.5,1627,40.8,12,0,0,0,0,0,0
9325,L04730,L,302.5,311.5,1468,23.0,156,0,0,0,0,0,0
9326,H01836,H,301.7,311.8,1543,38.0,39,0,0,0,0,0,0
9327,M02761,M,297.1,308.0,1529,39.3,102,0,0,0,0,0,0
9328,L04731,L,300.5,312.1,1671,31.5,54,0,0,0,0,0,0
9329,L04732,L,299.7,307.9,1566,34.7,13,0,0,0,0,0,0
9330,H01837,H,302.2,312.2,1196,32.7,7,0,0,0,0,0,0
9331,M02762,M,302.1,312.6,1288,44.6,159,0,0,0,0,0,0
9332,M02763,M,302.6,312.9,1343,40.1,138,0,0,0,0,0,0
9333,L04733,L,297.8,308.8,1619,28.6,226,0,0,0,0,0,0
9334,M02764,M,298.4,309.1,1637,49.6,68,0,0,0,0,0,0
9335,L04734,L,302.2,311.2,1836,26.3,177,0,0,0,0,0,0
9336,L04735,L,298.8,307.8,1356,22.9,164,1,0,0,1,0,0
9337,M02765,M,297.0,307.3,1772,37.5,44,0,0,0,0,0,0
9338,H01838,H,301.1,312.1,1191,37.5,196,0,0,0,0,0,0
9339,L04736,L,298.9,309.0,1541,40.7,65,0,0,0,0,0,0
9340,L04737,L,303.6,312.0,1581,28.2,153,0,0,0,0,0,0
9341,M02766,M,300.6,309.6,1581,48.9,29,0,0,0,0,0,0
9342,M02767,M,300.3,311.0,1482,57.1,76,0,0,0,0,0,0
9343,H01839,H,299.3,309.0,1559,39.8,123,0,0,0,0,0,0
9344,M02768,M,303.2,313.3,1316,43.2,37,0,0,0,0,0,0
9345,L04738,L,300.7,311.8,1692,18.8,240,1,1,0,1,0,0
9346,H01840,H,299.2,308.0,1582,35.7,103,0,0,0,0,0,0
9347,M02769,M,298.4,308.0,1602,33.0,154,0,0,0,0,0,0
9348,H01841,H,299.9,309.4,1488,31.4,80,0,0,0,0,0,0
9349,M02770,M,298.0,308.4,1479,33.4,178,0,0,0,0,0,0
9350,H01842,H,302.1,312.9,1631,34.4,142,0,0,0,0,0,0
9351,L04739,L,296.4,304.9,1822,25.5,61,0,0,0,0,0,0
9352,L04740,L,299.7,309.7,1288,35.1,96,0,0,0,0,0,0
9353,H01843,H,301.2,312.1,1279,29.6,29,0,0,0,0,0,0
9354,L04741,L,300.7,308.8,1585,47.9,159,0,0,0,0,0,0
9355,L04742,L,298.6,308.5,1478,43.3,177,0,0,0,0,0,0
9356,M02771,M,301.3,310.1,1560,43.3,6,0,0,0,0,0,0
9357,H01844,H,298.2,307.6,1533,49.8,38,0,0,0,0,0,0
9358,L04743,L,300.0,307.5,1649,31.7,188,0,0,0,0,0,0
9359,H01845,H,301.3,312.7,1486,42.7,15,0,0,0,0,0,0
9360,M02772,M,300.9,310.5,1321,50.7,202,0,0,0,0,0,0
9361,M02773,M,298.6,307.8,1396,31.0,164,0,0,0,0,0,0
9362,H01846,H,302.4,312.7,1509,19.7,52,1,0,0,1,0,0
9363,L04744,L,300.2,309.2,1313,33.1,77,0,0,0,0,0,0
9364,L04745,L,301.5,310.4,1531,49.6,150,0,0,0,0,0,0
9365,L04746,L,303.1,314.6,1548,30.5,121,0,0,0,0,0,0
9366,M02774,M,302.2,314.0,1473,35.3,186,0,0,0,0,0,0
9367,M02775,M,302.2,311.6,1575,32.2,94,0,0,0,0,0,0
9368,H01847,H,300.4,311.5,1249,38.1,27,0,0,0,0,0,0
9369,M02776,M,301.6,312.0,1367,29.5,233,0,0,0,0,0,0
9370,M02777,M,300.4,309.0,1333,25.2,196,0,0,0,0,0,0
9371,M02778,M,297.6,306.7,1695,35.6,87,0,0,0,0,0,0
9372,L04747,L,300.6,312.2,1950,37.3,178,0,0,0,0,0,0
9373,L04748,L,300.5,309.1,1380,51.2,209,0,0,0,0,0,0
9374,H01848,H,301.2,313.5,1495,40.7,249,1,1,0,0,0,0
9375,L04749,L,299.7,309.1,1413,28.3,195,0,0,0,0,0,0
9376,L04750,L,298.5,310.1,1577,32.7,214,0,0,0,0,0,0
9377,M02779,M,301.3,311.0,1429,47.1,200,0,0,0,0,0,0
9378,L04751,L,297.4,308.2,1588,35.8,114,0,0,0,0,0,0
9379,H01849,H,302.9,314.3,1657,29.1,138,0,0,0,0,0,0
9380,L04752,L,299.5,310.9,1318,40.8,34,0,0,0,0,0,0
9381,L04753,L,300.5,309.9,1586,32.1,138,0,0,0,0,0,0
9382,L04754,L,301.1,310.2,1216,44.8,198,0,0,0,0,0,0
9383,M02780,M,301.2,311.1,1492,43.6,16,0,0,0,0,0,0
9384,L04755,L,297.2,305.9,1480,28.5,54,0,0,0,0,0,0
9385,M02781,M,301.6,311.8,1496,57.8,81,1,0,0,1,0,0
9386,H01850,H,300.6,309.8,1482,38.8,25,0,0,0,0,0,0
9387,H01851,H,298.7,309.8,1449,13.4,46,1,0,0,1,0,0
9388,L04756,L,298.5,307.9,1490,43.8,240,0,0,0,0,0,0
9389,L04757,L,299.3,307.6,1580,14.0,25,1,0,0,1,0,0
9390,M02782,M,297.4,308.8,1585,50.4,56,0,0,0,0,0,0
9391,H01852,H,303.4,313.6,1558,40.6,208,0,0,0,0,0,0
9392,H01853,H,303.0,313.0,1435,38.5,119,0,0,0,0,0,0
9393,L04758,L,300.9,312.0,1731,39.2,201,0,0,0,0,0,0
9394,M02783,M,299.6,310.5,1811,45.0,221,1,1,0,0,0,0
9395,L04759,L,299.6,308.8,1307,34.3,78,0,0,0,0,0,0
9396,L04760,L,301.5,311.1,1567,39.1,246,1,1,0,0,0,0
9397,L04761,L,303.5,312.4,1454,40.3,175,0,0,0,0,0,0
9398,L04762,L,298.9,307.4,1703,10.3,238,1,0,0,1,0,0
9399,L04763,L,297.8,308.4,1535,45.1,25,0,0,0,0,0,0
9400,L04764,L,303.1,313.5,1547,46.8,40,0,0,0,0,0,0
9401,M02784,M,296.4,307.2,1626,43.7,155,0,0,0,0,0,0
9402,L04765,L,298.0,309.3,1484,43.0,244,1,1,0,0,0,0
9403,M02785,M,299.5,310.3,1838,55.1,146,1,0,0,1,0,0
9404,L04766,L,296.9,307.8,1629,38.7,0,0,0,0,0,0,0
9405,L04767,L,302.2,310.1,1704,39.1,33,0,0,0,0,0,0
9406,L04768,L,301.7,311.4,1498,32.6,101,0,0,0,0,0,0
9407,L04769,L,298.9,309.9,1516,20.0,87,1,0,0,1,0,0
9408,M02786,M,302.6,311.4,1683,43.7,168,0,0,0,0,0,0
9409,L04770,L,302.9,313.0,1665,33.7,87,0,0,0,0,0,0
9410,M02787,M,299.8,310.3,1314,19.9,209,1,0,0,1,0,0
9411,L04771,L,299.1,309.5,1560,38.4,64,0,0,0,0,0,0
9412,M02788,M,304.5,314.9,1622,38.1,73,0,0,0,0,0,0
9413,M02789,M,301.4,312.0,1514,36.8,3,0,0,0,0,0,0
9414,L04772,L,300.5,310.7,1605,40.5,141,0,0,0,0,0,0
9415,L04773,L,302.7,311.2,1522,23.5,190,0,0,0,0,0,0
9416,L04774,L,300.6,311.1,1168,49.1,20,0,0,0,0,0,0
9417,M02790,M,299.0,309.3,1303,43.5,63,0,0,0,0,0,0
9418,L04775,L,300.2,308.8,1712,51.6,153,1,0,0,1,0,0
9419,M02791,M,302.1,313.5,1494,33.6,101,0,0,0,0,0,0
9420,M02792,M,296.0,306.5,1571,43.5,243,1,1,0,0,0,0
9421,H01854,H,299.4,308.0,1537,20.5,68,1,0,0,1,0,0
9422,M02793,M,302.8,312.0,1390,30.8,206,0,0,0,0,0,0
9423,M02794,M,299.0,308.4,1454,25.4,151,0,0,0,0,0,0
9424,L04776,L,303.1,312.5,1596,41.7,9,0,0,0,0,0,0
9425,H01855,H,302.8,313.1,1615,28.1,98,0,0,0,0,0,0
9426,M02795,M,299.9,308.9,1929,34.8,208,0,0,0,0,0,0
9427,L04777,L,298.9,310.0,1452,39.1,31,0,0,0,0,0,0
9428,H01856,H,299.4,310.4,1837,35.1,72,0,0,0,0,0,0
9429,L04778,L,305.3,315.9,1383,26.0,158,0,0,0,0,0,0
9430,H01857,H,303.7,313.7,1625,55.6,232,1,0,0,1,0,0
9431,H01858,H,300.3,311.2,1569,40.3,142,0,0,0,0,0,0
9432,L04779,L,298.8,308.5,1515,55.7,177,0,0,0,0,0,0
9433,M02796,M,300.2,309.5,1536,28.8,2,0,0,0,0,0,0
9434,L04780,L,300.5,311.7,1426,35.4,103,0,0,0,0,0,0
9435,L04781,L,297.5,307.8,1699,40.0,34,0,0,0,0,0,0
9436,L04782,L,300.2,309.5,1387,54.5,114,0,0,0,0,0,0
9437,M02797,M,302.6,312.2,1594,55.6,53,1,0,0,1,0,0
9438,L04783,L,296.4,305.7,1673,34.8,204,0,0,0,0,0,0
9439,L04784,L,301.7,313.7,1785,31.9,85,0,0,0,0,0,0
9440,M02798,M,302.7,312.7,1711,39.1,111,0,0,0,0,0,0
9441,L04785,L,298.9,309.1,1640,51.2,198,0,0,0,0,0,0
9442,L04786,L,303.4,314.1,1423,40.5,249,0,0,0,0,0,0
9443,L04787,L,298.6,307.4,1397,42.3,83,0,0,0,0,0,0
9444,L04788,L,300.9,312.0,1334,51.1,100,0,0,0,0,0,0
9445,L04789,L,299.4,308.8,1317,49.4,153,0,0,0,0,0,0
9446,L04790,L,299.4,311.2,1537,49.8,82,0,0,0,0,0,0
9447,H01859,H,298.8,308.5,1407,46.2,221,0,0,0,0,0,0
9448,M02799,M,301.4,312.4,1752,53.5,97,1,0,0,1,0,0
9449,L04791,L,301.7,309.2,1434,27.8,34,0,0,0,0,0,0
9450,L04792,L,299.9,308.7,1554,62.5,155,1,0,0,1,0,0
9451,L04793,L,297.3,307.0,1490,50.6,98,0,0,0,0,0,0
9452,M02800,M,300.8,308.8,1286,38.4,225,1,0,1,0,0,0
9453,L04794,L,300.8,311.4,1733,51.1,239,1,0,0,1,1,0
9454,L04795,L,299.6,309.9,1662,36.5,112,0,0,0,0,0,0
9455,H01860,H,303.7,312.7,1683,44.7,122,0,0,0,0,0,0
9456,L04796,L,296.9,306.9,1644,45.9,143,0,0,0,0,0,0
9457,L04797,L,295.6,306.4,1402,48.6,175,0,0,0,0,0,0
9458,H01861,H,298.5,306.4,1405,35.4,242,1,1,0,0,0,0
9459,M02801,M,301.4,310.1,1618,48.8,223,0,0,0,0,0,0
9460,L04798,L,297.9,307.6,1814,35.6,80,0,0,0,0,0,0
9461,M02802,M,298.0,308.0,1607,47.3,87,0,0,0,0,0,0
9462,L04799,L,301.9,311.8,1713,39.8,68,0,0,0,0,0,0
9463,M02803,M,300.9,311.8,1443,21.8,203,1,0,0,1,0,0
9464,L04800,L,300.8,311.3,1734,32.6,149,0,0,0,0,0,0
9465,H01862,H,301.6,312.3,1462,48.5,11,0,0,0,0,0,0
9466,H01863,H,299.1,307.7,1580,37.0,92,0,0,0,0,0,0
9467,H01864,H,299.2,309.3,1472,52.1,57,0,0,0,0,0,0
9468,H01865,H,301.6,311.3,1697,27.9,230,0,0,0,0,0,0
9469,M02804,M,297.3,308.8,1699,47.0,38,0,0,0,0,0,0
9470,L04801,L,295.7,305.9,1273,39.5,163,0,0,0,0,0,0
9471,L04802,L,299.1,308.4,1775,37.5,5,0,0,0,0,0,0
9472,M02805,M,301.9,312.8,1963,28.2,175,0,0,0,0,0,0
9473,H01866,H,300.5,311.1,1474,42.1,7,0,0,0,0,0,0
9474,L04803,L,301.7,310.9,1515,29.9,69,0,0,0,0,0,0
9475,H01867,H,296.0,305.7,1759,33.6,54,0,0,0,0,0,0
9476,H01868,H,300.6,310.3,1549,38.6,93,0,0,0,0,0,0
9477,H01869,H,301.3,312.5,1537,36.3,60,0,0,0,0,0,0
9478,H01870,H,297.3,307.5,1877,50.3,82,1,0,0,1,0,0
9479,L04804,L,301.7,312.4,1295,14.1,93,1,0,0,1,0,0
9480,L04805,L,299.8,309.3,1396,38.2,216,0,0,0,0,0,0
9481,L04806,L,306.1,316.4,1612,36.4,137,0,0,0,0,0,0
9482,L04807,L,295.6,306.9,1248,39.9,47,0,0,0,0,0,0
9483,M02806,M,302.7,312.3,1471,34.6,65,0,0,0,0,0,0
9484,H01871,H,299.2,309.3,1469,50.2,109,0,0,0,0,0,0
9485,H01872,H,296.8,305.4,1710,37.4,106,0,0,0,0,0,0
9486,M02807,M,298.9,308.1,1662,41.3,151,0,0,0,0,0,0
9487,L04808,L,300.6,310.3,1236,48.9,119,0,0,0,0,0,0
9488,L04809,L,302.1,311.0,1413,40.5,27,0,0,0,0,0,0
9489,L04810,L,303.4,314.7,1414,27.3,33,0,0,0,0,0,0
9490,L04811,L,302.8,312.0,1499,35.7,56,0,0,0,0,0,0
9491,M02808,M,298.1,308.9,1341,38.8,66,0,0,0,0,0,0
9492,L04812,L,302.3,312.5,1618,23.5,25,0,0,0,0,0,0
9493,L04813,L,300.8,310.8,1413,32.9,190,0,0,0,0,0,0
9494,L04814,L,298.7,310.2,1643,39.3,149,0,0,0,0,0,0
9495,M02809,M,299.6,307.3,1537,60.1,223,1,1,0,1,1,0
9496,L04815,L,298.6,308.4,1363,43.7,106,0,0,0,0,0,0
9497,L04816,L,300.1,309.0,1786,41.6,163,0,0,0,0,0,0
9498,L04817,L,298.5,306.5,1791,56.9,205,1,0,0,1,1,0
9499,H01873,H,297.9,306.7,1589,45.9,36,0,0,0,0,0,0
9500,L04818,L,301.0,311.0,1495,47.3,130,0,0,0,0,0,0
9501,M02810,M,301.3,310.6,1348,35.9,219,0,0,0,0,0,0
9502,M02811,M,299.6,310.5,1729,27.3,89,0,0,0,0,0,0
9503,M02812,M,302.7,312.5,1685,42.6,231,0,0,0,0,0,0
9504,H01874,H,299.5,309.2,1392,58.2,201,0,0,0,0,0,0
9505,L04819,L,299.4,309.1,1415,55.1,63,0,0,0,0,0,0
9506,L04820,L,301.3,311.2,1619,46.6,107,0,0,0,0,0,0
9507,L04821,L,299.7,309.3,1327,33.1,217,0,0,0,0,0,0
9508,M02813,M,300.2,309.3,1426,24.5,103,0,0,0,0,0,0
9509,L04822,L,295.0,306.0,1351,31.8,150,0,0,0,0,0,0
9510,L04823,L,300.0,309.4,1357,42.2,198,0,0,0,0,0,0
9511,M02814,M,296.3,305.9,1409,35.3,225,0,0,0,0,0,0
9512,M02815,M,297.6,308.0,1700,50.0,57,0,0,0,0,0,0
9513,L04824,L,297.3,307.6,1223,25.1,139,1,0,0,1,0,0
9514,M02816,M,297.9,307.0,1615,38.7,85,0,0,0,0,0,0
9515,M02817,M,298.9,309.7,1584,32.3,51,0,0,0,0,0,0
9516,L04825,L,299.0,309.5,1711,49.9,10,0,0,0,0,0,0
9517,L04826,L,301.3,311.5,1584,45.4,8,0,0,0,0,0,0
9518,M02818,M,300.4,310.0,1470,31.7,132,0,0,0,0,0,0
9519,M02819,M,296.2,305.8,1392,48.5,69,0,0,0,0,0,0
9520,L04827,L,300.2,310.0,1715,23.8,70,0,0,0,0,0,0
9521,L04828,L,300.6,309.4,1626,22.1,109,0,0,0,0,0,0
9522,M02820,M,299.3,309.3,1449,31.1,145,0,0,0,0,0,0
9523,H01875,H,299.9,310.8,1700,20.2,206,0,0,0,0,0,0
9524,M02821,M,300.4,311.3,1458,38.9,64,0,0,0,0,0,0
9525,L04829,L,301.5,311.1,1537,39.2,111,0,0,0,0,0,0
9526,L04830,L,296.9,308.0,1429,35.9,78,0,0,0,0,0,0
9527,H01876,H,299.5,311.4,1633,45.4,53,0,0,0,0,0,0
9528,L04831,L,303.0,312.7,1360,32.8,136,0,0,0,0,0,0
9529,H01877,H,302.8,313.5,1484,27.0,70,0,0,0,0,0,0
9530,H01878,H,301.7,309.4,1420,32.0,235,0,0,0,0,0,0
9531,L04832,L,301.1,309.8,1585,27.8,187,0,0,0,0,0,0
9532,H01879,H,303.3,313.4,1607,33.9,136,0,0,0,0,0,0
9533,L04833,L,303.8,312.8,1340,46.0,171,0,0,0,0,0,0
9534,H01880,H,299.7,311.7,1610,22.4,138,0,0,0,0,0,0
9535,L04834,L,298.1,308.7,1273,36.6,130,0,0,0,0,0,0
9536,L04835,L,299.5,310.5,1930,49.6,204,1,0,0,1,0,0
9537,M02822,M,306.2,316.2,1446,50.7,4,0,0,0,0,0,0
9538,M02823,M,296.9,305.9,1725,33.2,159,0,0,0,0,0,0
9539,L04836,L,299.1,308.6,1574,62.1,149,1,0,0,1,0,0
9540,M02824,M,297.2,307.5,1581,29.5,53,0,0,0,0,0,0
9541,L04837,L,300.2,309.6,1329,37.7,180,0,0,0,0,0,0
9542,L04838,L,297.6,308.3,1688,28.3,189,0,0,0,0,0,0
9543,L04839,L,299.8,310.5,1546,44.3,177,0,0,0,0,0,0
9544,L04840,L,296.1,306.1,1622,68.0,106,1,0,0,1,0,0
9545,L04841,L,301.2,309.4,1521,58.4,25,1,0,0,1,0,0
9546,L04842,L,302.4,314.1,1561,48.5,66,0,0,0,0,0,0
9547,L04843,L,299.2,309.0,1379,33.9,181,0,0,0,0,0,0
9548,L04844,L,299.7,312.4,1510,38.3,168,0,0,0,0,0,0
9549,L04845,L,299.7,310.4,1462,51.2,126,0,0,0,0,0,0
9550,H01881,H,300.4,310.2,1411,47.5,121,0,0,0,0,0,0
9551,L04846,L,299.9,310.3,1562,40.8,135,0,0,0,0,0,0
9552,H01882,H,301.5,309.5,1603,41.4,23,0,0,0,0,0,0
9553,M02825,M,302.5,313.5,1582,50.6,231,0,0,0,0,0,0
9554,M02826,M,298.4,311.0,1519,53.0,12,0,0,0,0,0,0
9555,M02827,M,299.4,307.3,1611,25.0,74,0,0,0,0,0,0
9556,H01883,H,301.8,311.5,1581,42.3,229,0,0,0,0,0,0
9557,L04847,L,297.2,307.1,1555,45.8,108,0,0,0,0,0,0
9558,M02828,M,296.1,307.0,1567,34.7,187,0,0,0,0,0,0
9559,M02829,M,300.5,312.6,1749,52.8,234,1,0,0,1,1,0
9560,M02830,M,301.0,311.4,1322,37.1,141,0,0,0,0,0,0
9561,H01884,H,298.6,310.7,1480,53.1,45,0,0,0,0,0,0
9562,L04848,L,298.8,309.0,1598,36.3,242,0,0,0,0,0,0
9563,M02831,M,298.5,309.0,1254,42.6,4,0,0,0,0,0,0
9564,M02832,M,298.3,308.6,1785,42.4,238,0,0,0,0,0,0
9565,L04849,L,301.4,312.6,1583,56.6,140,1,0,0,1,0,0
9566,L04850,L,297.6,307.2,1709,47.4,151,0,0,0,0,0,0
9567,M02833,M,299.5,310.3,1738,35.4,143,0,0,0,0,0,0
9568,H01885,H,298.2,307.0,1611,37.3,28,0,0,0,0,0,0
9569,L04851,L,297.1,306.8,1168,37.2,18,0,0,0,0,0,0
9570,H01886,H,301.7,311.1,1564,40.2,80,0,0,0,0,0,0
9571,L04852,L,299.0,309.1,1575,30.6,187,0,0,0,0,0,0
9572,L04853,L,300.4,310.1,1343,39.2,189,0,0,0,0,0,0
9573,L04854,L,297.0,308.1,1217,53.7,222,1,0,0,0,1,0
9574,L04855,L,298.5,307.6,1620,53.2,175,1,0,0,1,0,0
9575,L04856,L,301.5,309.8,1314,24.4,220,1,1,1,1,0,0
9576,L04857,L,305.2,313.8,1906,22.8,31,0,0,0,0,0,0
9577,M02834,M,296.0,307.0,1585,34.1,45,0,0,0,0,0,0
9578,M02835,M,299.6,308.6,1779,22.2,80,0,0,0,0,0,0
9579,L04858,L,300.8,311.2,1543,27.4,70,0,0,0,0,0,0
9580,L04859,L,298.8,308.5,1672,43.5,229,1,1,0,0,0,0
9581,L04860,L,301.7,312.5,1547,39.6,68,0,0,0,0,0,0
9582,M02836,M,298.3,308.1,1717,22.8,215,0,0,0,0,0,0
9583,L04861,L,300.3,313.1,1173,51.7,183,0,0,0,0,0,0
9584,L04862,L,299.0,310.9,1696,35.8,122,0,0,0,0,0,0
9585,H01887,H,302.4,312.1,1657,34.8,160,0,0,0,0,0,0
9586,H01888,H,298.6,308.1,1510,50.2,239,1,1,0,0,0,0
9587,L04863,L,299.3,312.4,1464,44.1,22,0,0,0,0,0,0
9588,L04864,L,301.9,310.8,1484,39.6,205,0,0,0,0,0,0
9589,L04865,L,297.9,307.8,1588,35.1,122,0,0,0,0,0,0
9590,M02837,M,300.1,310.1,1755,45.7,97,0,0,0,0,0,0
9591,M02838,M,296.4,306.4,1442,35.7,188,0,0,0,0,0,0
9592,L04866,L,297.8,306.1,1233,37.7,131,1,0,1,0,0,0
9593,M02839,M,300.8,311.3,1982,28.2,192,0,0,0,0,0,0
9594,L04867,L,298.0,307.0,1658,51.4,129,0,0,0,0,0,0
9595,L04868,L,298.9,310.3,1467,55.5,92,0,0,0,0,0,0
9596,L04869,L,301.0,309.5,1750,42.1,185,0,0,0,0,0,0
9597,L04870,L,298.8,308.9,1705,35.1,72,0,0,0,0,0,0
9598,L04871,L,301.6,309.4,1626,49.4,27,0,0,0,0,0,0
9599,L04872,L,300.4,308.2,1452,45.9,160,0,0,0,0,0,0
9600,L04873,L,300.9,310.1,1657,35.6,22,0,0,0,0,0,0
9601,L04874,L,302.5,311.8,1733,51.5,83,1,0,0,1,0,0
9602,M02840,M,300.6,312.1,1230,35.8,118,0,0,0,0,0,0
9603,L04875,L,303.1,313.1,1578,27.1,30,0,0,0,0,0,0
9604,L04876,L,301.8,313.1,1591,39.3,47,0,0,0,0,0,0
9605,M02841,M,299.0,308.6,1585,50.8,45,0,0,0,0,0,0
9606,M02842,M,302.6,313.2,1546,41.0,246,1,1,0,0,0,0
9607,H01889,H,300.5,309.8,1750,28.3,126,0,0,0,0,0,0
9608,L04877,L,299.2,308.4,1500,36.0,44,0,0,0,0,0,0
9609,L04878,L,300.6,308.8,1537,52.0,217,1,0,0,0,1,0
9610,M02843,M,302.2,312.5,1594,42.7,94,0,0,0,0,0,0
9611,M02844,M,300.9,311.2,1506,39.8,159,0,0,0,0,0,0
9612,L04879,L,303.6,314.4,1289,38.7,50,0,0,0,0,0,0
9613,H01890,H,302.2,312.4,1576,50.8,46,0,0,0,0,0,0
9614,L04880,L,301.0,313.0,1578,50.1,60,0,0,0,0,0,0
9615,H01891,H,297.9,308.1,1472,26.0,177,0,0,0,0,0,0
9616,H01892,H,299.6,310.6,1514,49.4,34,0,0,0,0,0,0
9617,M02845,M,300.1,309.8,1168,45.2,142,0,0,0,0,0,0
9618,H01893,H,301.4,310.5,1754,55.9,206,1,0,0,1,0,0
9619,M02846,M,301.3,312.0,1699,39.3,164,0,0,0,0,0,0
9620,L04881,L,300.3,310.2,1298,51.4,236,1,0,0,0,1,0
9621,L04882,L,300.2,311.0,1417,44.7,55,0,0,0,0,0,0
9622,L04883,L,301.4,311.8,1797,28.9,58,0,0,0,0,0,0
9623,L04884,L,298.3,307.5,1331,50.2,152,0,0,0,0,0,0
9624,M02847,M,303.4,314.5,1623,48.1,19,0,0,0,0,0,0
9625,L04885,L,295.9,305.0,1449,33.5,175,0,0,0,0,0,0
9626,L04886,L,302.9,313.5,1611,42.9,85,0,0,0,0,0,0
9627,M02848,M,299.9,311.2,1546,61.1,147,1,0,0,1,0,0
9628,H01894,H,302.0,311.6,1487,35.2,142,0,0,0,0,0,0
9629,L04887,L,300.7,311.9,1607,47.3,61,0,0,0,0,0,0
9630,L04888,L,300.7,311.1,1449,29.1,93,0,0,0,0,0,0
9631,L04889,L,301.1,312.0,1218,34.3,13,0,0,0,0,0,0
9632,M02849,M,301.6,310.8,1371,48.1,104,0,0,0,0,0,0
9633,L04890,L,299.3,309.5,1350,42.6,148,0,0,0,0,0,0
9634,M02850,M,302.1,310.7,1250,38.0,177,1,0,1,0,0,0
9635,L04891,L,297.8,309.5,1604,57.0,208,1,0,0,1,1,0
9636,L04892,L,300.0,308.0,1507,30.8,68,0,0,0,0,0,0
9637,H01895,H,301.7,311.3,1601,38.5,142,0,0,0,0,0,0
9638,L04893,L,302.0,311.1,1631,44.9,247,1,0,0,0,1,0
9639,L04894,L,300.9,311.6,1673,31.3,62,0,0,0,0,0,0
9640,L04895,L,299.2,311.1,1610,45.1,170,0,0,0,0,0,0
9641,L04896,L,301.8,312.5,1362,50.7,26,0,0,0,0,0,0
9642,M02851,M,298.7,311.7,1641,38.9,125,0,0,0,0,0,0
9643,L04897,L,303.5,312.1,1577,33.1,60,0,0,0,0,0,0
9644,L04898,L,299.8,308.5,1930,36.9,53,0,0,0,0,0,0
9645,L04899,L,296.9,306.0,1539,13.2,186,1,0,0,1,0,0
9646,M02852,M,297.6,307.7,1606,50.1,235,0,0,0,0,0,0
9647,M02853,M,300.1,309.1,1521,42.6,166,0,0,0,0,0,0
9648,M02854,M,300.3,309.5,1546,38.2,248,0,0,0,0,0,0
9649,M02855,M,303.9,314.5,1534,23.3,211,0,0,0,0,0,0
9650,L04900,L,297.9,306.7,1460,51.1,116,0,0,0,0,0,0
9651,L04901,L,300.1,309.0,1569,35.6,232,1,1,0,0,0,0
9652,L04902,L,297.9,307.5,1649,45.7,162,0,0,0,0,0,0
9653,L04903,L,299.0,308.7,1462,39.9,80,0,0,0,0,0,0
9654,L04904,L,303.4,314.4,1687,23.9,247,1,1,0,0,0,0
9655,M02856,M,297.7,306.8,1665,52.7,8,1,0,0,1,0,0
9656,M02857,M,301.2,310.5,1380,50.8,106,0,0,0,0,0,0
9657,H01896,H,300.8,311.4,1365,47.6,109,0,0,0,0,0,0
9658,L04905,L,300.0,310.8,1618,43.1,249,1,1,0,0,0,0
9659,M02858,M,301.0,312.4,1432,28.0,122,0,0,0,0,0,0
9660,H01897,H,297.7,308.2,1350,48.7,59,0,0,0,0,0,0
9661,M02859,M,303.3,313.4,1845,62.0,61,1,0,0,1,0,0
9662,L04906,L,303.8,314.4,1365,41.2,105,0,0,0,0,0,0
9663,L04907,L,300.1,309.8,1265,41.4,67,0,0,0,0,0,0
9664,L04908,L,304.8,314.5,1397,29.0,143,0,0,0,0,0,0
9665,L04909,L,299.2,307.4,1579,19.3,143,1,0,0,1,0,0
9666,M02860,M,300.8,311.7,1551,36.4,220,0,0,0,0,0,0
9667,L04910,L,302.9,313.1,1875,54.8,235,1,0,0,1,1,0
9668,L04911,L,299.1,309.9,1400,53.4,95,0,0,0,0,0,0
9669,M02861,M,297.2,304.4,1580,39.3,31,0,0,0,0,0,0
9670,M02862,M,296.8,306.8,1739,44.3,101,0,0,0,0,0,0
9671,L04912,L,304.1,313.2,1420,27.8,230,1,1,0,0,0,0
9672,M02863,M,298.9,310.4,1663,41.1,246,0,0,0,0,0,0
9673,L04913,L,299.6,310.2,1210,34.8,231,0,0,0,0,0,0
9674,L04914,L,297.8,308.0,1852,40.5,37,0,0,0,0,0,0
9675,L04915,L,301.9,311.5,1716,37.3,166,0,0,0,0,0,0
9676,M02864,M,298.4,308.8,1416,37.1,189,0,0,0,0,0,0
9677,H01898,H,299.0,308.1,1686,50.0,190,0,0,0,0,0,0
9678,L04916,L,300.6,310.5,1773,59.6,104,1,0,0,1,0,0
9679,M02865,M,297.9,307.3,1307,38.3,15,0,0,0,0,0,0
9680,L04917,L,299.6,311.9,1430,54.2,53,0,0,0,0,0,0
9681,M02866,M,302.8,314.3,1778,27.6,236,0,0,0,0,0,0
9682,L04918,L,300.9,312.0,1550,39.1,142,0,0,0,0,0,0
9683,L04919,L,300.3,308.8,1616,27.0,17,0,0,0,0,0,0
9684,H01899,H,300.4,311.3,1550,36.9,3,0,0,0,0,0,0
9685,M02867,M,299.2,309.4,1697,47.2,36,0,0,0,0,0,0
9686,L04920,L,304.0,315.2,1629,51.2,39,0,0,0,0,0,0
9687,L04921,L,298.4,308.7,1557,32.2,62,0,0,0,0,0,0
9688,L04922,L,300.4,310.4,1168,44.6,67,0,0,0,0,0,0
9689,L04923,L,300.2,310.4,1652,52.3,144,1,0,0,1,0,0
9690,H01900,H,302.0,310.2,1668,50.9,208,0,0,0,0,0,0
9691,H01901,H,302.2,311.4,1316,42.6,225,0,0,0,0,0,0
9692,L04924,L,299.9,310.3,1328,34.1,119,0,0,0,0,0,0
9693,L04925,L,300.6,311.7,1630,33.1,175,0,0,0,0,0,0
9694,H01902,H,300.7,310.1,1572,31.6,18,0,0,0,0,0,0
9695,L04926,L,295.5,305.5,1184,39.7,85,0,0,0,0,0,0
9696,M02868,M,296.8,305.2,1390,31.8,166,0,0,0,0,0,0
9697,L04927,L,298.8,310.3,1594,46.8,234,1,1,0,0,0,0
9698,M02869,M,298.9,310.0,1659,42.3,192,0,0,0,0,0,0
9699,M02870,M,297.6,308.3,1433,41.8,52,0,0,0,0,0,0
9700,H01903,H,301.5,311.9,1511,21.6,145,1,0,0,1,0,0
9701,M02871,M,300.0,311.6,1380,40.3,38,0,0,0,0,0,0
9702,L04928,L,299.6,308.8,1774,35.4,187,0,0,0,0,0,0
9703,M02872,M,297.5,306.6,1569,61.7,91,1,0,0,1,0,0
9704,H01904,H,299.9,311.0,1418,27.2,204,0,0,0,0,0,0
9705,L04929,L,294.7,305.7,1331,37.9,162,0,0,0,0,0,0
9706,L04930,L,299.7,308.5,1311,43.8,72,0,0,0,0,0,0
9707,L04931,L,300.1,309.6,1862,30.3,80,0,0,0,0,0,0
9708,L04932,L,300.5,312.2,1506,59.3,161,1,0,0,1,0,0
9709,L04933,L,296.9,307.3,1466,59.5,14,1,0,0,1,0,0
9710,M02873,M,300.4,311.2,1499,31.4,72,0,0,0,0,0,0
9711,L04934,L,297.9,306.7,1425,34.1,102,0,0,0,0,0,0
9712,H01905,H,298.4,309.1,1518,61.5,18,1,0,0,1,0,0
9713,L04935,L,301.4,310.0,1544,54.0,74,0,0,0,0,0,0
9714,L04936,L,304.0,312.0,1540,36.3,215,0,0,0,0,0,0
9715,L04937,L,300.1,310.8,1311,44.3,84,0,0,0,0,0,0
9716,L04938,L,298.4,309.8,1697,26.1,190,0,0,0,0,0,0
9717,L04939,L,300.4,310.1,1439,62.0,81,1,0,0,1,0,0
9718,L04940,L,301.9,311.4,1420,40.7,25,0,0,0,0,0,0
9719,L04941,L,301.2,312.9,1412,45.9,176,0,0,0,0,0,0
9720,M02874,M,305.5,315.3,1349,30.6,245,0,0,0,0,0,0
9721,M02875,M,298.6,308.5,1585,28.6,3,0,0,0,0,0,0
9722,L04942,L,300.5,312.2,1698,44.5,193,0,0,0,0,0,0
9723,M02876,M,303.1,312.7,1408,59.2,144,0,0,0,0,0,0
9724,M02877,M,303.0,312.3,1208,34.6,246,0,0,0,0,0,0
9725,L04943,L,296.1,306.9,1354,30.2,243,0,0,0,0,0,0
9726,H01906,H,300.0,309.3,1457,43.1,128,0,0,0,0,0,0
9727,H01907,H,303.0,312.9,1317,56.4,76,0,0,0,0,0,0
9728,L04944,L,305.8,314.5,1430,33.6,201,0,0,0,0,0,0
9729,L04945,L,301.4,311.6,1439,37.5,80,0,0,0,0,0,0
9730,L04946,L,299.3,309.4,1535,48.4,118,0,0,0,0,0,0
9731,L04947,L,298.0,309.0,1277,49.4,212,0,0,0,0,0,0
9732,M02878,M,304.4,315.3,1641,37.2,112,0,0,0,0,0,0
9733,L04948,L,301.5,312.1,1835,51.0,106,1,0,0,1,0,0
9734,M02879,M,298.3,308.7,1793,45.3,136,0,0,0,0,0,0
9735,M02880,M,299.6,309.5,1433,40.2,94,0,0,0,0,0,0
9736,M02881,M,300.6,311.2,1657,49.0,98,0,0,0,0,0,0
9737,M02882,M,301.1,310.0,1636,47.6,137,0,0,0,0,0,0
9738,L04949,L,298.2,305.9,1530,29.5,176,0,0,0,0,0,0
9739,L04950,L,298.8,310.0,1569,54.8,47,1,0,0,1,0,0
9740,M02883,M,296.7,307.4,1660,43.5,175,0,0,0,0,0,0
9741,L04951,L,302.1,312.0,1696,53.8,142,1,0,0,1,0,0
9742,L04952,L,299.3,310.4,1392,40.5,44,0,0,0,0,0,0
9743,H01908,H,300.9,310.2,1671,42.5,1,0,0,0,0,0,0
9744,M02884,M,302.8,312.1,1836,44.0,57,0,0,0,0,0,0
9745,L04953,L,300.4,309.6,1695,45.5,165,0,0,0,0,0,0
9746,M02885,M,299.8,310.4,1813,55.3,2,1,0,0,1,0,0
9747,M02886,M,300.4,308.8,1168,44.7,217,1,0,1,0,0,0
9748,L04954,L,300.1,309.3,1644,39.7,247,0,0,0,0,0,0
9749,L04955,L,302.5,312.8,1585,50.1,224,1,1,0,0,1,0
9750,H01909,H,300.6,309.4,1721,44.3,112,0,0,0,0,0,0
9751,L04956,L,298.9,308.2,1336,69.6,215,1,0,0,1,1,0
9752,L04957,L,302.1,309.9,1447,42.9,186,0,0,0,0,0,0
9753,L04958,L,302.5,313.1,1699,52.4,96,1,0,0,1,0,0
9754,M02887,M,297.3,306.6,1348,48.8,190,0,0,0,0,0,0
9755,L04959,L,303.1,312.0,1581,19.5,93,1,0,0,1,0,0
9756,L04960,L,300.7,309.4,1534,32.6,42,0,0,0,0,0,0
9757,L04961,L,300.6,310.2,1502,35.6,3,0,0,0,0,0,0
9758,H01910,H,302.0,310.4,1640,25.0,170,0,0,0,0,0,0
9759,L04962,L,298.9,310.8,1338,36.0,236,0,0,0,0,0,0
9760,M02888,M,301.9,309.5,1398,26.3,188,0,0,0,0,0,0
9761,H01911,H,299.2,308.7,1513,28.9,85,0,0,0,0,0,0
9762,L04963,L,297.1,307.2,1322,42.4,48,0,0,0,0,0,0
9763,H01912,H,298.0,307.2,1758,59.2,191,1,0,0,1,0,0
9764,H01913,H,301.1,311.3,1395,26.4,19,0,0,0,0,0,0
9765,H01914,H,298.1,307.3,1678,27.8,220,0,0,0,0,0,0
9766,L04964,L,303.2,314.7,1381,34.7,84,0,0,0,0,0,0
9767,M02889,M,302.4,311.3,1664,38.5,172,0,0,0,0,0,0
9768,M02890,M,302.7,310.3,1250,24.6,144,1,0,1,1,0,0
9769,H01915,H,300.2,308.9,1790,33.0,65,0,0,0,0,0,0
9770,L04965,L,300.5,310.9,1741,32.1,225,0,0,0,0,0,0
9771,M02891,M,297.6,307.5,1439,43.2,149,0,0,0,0,0,0
9772,L04966,L,302.0,312.8,1390,44.3,177,0,0,0,0,0,0
9773,L04967,L,300.8,311.3,1619,38.5,197,0,0,0,0,0,0
9774,L04968,L,301.1,310.5,1264,36.2,24,0,0,0,0,0,0
9775,M02892,M,303.4,312.9,1544,32.9,126,0,0,0,0,0,0
9776,L04969,L,298.8,308.4,1393,40.5,129,0,0,0,0,0,0
9777,M02893,M,299.7,311.6,1492,30.2,246,0,0,0,0,0,0
9778,H01916,H,300.7,311.4,1422,55.5,170,0,0,0,0,0,0
9779,L04970,L,298.1,310.0,1395,25.0,144,0,0,0,0,0,0
9780,M02894,M,299.6,310.4,1843,33.4,72,0,0,0,0,0,0
9781,L04971,L,301.0,310.9,1677,48.7,147,0,0,0,0,0,0
9782,L04972,L,299.3,308.3,1273,36.0,164,0,0,0,0,0,0
9783,M02895,M,302.6,312.8,1381,46.7,179,0,0,0,0,0,0
9784,H01917,H,297.0,306.9,1691,57.2,78,1,0,0,1,0,0
9785,M02896,M,302.2,312.1,1711,48.3,25,0,0,0,0,0,0
9786,M02897,M,301.3,311.1,1290,28.0,152,0,0,0,0,0,0
9787,L04973,L,298.9,306.8,1663,28.5,63,0,0,0,0,0,0
9788,L04974,L,298.2,309.5,1585,38.1,158,0,0,0,0,0,0
9789,M02898,M,295.8,305.7,1190,44.4,157,0,0,0,0,0,0
9790,L04975,L,298.4,307.0,1465,52.1,112,0,0,0,0,0,0
9791,L04976,L,302.1,312.6,1513,32.2,137,0,0,0,0,0,0
9792,M02899,M,299.9,309.0,1546,35.2,165,0,0,0,0,0,0
9793,L04977,L,302.3,312.9,1301,37.5,108,0,0,0,0,0,0
9794,L04978,L,298.8,309.7,1401,37.3,123,0,0,0,0,0,0
9795,M02900,M,301.4,312.4,1426,55.0,84,0,0,0,0,0,0
9796,M02901,M,298.6,308.4,1442,39.0,239,0,0,0,0,0,0
9797,H01918,H,298.1,307.7,1445,41.5,215,0,0,0,0,0,0
9798,M02902,M,299.8,309.2,1514,49.1,97,0,0,0,0,0,0
9799,L04979,L,298.7,308.0,1593,55.9,155,1,0,0,1,0,0
9800,H01919,H,296.9,306.9,1855,39.6,115,0,0,0,0,0,0
9801,M02903,M,299.6,309.4,1693,52.6,228,1,0,0,1,0,0
9802,L04980,L,300.2,309.4,1773,58.3,151,1,0,0,1,0,0
9803,L04981,L,302.5,311.4,1451,38.9,156,0,0,0,0,0,0
9804,M02904,M,301.9,311.8,1358,34.4,80,0,0,0,0,0,0
9805,M02905,M,302.4,312.0,1681,61.9,102,1,0,0,1,0,0
9806,M02906,M,301.4,310.3,1535,51.2,215,0,0,0,0,0,0
9807,M02907,M,300.7,311.5,1668,40.1,16,0,0,0,0,0,0
9808,M02908,M,297.5,309.3,1380,46.5,100,0,0,0,0,0,0
9809,H01920,H,300.3,311.3,1654,29.6,69,0,0,0,0,0,0
9810,M02909,M,301.2,310.5,1506,51.1,63,0,0,0,0,0,0
9811,L04982,L,302.9,312.8,1455,22.0,105,1,0,0,1,0,0
9812,H01921,H,301.4,312.9,1472,50.7,100,0,0,0,0,0,0
9813,L04983,L,302.5,311.3,1625,32.8,237,1,1,0,0,0,0
9814,M02910,M,297.9,308.7,1676,23.5,158,0,0,0,0,0,0
9815,H01922,H,299.3,307.9,1472,20.0,56,1,0,0,1,0,0
9816,M02911,M,300.9,312.6,1599,35.2,147,0,0,0,0,0,0
9817,M02912,M,302.3,311.9,1599,47.1,173,0,0,0,0,0,0
9818,L04984,L,299.7,311.9,1670,26.1,129,0,0,0,0,0,0
9819,L04985,L,299.8,311.5,1714,27.6,104,0,0,0,0,0,0
9820,L04986,L,301.4,311.3,1862,35.1,81,0,0,0,0,0,0
9821,M02913,M,297.7,307.0,1454,48.1,49,0,0,0,0,0,0
9822,M02914,M,303.2,313.4,1799,49.3,187,1,0,0,1,0,0
9823,M02915,M,298.2,308.0,1558,41.4,213,0,0,0,0,0,0
9824,L04987,L,296.2,305.8,1342,49.8,40,0,0,0,0,0,0
9825,L04988,L,300.0,308.3,1421,46.9,228,0,0,0,0,0,0
9826,M02916,M,303.4,312.9,1621,35.8,89,0,0,0,0,0,0
9827,L04989,L,301.2,310.1,1667,49.1,241,1,1,0,0,1,0
9828,M02917,M,301.5,312.1,1356,27.2,75,0,0,0,0,0,0
9829,M02918,M,300.1,311.1,1401,44.9,197,0,0,0,0,0,0
9830,M02919,M,299.7,310.4,1442,28.3,144,0,0,0,0,0,0
9831,L04990,L,296.9,307.2,1383,41.4,205,0,0,0,0,0,0
9832,H01923,H,295.5,304.6,1201,52.2,137,0,0,0,0,0,0
9833,L04991,L,300.4,310.6,1168,42.1,89,0,0,0,0,0,0
9834,H01924,H,302.6,313.4,1469,39.9,114,0,0,0,0,0,0
9835,L04992,L,300.7,310.1,1583,42.3,194,0,0,0,0,0,0
9836,L04993,L,301.2,311.3,1655,46.6,169,0,0,0,0,0,0
9837,H01925,H,303.2,313.1,1294,61.3,237,1,0,0,0,1,0
9838,L04994,L,300.7,312.4,1297,46.5,206,0,0,0,0,0,0
9839,M02920,M,299.8,310.7,1443,35.0,143,0,0,0,0,0,0
9840,H01926,H,298.4,309.0,1538,37.9,165,0,0,0,0,0,0
9841,H01927,H,304.0,312.3,1718,31.0,141,0,0,0,0,0,0
9842,H01928,H,301.1,311.3,1666,27.6,163,0,0,0,0,0,0
9843,L04995,L,298.1,307.9,1472,15.7,140,1,0,0,1,0,0
9844,M02921,M,297.7,307.5,1602,35.4,186,0,0,0,0,0,0
9845,L04996,L,302.5,310.9,1387,26.0,154,0,0,0,0,0,0
9846,L04997,L,297.9,306.8,1551,41.0,7,0,0,0,0,0,0
9847,H01929,H,303.7,313.6,1526,34.9,86,0,0,0,0,0,0
9848,L04998,L,294.5,305.6,1789,29.1,232,0,0,0,0,0,0
9849,M02922,M,302.8,312.2,1626,19.0,52,1,0,0,1,0,0
9850,M02923,M,301.0,310.6,1400,36.5,202,0,0,0,0,0,0
9851,M02924,M,300.2,312.0,1401,22.5,132,1,0,0,1,0,0
9852,H01930,H,299.6,309.3,1478,47.1,132,0,0,0,0,0,0
9853,L04999,L,303.8,313.7,1257,42.5,216,0,0,0,0,0,0
9854,M02925,M,301.4,311.3,1496,37.7,81,0,0,0,0,0,0
9855,H01931,H,298.2,306.9,1512,54.5,47,0,0,0,0,0,0
9856,L05000,L,296.6,307.2,1621,40.1,246,1,1,0,0,0,0
9857,L05001,L,300.4,309.7,1647,43.9,249,0,0,0,0,0,0
9858,M02926,M,300.0,310.0,1555,46.9,242,0,0,0,0,0,0
9859,L05002,L,297.0,307.4,1246,34.8,23,0,0,0,0,0,0
9860,L05003,L,299.9,311.8,1319,34.9,200,0,0,0,0,0,0
9861,H01932,H,298.9,307.6,1429,40.4,234,1,1,0,0,0,0
9862,M02927,M,300.0,310.9,1654,26.5,202,0,0,0,0,0,0
9863,H01933,H,301.5,312.4,1648,57.9,205,1,0,0,1,0,0
9864,H01934,H,303.0,312.4,1493,41.6,41,0,0,0,0,0,0
9865,M02928,M,301.8,312.4,1960,38.0,136,0,0,0,0,0,0
9866,L05004,L,298.6,310.2,1817,60.9,191,1,0,0,1,1,0
9867,L05005,L,300.7,309.9,1759,29.0,196,0,0,0,0,0,0
9868,L05006,L,300.1,310.3,1663,55.4,121,1,0,0,1,0,0
9869,H01935,H,297.3,307.7,1620,48.1,90,0,0,0,0,0,0
9870,L05007,L,300.8,311.3,1607,51.2,138,0,0,0,0,0,0
9871,L05008,L,303.7,314.5,1214,38.2,219,0,0,0,0,0,0
9872,M02929,M,300.1,310.3,1349,40.6,136,0,0,0,0,0,0
9873,L05009,L,296.8,307.3,1498,36.6,76,0,0,0,0,0,0
9874,L05010,L,300.1,309.2,1560,50.0,60,0,0,0,0,0,0
9875,M02930,M,297.6,307.8,1515,43.9,82,0,0,0,0,0,0
9876,L05011,L,301.7,311.2,1586,34.4,71,0,0,0,0,0,0
9877,L05012,L,301.0,309.8,1168,34.9,54,0,0,0,0,0,0
9878,L05013,L,299.7,309.2,1628,39.9,195,0,0,0,0,0,0
9879,M02931,M,299.3,309.6,1549,36.7,107,0,0,0,0,0,0
9880,M02932,M,299.6,310.0,1504,54.4,24,0,0,0,0,0,0
9881,L05014,L,300.0,308.7,1703,48.1,126,0,0,0,0,0,0
9882,M02933,M,298.5,307.6,1350,48.1,198,0,0,0,0,0,0
9883,L05015,L,297.2,307.9,1495,42.3,55,0,0,0,0,0,0
9884,H01936,H,302.3,312.8,1588,31.7,26,0,0,0,0,0,0
9885,L05016,L,299.2,310.1,1385,47.0,231,0,0,0,0,0,0
9886,M02934,M,300.3,311.7,1179,19.0,242,1,0,0,1,0,0
9887,H01937,H,300.6,311.1,1331,41.7,150,0,0,0,0,0,0
9888,H01938,H,300.6,310.2,1526,31.9,39,0,0,0,0,0,0
9889,L05017,L,297.7,307.8,1493,31.1,114,0,0,0,0,0,0
9890,L05018,L,296.6,308.3,1534,35.4,248,1,1,0,0,0,0
9891,M02935,M,298.8,311.6,1419,39.2,220,0,0,0,0,0,0
9892,L05019,L,300.8,311.3,1303,39.8,57,0,0,0,0,0,0
9893,H01939,H,298.5,309.0,1562,47.9,35,0,0,0,0,0,0
9894,M02936,M,299.3,310.0,1508,38.3,201,0,0,0,0,0,0
9895,M02937,M,304.3,314.3,1652,39.0,159,0,0,0,0,0,0
9896,L05020,L,296.3,307.5,1404,26.0,238,1,1,0,0,0,0
9897,M02938,M,298.5,309.5,1176,27.3,127,1,0,0,1,0,0
9898,M02939,M,303.8,314.2,1168,42.9,150,0,0,0,0,0,0
9899,H01940,H,299.9,309.6,1466,46.3,167,0,0,0,0,0,0
9900,L05021,L,298.6,307.1,1560,37.4,110,0,0,0,0,0,0
9901,L05022,L,302.3,313.0,1496,49.3,175,0,0,0,0,0,0
9902,L05023,L,300.1,310.3,1436,25.9,151,0,0,0,0,0,0
9903,L05024,L,299.3,308.6,1253,44.0,212,0,0,0,0,0,0
9904,M02940,M,300.4,309.3,1199,31.5,166,0,0,0,0,0,0
9905,H01941,H,298.7,309.4,1603,30.7,39,0,0,0,0,0,0
9906,L05025,L,298.0,306.4,1497,32.4,28,0,0,0,0,0,0
9907,H01942,H,299.8,310.1,1472,39.2,44,0,0,0,0,0,0
9908,L05026,L,298.0,308.8,1262,44.4,108,0,0,0,0,0,0
9909,L05027,L,300.0,310.5,1365,43.6,90,0,0,0,0,0,0
9910,L05028,L,300.7,310.3,1546,37.1,33,0,0,0,0,0,0
9911,L05029,L,301.7,310.5,1588,46.3,89,0,0,0,0,0,0
9912,H01943,H,302.3,312.9,1508,56.9,243,1,0,0,0,1,0
9913,L05030,L,299.2,310.4,1784,38.8,14,0,0,0,0,0,0
9914,M02941,M,301.0,310.4,1434,40.9,69,0,0,0,0,0,0
9915,L05031,L,301.0,311.5,1768,33.9,216,0,0,0,0,0,0
9916,H01944,H,300.7,312.3,1576,36.1,81,0,0,0,0,0,0
9917,L05032,L,299.0,309.3,1557,52.5,70,0,0,0,0,0,0
9918,L05033,L,297.9,307.5,1704,52.6,129,1,0,0,1,0,0
9919,L05034,L,301.0,312.0,1426,38.0,249,0,0,0,0,0,0
9920,L05035,L,296.6,305.9,1479,44.9,97,0,0,0,0,0,0
9921,L05036,L,299.5,308.2,1318,49.2,128,0,0,0,0,0,0
9922,H01945,H,294.9,305.7,1705,35.5,120,0,0,0,0,0,0
9923,M02942,M,297.3,306.9,1598,26.9,181,0,0,0,0,0,0
9924,M02943,M,298.2,307.9,1734,46.9,124,0,0,0,0,0,0
9925,M02944,M,302.2,311.6,1574,49.0,109,0,0,0,0,0,0
9926,L05037,L,301.4,310.9,1735,47.5,129,0,0,0,0,0,0
9927,L05038,L,298.9,310.3,1404,36.3,233,0,0,0,0,0,0
9928,H01946,H,301.5,313.2,1714,55.2,163,1,0,0,1,0,0
9929,H01947,H,301.8,313.6,1466,42.8,195,0,0,0,0,0,0
9930,H01948,H,299.7,310.8,1538,28.5,27,0,0,0,0,0,0
9931,H01949,H,297.2,307.7,1668,24.0,214,1,1,0,0,0,0
9932,L05039,L,299.6,308.2,1954,37.0,102,0,0,0,0,0,0
9933,L05040,L,299.8,309.6,1684,42.2,147,0,0,0,0,0,0
9934,L05041,L,297.5,309.7,1701,37.1,164,0,0,0,0,0,0
9935,L05042,L,300.7,310.3,1440,59.9,58,1,0,0,1,0,0
9936,L05043,L,300.6,312.1,1566,44.0,43,0,0,0,0,0,0
9937,L05044,L,300.9,311.0,1520,30.3,139,0,0,0,0,0,0
9938,M02945,M,300.6,307.9,1789,17.3,31,1,0,0,1,0,0
9939,H01950,H,301.5,312.1,1511,42.4,248,0,0,0,0,0,0
9940,M02946,M,299.6,310.9,1775,49.9,37,1,0,0,1,0,0
9941,H01951,H,300.4,310.4,1305,58.6,30,0,0,0,0,0,0
9942,L05045,L,299.2,310.4,1788,38.0,17,0,0,0,0,0,0
9943,L05046,L,298.8,307.1,1383,57.2,156,0,0,0,0,0,0
9944,M02947,M,302.7,311.3,1690,26.4,225,0,0,0,0,0,0
9945,L05047,L,295.9,306.1,1383,36.6,50,0,0,0,0,0,0
9946,L05048,L,301.8,312.3,1648,29.9,156,0,0,0,0,0,0
9947,L05049,L,298.8,310.2,1365,47.9,90,0,0,0,0,0,0
9948,L05050,L,298.5,309.1,1723,27.0,222,0,0,0,0,0,0
9949,M02948,M,300.5,309.3,1689,44.0,62,0,0,0,0,0,0
9950,L05051,L,297.0,307.2,1430,27.6,111,0,0,0,0,0,0
9951,M02949,M,298.4,309.0,1641,57.6,246,1,1,0,1,1,0
9952,M02950,M,298.3,306.4,1707,36.3,225,1,1,0,0,0,0
9953,L05052,L,299.6,309.6,1372,43.8,80,0,0,0,0,0,0
9954,L05053,L,298.4,308.1,1352,22.1,19,1,0,0,1,0,0
9955,L05054,L,303.2,312.5,1346,25.1,158,0,0,0,0,0,0
9956,L05055,L,303.6,314.1,1320,32.3,30,0,0,0,0,0,0
9957,M02951,M,296.0,304.9,1345,48.5,185,0,0,0,0,0,0
9958,M02952,M,301.1,311.5,1703,46.6,230,0,0,0,0,0,0
9959,M02953,M,301.7,312.3,1637,50.9,84,0,0,0,0,0,0
9960,L05056,L,301.1,312.2,1234,24.9,134,1,0,0,1,0,0
9961,M02954,M,298.7,307.6,1446,45.1,223,0,0,0,0,0,0
9962,M02955,M,299.5,308.0,1330,34.4,246,1,1,1,0,0,0
9963,L05057,L,298.5,308.8,1692,31.9,11,0,0,0,0,0,0
9964,M02956,M,299.2,308.9,1457,34.6,214,0,0,0,0,0,0
9965,L05058,L,297.6,310.5,1261,38.8,188,0,0,0,0,0,0
9966,M02957,M,299.8,310.3,1568,46.6,42,0,0,0,0,0,0
9967,M02958,M,297.0,307.1,1646,51.2,48,0,0,0,0,0,0
9968,L05059,L,299.6,309.4,1367,45.2,106,0,0,0,0,0,0
9969,M02959,M,297.5,306.3,1490,46.3,39,0,0,0,0,0,0
9970,L05060,L,300.4,311.0,1376,58.2,197,1,0,0,0,1,0
9971,L05061,L,298.6,308.5,1760,47.0,159,0,0,0,0,0,0
9972,H01952,H,300.6,310.5,1460,37.9,190,0,0,0,0,0,0
9973,H01953,H,302.2,312.3,1408,45.8,229,1,1,0,0,0,0
9974,L05062,L,303.2,313.4,1528,57.1,14,1,0,0,1,0,0
9975,L05063,L,294.9,303.2,1500,31.3,89,0,0,0,0,0,0
9976,L05064,L,298.3,309.1,1661,35.7,211,0,0,0,0,0,0
9977,L05065,L,299.4,308.6,1755,54.5,11,1,0,0,1,0,0
9978,H01954,H,300.9,310.8,1757,37.1,232,0,0,0,0,0,0
9979,H01955,H,296.7,308.0,1469,47.6,236,0,0,0,0,0,0
9980,M02960,M,298.0,309.8,1592,52.9,110,0,0,0,0,0,0
9981,L05066,L,300.3,308.6,1804,27.4,238,1,1,0,0,0,0
9982,M02961,M,300.2,310.2,1811,35.9,153,0,0,0,0,0,0
9983,L05067,L,300.8,311.1,1381,52.0,157,0,0,0,0,0,0
9984,H01956,H,300.9,309.4,1644,38.7,92,0,0,0,0,0,0
9985,H01957,H,300.7,311.5,1613,19.8,157,1,0,0,1,0,0
9986,M02962,M,300.4,310.5,1703,34.9,76,0,0,0,0,0,0
9987,L05068,L,300.1,310.3,1760,47.9,232,1,0,0,0,1,0
9988,L05069,L,301.3,310.4,1351,52.8,189,0,0,0,0,0,0
9989,L05070,L,295.5,305.9,1414,40.5,170,0,0,0,0,0,0
9990,H01958,H,303.1,313.9,1700,44.8,21,0,0,0,0,0,0
9991,L05071,L,295.6,305.7,1564,36.3,234,0,0,0,0,0,0
9992,L05072,L,297.8,307.3,1168,49.0,232,1,1,0,0,1,0
9993,L05073,L,299.5,309.1,1239,54.3,16,0,0,0,0,0,0
9994,H01959,H,301.3,311.5,1656,47.7,150,0,0,0,0,0,0
9995,L05074,L,294.0,304.0,1688,38.8,24,0,0,0,0,0,0
9996,H01960,H,299.9,310.8,1296,44.3,244,0,0,0,0,0,0
9997,H01961,H,301.6,311.1,1734,49.5,69,0,0,0,0,0,0
9998,H01962,H,302.0,310.8,1502,40.3,245,1,1,0,0,0,0
9999,L05075,L,298.6,309.0,1354,48.0,36,0,0,0,0,0,0
10000,L05076,L,299.4,308.9,1437,43.7,217,0,0,0,0,0,0
